$date
	Sun Feb 01 17:03:00 2026
$end
$version
	Icarus Verilog
$end
$timescale
	1ps
$end
$scope module procesador_tb $end
$var wire 8 ! PORTD [7:0] $end
$var wire 8 " PORTC [7:0] $end
$var wire 8 # PORTB [7:0] $end
$var reg 8 $ PINB [7:0] $end
$var reg 8 % PINC [7:0] $end
$var reg 8 & PIND [7:0] $end
$var reg 1 ' clock $end
$var reg 1 ( reset $end
$scope module uut $end
$var wire 8 ) PINB [7:0] $end
$var wire 8 * PINC [7:0] $end
$var wire 8 + PIND [7:0] $end
$var wire 1 ' clock $end
$var wire 1 ( reset $end
$var wire 1 , wire_ramWE $end
$var wire 7 - wire_newPC [6:0] $end
$var wire 1 . wire_loadPC $end
$var wire 7 / wire_k [6:0] $end
$var wire 16 0 wire_instruction [15:0] $end
$var wire 16 1 wire_instrReg [15:0] $end
$var wire 1 2 wire_instrEN $end
$var wire 8 3 wire_address2 [7:0] $end
$var wire 8 4 wire_address1 [7:0] $end
$var wire 1 5 wire_Z_flag $end
$var wire 1 6 wire_Z_decode $end
$var wire 1 7 wire_S $end
$var wire 8 8 wire_RrK_to_ALU [7:0] $end
$var wire 8 9 wire_RrK_from_RAM [7:0] $end
$var wire 8 : wire_Rd [7:0] $end
$var wire 1 ; wire_PCinstr $end
$var wire 7 < wire_PC_count [6:0] $end
$var wire 8 = wire_K [7:0] $end
$var wire 3 > wire_F [2:0] $end
$var wire 1 ? wire_C_flag $end
$var wire 1 @ wire_C_decode $end
$var wire 8 A wire_ALU_result [7:0] $end
$var wire 8 B PORTD [7:0] $end
$var wire 8 C PORTC [7:0] $end
$var wire 8 D PORTB [7:0] $end
$scope module arithmetic_logic_unit $end
$var wire 8 E RrK [7:0] $end
$var wire 8 F Rd [7:0] $end
$var wire 3 G F [2:0] $end
$var parameter 3 H _and $end
$var parameter 3 I _or $end
$var parameter 3 J _passRd $end
$var parameter 3 K _passRrk $end
$var parameter 3 L _resta $end
$var parameter 3 M _suma $end
$var parameter 3 N _xor $end
$var reg 1 ? C $end
$var reg 8 O Y [7:0] $end
$var reg 1 5 Z $end
$var reg 9 P temp_result [8:0] $end
$upscope $end
$scope module data_memory $end
$var wire 1 ? C $end
$var wire 8 Q PINB [7:0] $end
$var wire 8 R PINC [7:0] $end
$var wire 8 S PIND [7:0] $end
$var wire 8 T PORTB [7:0] $end
$var wire 8 U PORTC [7:0] $end
$var wire 8 V PORTD [7:0] $end
$var wire 1 5 Z $end
$var wire 1 ' clock $end
$var wire 8 W data1 [7:0] $end
$var wire 8 X data2 [7:0] $end
$var wire 8 Y regWrite [7:0] $end
$var wire 8 Z address2 [7:0] $end
$var wire 8 [ address1 [7:0] $end
$var wire 1 6 Z_decode $end
$var wire 1 , WE $end
$var wire 1 @ C_decode $end
$upscope $end
$scope module instruction_decoder $end
$var wire 1 @ C_decode $end
$var wire 3 \ F [2:0] $end
$var wire 1 ; PCinstr $end
$var wire 1 6 Z_decode $end
$var wire 8 ] address1 [7:0] $end
$var wire 8 ^ address2 [7:0] $end
$var wire 1 2 instrEN $end
$var wire 7 _ k [6:0] $end
$var wire 1 . loadPC $end
$var wire 1 , ramWE $end
$var wire 4 ` instruction [3:0] $end
$var wire 16 a instrReg [15:0] $end
$var wire 1 7 S $end
$var wire 8 b K [7:0] $end
$var parameter 3 c _and $end
$var parameter 3 d _or $end
$var parameter 3 e _pasaRd $end
$var parameter 3 f _pasaRrk $end
$var parameter 3 g _resta $end
$var parameter 3 h _suma $end
$var parameter 3 i _xor $end
$var reg 3 j _F [2:0] $end
$var reg 8 k _K [7:0] $end
$var reg 1 l _PCinstr $end
$var reg 1 7 _S $end
$var reg 8 m _address1 [7:0] $end
$var reg 8 n _address2 [7:0] $end
$var reg 1 o _instrEN $end
$var reg 7 p _k [6:0] $end
$var reg 1 q _loadPC $end
$var reg 1 r _ramWE $end
$upscope $end
$scope module instruction_reg $end
$var wire 1 ' clock $end
$var wire 1 2 enable $end
$var wire 1 ( reset $end
$var wire 16 s A [15:0] $end
$var reg 16 t Q [15:0] $end
$var reg 1 u delay $end
$upscope $end
$scope module mux_alu $end
$var wire 1 7 S $end
$var wire 8 v _0 [7:0] $end
$var wire 8 w _1 [7:0] $end
$var wire 8 x Y [7:0] $end
$upscope $end
$scope module pc_arithmetic $end
$var wire 1 ; instruction $end
$var wire 7 y k [6:0] $end
$var wire 7 z newPC [6:0] $end
$var wire 7 { PC_count [6:0] $end
$var reg 7 | _newPC [6:0] $end
$var reg 7 } neg_k [6:0] $end
$upscope $end
$scope module program_counter $end
$var wire 1 ' clock $end
$var wire 1 . load $end
$var wire 7 ~ loadValue [6:0] $end
$var wire 1 ( reset $end
$var reg 7 !" count [6:0] $end
$var reg 1 "" delay $end
$upscope $end
$scope module program_memory $end
$var wire 7 #" address [6:0] $end
$var wire 16 $" data [15:0] $end
$upscope $end
$upscope $end
$upscope $end
$scope module procesador_tb $end
$scope module uut $end
$scope module data_memory $end
$var reg 8 %" \mem[16] [7:0] $end
$upscope $end
$upscope $end
$upscope $end
$scope module procesador_tb $end
$scope module uut $end
$scope module data_memory $end
$var reg 8 &" \mem[17] [7:0] $end
$upscope $end
$upscope $end
$upscope $end
$scope module procesador_tb $end
$scope module uut $end
$scope module data_memory $end
$var reg 8 '" \mem[18] [7:0] $end
$upscope $end
$upscope $end
$upscope $end
$scope module procesador_tb $end
$scope module uut $end
$scope module data_memory $end
$var reg 8 (" \mem[95] [7:0] $end
$upscope $end
$upscope $end
$upscope $end
$enddefinitions $end
$comment Show the parameter values. $end
$dumpall
b100 i
b1 h
b11 g
b0 f
b101 e
b110 d
b10 c
b100 N
b1 M
b11 L
b0 K
b101 J
b110 I
b10 H
$end
#0
$dumpvars
b0x0 ("
bx '"
bx &"
bx %"
bx $"
bx #"
x""
bx !"
bx ~
bx }
bx |
bx {
bx z
b0 y
bx x
bx w
bx v
0u
bx t
bx s
0r
0q
b0 p
0o
b0 n
b0 m
0l
bx k
b0 j
bx b
bx a
bx `
b0 _
b0 ^
b0 ]
b0 \
b0 [
b0 Z
bx Y
bx X
bx W
bx V
bx U
bx T
b0 S
b0 R
b0 Q
b0xxxxxxxx P
bx O
b0 G
bx F
bx E
bx D
bx C
bx B
bx A
0@
0?
b0 >
bx =
bx <
0;
bx :
bx 9
bx 8
07
x6
x5
b0 4
b0 3
02
bx 1
bx 0
b0 /
0.
bx -
0,
b0 +
b0 *
b0 )
0(
1'
b0 &
b0 %
b0 $
bx #
bx "
bx !
$end
#5000
x?
bx P
b0 `
b0 =
b0 b
b0 k
b0 v
b1 >
b1 G
b1 \
b1 j
12
1o
1,
1r
17
b0 -
b0 z
b0 ~
b0 |
b0 1
b0 a
b0 t
0""
b1001000001010000 0
b1001000001010000 s
b1001000001010000 $"
b0 <
b0 {
b0 !"
b0 #"
1(
#10000
0'
#20000
x@
b0xx ("
1'
#30000
0'
#40000
b0xx ("
1'
#45000
0(
#50000
0'
#60000
0?
15
b0 A
b0 O
b0 Y
b0 P
b0 8
b0 E
b0 x
b1 -
b1 z
b1 ~
b1 |
b1001 `
b10101 4
b10101 [
b10101 ]
b10101 m
b0 >
b0 G
b0 \
b0 j
07
b0xx ("
b1000000101000110 0
b1000000101000110 s
b1000000101000110 $"
b1 <
b1 {
b1 !"
b1 #"
b1001000001010000 1
b1001000001010000 a
b1001000001010000 t
1'
#70000
0'
#80000
b111010 }
16
0@
b1000 `
b0 9
b0 X
b0 w
b100110 3
b100110 Z
b100110 ^
b100110 n
b10100 4
b10100 [
b10100 ]
b10100 m
b10110 =
b10110 b
b10110 k
b10110 v
b1000110 /
b1000110 _
b1000110 y
b1000110 p
17
b1001000 -
b1001000 z
b1001000 ~
b1001000 |
b10 ("
bx :
bx F
bx W
b1000000101000110 1
b1000000101000110 a
b1000000101000110 t
b100000001000001 0
b100000001000001 s
b100000001000001 $"
b10 <
b10 {
b10 !"
b10 #"
1'
#90000
0'
#100000
b1 8
b1 E
b1 x
b11 -
b11 z
b11 ~
b11 |
b100 `
bx 9
bx X
bx w
b0 3
b0 Z
b0 ^
b0 n
b1 =
b1 b
b1 k
b1 v
b0 /
b0 _
b0 y
b0 p
b10 >
b10 G
b10 \
b10 j
07
b10 ("
b0 :
b0 F
b0 W
b110000001000000 0
b110000001000000 s
b110000001000000 $"
b11 <
b11 {
b11 !"
b11 #"
b100000001000001 1
b100000001000001 a
b100000001000001 t
1'
#105000
b1 %
b1 *
b1 R
#110000
0'
#120000
b0 8
b0 E
b0 x
0?
15
b0 A
b0 O
b0 Y
b0 P
b110 `
b0 =
b0 b
b0 k
b0 v
b11 >
b11 G
b11 \
b11 j
0,
0r
b100 -
b100 z
b100 ~
b100 |
b10 ("
b110000001000000 1
b110000001000000 a
b110000001000000 t
b101000000001001 0
b101000000001001 s
b101000000001001 $"
b100 <
b100 {
b100 !"
b100 #"
1'
#130000
0'
#140000
05
b1001 A
b1001 O
b1001 Y
b1001 P
b1001 8
b1001 E
b1001 x
b110 -
b110 z
b110 ~
b110 |
b101 `
bx :
bx F
bx W
b0 4
b0 [
b0 ]
b0 m
b1001 =
b1001 b
b1001 k
b1001 v
b1 /
b1 _
b1 y
b1 p
b0 >
b0 G
b0 \
b0 j
02
0o
1.
1q
b10 ("
b111000000001000 0
b111000000001000 s
b111000000001000 $"
b101 <
b101 {
b101 !"
b101 #"
b101000000001001 1
b101000000001001 a
b101000000001001 t
1'
#150000
0'
#160000
06
b111 -
b111 z
b111 ~
b111 |
b0 ("
1u
1""
b1100000101011011 0
b1100000101011011 s
b1100000101011011 $"
b110 <
b110 {
b110 !"
b110 #"
1'
#170000
0'
#180000
15
b0 A
b0 O
b0 Y
b0 P
b0 8
b0 E
b0 x
b1100 `
b0 9
b0 X
b0 w
b10101 3
b10101 Z
b10101 ^
b10101 n
b101011 4
b101011 [
b101011 ]
b101011 m
b11011 =
b11011 b
b11011 k
b11011 v
b0 /
b0 _
b0 y
b0 p
12
1o
0.
0q
1,
1r
17
b0 ("
0""
b111000000000001 0
b111000000000001 s
b111000000000001 $"
b111 <
b111 {
b111 !"
b111 #"
0u
b1100000101011011 1
b1100000101011011 a
b1100000101011011 t
1'
#190000
0'
#200000
05
b1 A
b1 O
b1 Y
b1 P
b1 8
b1 E
b1 x
16
b111 `
bx 9
bx X
bx w
b0 3
b0 Z
b0 ^
b0 n
b0 4
b0 [
b0 ]
b0 m
b1 =
b1 b
b1 k
b1 v
b1 /
b1 _
b1 y
b1 p
02
0o
1;
1l
1.
1q
0,
0r
07
b1 -
b1 z
b1 ~
b1 |
b10 ("
bx :
bx F
bx W
b0 !
b0 B
b0 V
b111000000000001 1
b111000000000001 a
b111000000000001 t
b1000000100100011 0
b1000000100100011 s
b1000000100100011 $"
b1000 <
b1000 {
b1000 !"
b1000 #"
1'
#210000
0'
#220000
06
b0 ("
1""
b1000000101000110 0
b1000000101000110 s
b1000000101000110 $"
b1 <
b1 {
b1 !"
b1 #"
1u
1'
#230000
0'
#240000
b1 -
b1 z
b1 ~
b1 |
b1000 `
b1 9
b1 X
b1 w
b100110 3
b100110 Z
b100110 ^
b100110 n
b0 :
b0 F
b0 W
b10100 4
b10100 [
b10100 ]
b10100 m
b10110 =
b10110 b
b10110 k
b10110 v
b1000110 /
b1000110 _
b1000110 y
b1000110 p
12
1o
0;
0l
0.
0q
1,
1r
17
b0 ("
0u
b1000000101000110 1
b1000000101000110 a
b1000000101000110 t
0""
b100000001000001 0
b100000001000001 s
b100000001000001 $"
b10 <
b10 {
b10 !"
b10 #"
1'
#250000
0'
#260000
b11 -
b11 z
b11 ~
b11 |
b100 `
bx 9
bx X
bx w
b0 3
b0 Z
b0 ^
b0 n
b1 =
b1 b
b1 k
b1 v
b0 /
b0 _
b0 y
b0 p
b10 >
b10 G
b10 \
b10 j
07
b0 ("
b1 :
b1 F
b1 W
b110000001000000 0
b110000001000000 s
b110000001000000 $"
b11 <
b11 {
b11 !"
b11 #"
b100000001000001 1
b100000001000001 a
b100000001000001 t
1'
#270000
0'
#280000
b0 8
b0 E
b0 x
05
b1 A
b1 O
b1 Y
b1 P
b110 `
b0 =
b0 b
b0 k
b0 v
b11 >
b11 G
b11 \
b11 j
0,
0r
b100 -
b100 z
b100 ~
b100 |
b0 ("
b110000001000000 1
b110000001000000 a
b110000001000000 t
b101000000001001 0
b101000000001001 s
b101000000001001 $"
b100 <
b100 {
b100 !"
b100 #"
1'
#290000
0'
#300000
b101 -
b101 z
b101 ~
b101 |
b101 `
b0 ("
b111000000001000 0
b111000000001000 s
b111000000001000 $"
b101 <
b101 {
b101 !"
b101 #"
b101000000001001 1
b101000000001001 a
b101000000001001 t
1'
#310000
0'
#320000
b1000 8
b1000 E
b1000 x
05
b1000 A
b1000 O
b1000 Y
b1000 P
b111 `
bx :
bx F
bx W
b0 4
b0 [
b0 ]
b0 m
b1000 =
b1000 b
b1000 k
b1000 v
b1000 /
b1000 _
b1000 y
b1000 p
b0 >
b0 G
b0 \
b0 j
02
0o
1;
1l
1.
1q
b1000 -
b1000 z
b1000 ~
b1000 |
b0 ("
b111000000001000 1
b111000000001000 a
b111000000001000 t
b1100000101011011 0
b1100000101011011 s
b1100000101011011 $"
b110 <
b110 {
b110 !"
b110 #"
1'
#330000
0'
#340000
b0 ("
1""
b1000000100100011 0
b1000000100100011 s
b1000000100100011 $"
b1000 <
b1000 {
b1000 !"
b1000 #"
1u
1'
#350000
0'
#360000
15
b0 A
b0 O
b0 Y
b0 P
b1000 -
b1000 z
b1000 ~
b1000 |
b0 8
b0 E
b0 x
b1000 `
b0 9
b0 X
b0 w
b100011 3
b100011 Z
b100011 ^
b100011 n
b10010 4
b10010 [
b10010 ]
b10010 m
b10011 =
b10011 b
b10011 k
b10011 v
b100011 /
b100011 _
b100011 y
b100011 p
12
1o
0;
0l
0.
0q
1,
1r
17
b0 ("
0u
b1000000100100011 1
b1000000100100011 a
b1000000100100011 t
0""
b100000000101111 0
b100000000101111 s
b100000000101111 $"
b1001 <
b1001 {
b1001 !"
b1001 #"
1'
#370000
0'
#380000
b1111 8
b1111 E
b1111 x
16
b1010 -
b1010 z
b1010 ~
b1010 |
b100 `
bx 9
bx X
bx w
b0 3
b0 Z
b0 ^
b0 n
b1111 =
b1111 b
b1111 k
b1111 v
b0 /
b0 _
b0 y
b0 p
b10 >
b10 G
b10 \
b10 j
07
b10 ("
b0 '"
b0 :
b0 F
b0 W
b110000000100000 0
b110000000100000 s
b110000000100000 $"
b1010 <
b1010 {
b1010 !"
b1010 #"
b100000000101111 1
b100000000101111 a
b100000000101111 t
1'
#390000
0'
#400000
b0 8
b0 E
b0 x
0?
15
b0 A
b0 O
b0 Y
b0 P
b110 `
b0 =
b0 b
b0 k
b0 v
b11 >
b11 G
b11 \
b11 j
0,
0r
b1011 -
b1011 z
b1011 ~
b1011 |
b10 ("
b0 '"
b110000000100000 1
b110000000100000 a
b110000000100000 t
b101000011111001 0
b101000011111001 s
b101000011111001 $"
b1011 <
b1011 {
b1011 !"
b1011 #"
1'
#410000
0'
#420000
05
b1001 A
b1001 O
b1001 Y
b1001 P
b1001 8
b1001 E
b1001 x
b101011 -
b101011 z
b101011 ~
b101011 |
b101 `
bx :
bx F
bx W
b0 4
b0 [
b0 ]
b0 m
b1001 =
b1001 b
b1001 k
b1001 v
b11111 /
b11111 _
b11111 y
b11111 p
b0 >
b0 G
b0 \
b0 j
02
0o
1.
1q
b10 ("
b110000000100001 0
b110000000100001 s
b110000000100001 $"
b1100 <
b1100 {
b1100 !"
b1100 #"
b101000011111001 1
b101000011111001 a
b101000011111001 t
1'
#430000
0'
#440000
06
b1001010 -
b1001010 z
b1001010 ~
b1001010 |
b0 ("
1u
1""
b1001001100001111 0
b1001001100001111 s
b1001001100001111 $"
b101011 <
b101011 {
b101011 !"
b101011 #"
1'
#450000
0'
#460000
b111111 A
b111111 O
b111111 Y
b111111 P
b111111 8
b111111 E
b111111 x
b101100 -
b101100 z
b101100 ~
b101100 |
b1001 `
b10000 4
b10000 [
b10000 ]
b10000 m
b111111 =
b111111 b
b111111 k
b111111 v
b0 /
b0 _
b0 y
b0 p
12
1o
0.
0q
1,
1r
b0 ("
0""
b1100000100001011 0
b1100000100001011 s
b1100000100001011 $"
b101100 <
b101100 {
b101100 !"
b101100 #"
0u
b1001001100001111 1
b1001001100001111 a
b1001001100001111 t
1'
#470000
0'
#480000
b1100 `
b111111 9
b111111 X
b111111 w
b10000 3
b10000 Z
b10000 ^
b10000 n
b101011 4
b101011 [
b101011 ]
b101011 m
b11011 =
b11011 b
b11011 k
b11011 v
17
b101101 -
b101101 z
b101101 ~
b101101 |
b0 ("
b111111 %"
b0 :
b0 F
b0 W
b1100000100001011 1
b1100000100001011 a
b1100000100001011 t
b111000000000001 0
b111000000000001 s
b111000000000001 $"
b101101 <
b101101 {
b101101 !"
b101101 #"
1'
#490000
0'
#500000
b1 -
b1 z
b1 ~
b1 |
b1 A
b1 O
b1 Y
b1 P
b1 8
b1 E
b1 x
b111 `
bx 9
bx X
bx w
b0 3
b0 Z
b0 ^
b0 n
b0 4
b0 [
b0 ]
b0 m
b1 =
b1 b
b1 k
b1 v
b1 /
b1 _
b1 y
b1 p
02
0o
1;
1l
1.
1q
0,
0r
07
b0 ("
bx :
bx F
bx W
b111111 !
b111111 B
b111111 V
b1001000000000110 0
b1001000000000110 s
b1001000000000110 $"
b101110 <
b101110 {
b101110 !"
b101110 #"
b111000000000001 1
b111000000000001 a
b111000000000001 t
1'
#510000
0'
#520000
b0 ("
1u
1""
b1000000101000110 0
b1000000101000110 s
b1000000101000110 $"
b1 <
b1 {
b1 !"
b1 #"
1'
#530000
0'
#540000
b1001000 -
b1001000 z
b1001000 ~
b1001000 |
b1000 `
b1 9
b1 X
b1 w
b100110 3
b100110 Z
b100110 ^
b100110 n
b1 :
b1 F
b1 W
b10100 4
b10100 [
b10100 ]
b10100 m
b10110 =
b10110 b
b10110 k
b10110 v
b1000110 /
b1000110 _
b1000110 y
b1000110 p
12
1o
0;
0l
0.
0q
1,
1r
17
b0 ("
0""
b100000001000001 0
b100000001000001 s
b100000001000001 $"
b10 <
b10 {
b10 !"
b10 #"
0u
b1000000101000110 1
b1000000101000110 a
b1000000101000110 t
1'
#550000
0'
#560000
b100 `
bx 9
bx X
bx w
b0 3
b0 Z
b0 ^
b0 n
b1 =
b1 b
b1 k
b1 v
b0 /
b0 _
b0 y
b0 p
b10 >
b10 G
b10 \
b10 j
07
b11 -
b11 z
b11 ~
b11 |
b0 ("
b100000001000001 1
b100000001000001 a
b100000001000001 t
b110000001000000 0
b110000001000000 s
b110000001000000 $"
b11 <
b11 {
b11 !"
b11 #"
1'
#570000
0'
#580000
b0 8
b0 E
b0 x
05
b1 A
b1 O
b1 Y
b1 P
b100 -
b100 z
b100 ~
b100 |
b110 `
b0 =
b0 b
b0 k
b0 v
b11 >
b11 G
b11 \
b11 j
0,
0r
b0 ("
b101000000001001 0
b101000000001001 s
b101000000001001 $"
b100 <
b100 {
b100 !"
b100 #"
b110000001000000 1
b110000001000000 a
b110000001000000 t
1'
#590000
0'
#600000
b101 `
b101 -
b101 z
b101 ~
b101 |
b0 ("
b101000000001001 1
b101000000001001 a
b101000000001001 t
b111000000001000 0
b111000000001000 s
b111000000001000 $"
b101 <
b101 {
b101 !"
b101 #"
1'
#610000
0'
#620000
b1000 -
b1000 z
b1000 ~
b1000 |
b1000 8
b1000 E
b1000 x
05
b1000 A
b1000 O
b1000 Y
b1000 P
b111 `
bx :
bx F
bx W
b0 4
b0 [
b0 ]
b0 m
b1000 =
b1000 b
b1000 k
b1000 v
b1000 /
b1000 _
b1000 y
b1000 p
b0 >
b0 G
b0 \
b0 j
02
0o
1;
1l
1.
1q
b0 ("
b1100000101011011 0
b1100000101011011 s
b1100000101011011 $"
b110 <
b110 {
b110 !"
b110 #"
b111000000001000 1
b111000000001000 a
b111000000001000 t
1'
#630000
0'
#640000
b0 ("
1u
1""
b1000000100100011 0
b1000000100100011 s
b1000000100100011 $"
b1000 <
b1000 {
b1000 !"
b1000 #"
1'
#650000
0'
#660000
15
b0 A
b0 O
b0 Y
b0 P
b0 8
b0 E
b0 x
b101100 -
b101100 z
b101100 ~
b101100 |
b1000 `
b0 9
b0 X
b0 w
b100011 3
b100011 Z
b100011 ^
b100011 n
b0 :
b0 F
b0 W
b10010 4
b10010 [
b10010 ]
b10010 m
b10011 =
b10011 b
b10011 k
b10011 v
b100011 /
b100011 _
b100011 y
b100011 p
12
1o
0;
0l
0.
0q
1,
1r
17
b0 ("
0""
b100000000101111 0
b100000000101111 s
b100000000101111 $"
b1001 <
b1001 {
b1001 !"
b1001 #"
0u
b1000000100100011 1
b1000000100100011 a
b1000000100100011 t
1'
#670000
0'
#680000
b1111 8
b1111 E
b1111 x
16
b100 `
bx 9
bx X
bx w
b0 3
b0 Z
b0 ^
b0 n
b1111 =
b1111 b
b1111 k
b1111 v
b0 /
b0 _
b0 y
b0 p
b10 >
b10 G
b10 \
b10 j
07
b1010 -
b1010 z
b1010 ~
b1010 |
b10 ("
b0 '"
b100000000101111 1
b100000000101111 a
b100000000101111 t
b110000000100000 0
b110000000100000 s
b110000000100000 $"
b1010 <
b1010 {
b1010 !"
b1010 #"
1'
#690000
0'
#700000
b0 8
b0 E
b0 x
0?
15
b0 A
b0 O
b0 Y
b0 P
b1011 -
b1011 z
b1011 ~
b1011 |
b110 `
b0 =
b0 b
b0 k
b0 v
b11 >
b11 G
b11 \
b11 j
0,
0r
b10 ("
b0 '"
b101000011111001 0
b101000011111001 s
b101000011111001 $"
b1011 <
b1011 {
b1011 !"
b1011 #"
b110000000100000 1
b110000000100000 a
b110000000100000 t
1'
#710000
0'
#720000
05
b1001 A
b1001 O
b1001 Y
b1001 P
b1001 8
b1001 E
b1001 x
b101 `
bx :
bx F
bx W
b0 4
b0 [
b0 ]
b0 m
b1001 =
b1001 b
b1001 k
b1001 v
b11111 /
b11111 _
b11111 y
b11111 p
b0 >
b0 G
b0 \
b0 j
02
0o
1.
1q
b101011 -
b101011 z
b101011 ~
b101011 |
b10 ("
b101000011111001 1
b101000011111001 a
b101000011111001 t
b110000000100001 0
b110000000100001 s
b110000000100001 $"
b1100 <
b1100 {
b1100 !"
b1100 #"
1'
#730000
0'
#740000
06
b1001010 -
b1001010 z
b1001010 ~
b1001010 |
b0 ("
1""
b1001001100001111 0
b1001001100001111 s
b1001001100001111 $"
b101011 <
b101011 {
b101011 !"
b101011 #"
1u
1'
#750000
0'
#760000
b111111 A
b111111 O
b111111 Y
b111111 P
b111111 8
b111111 E
b111111 x
b1001 `
b111111 :
b111111 F
b111111 W
b10000 4
b10000 [
b10000 ]
b10000 m
b111111 =
b111111 b
b111111 k
b111111 v
b0 /
b0 _
b0 y
b0 p
12
1o
0.
0q
1,
1r
b101100 -
b101100 z
b101100 ~
b101100 |
b0 ("
0u
b1001001100001111 1
b1001001100001111 a
b1001001100001111 t
0""
b1100000100001011 0
b1100000100001011 s
b1100000100001011 $"
b101100 <
b101100 {
b101100 !"
b101100 #"
1'
#770000
0'
#780000
b101101 -
b101101 z
b101101 ~
b101101 |
b1100 `
b111111 9
b111111 X
b111111 w
b10000 3
b10000 Z
b10000 ^
b10000 n
b101011 4
b101011 [
b101011 ]
b101011 m
b11011 =
b11011 b
b11011 k
b11011 v
17
b0 ("
b111111 %"
b111000000000001 0
b111000000000001 s
b111000000000001 $"
b101101 <
b101101 {
b101101 !"
b101101 #"
b1100000100001011 1
b1100000100001011 a
b1100000100001011 t
1'
#790000
0'
#800000
b1 A
b1 O
b1 Y
b1 P
b1 8
b1 E
b1 x
b111 `
bx 9
bx X
bx w
b0 3
b0 Z
b0 ^
b0 n
bx :
bx F
bx W
b0 4
b0 [
b0 ]
b0 m
b1 =
b1 b
b1 k
b1 v
b1 /
b1 _
b1 y
b1 p
02
0o
1;
1l
1.
1q
0,
0r
07
b1 -
b1 z
b1 ~
b1 |
b0 ("
b111000000000001 1
b111000000000001 a
b111000000000001 t
b1001000000000110 0
b1001000000000110 s
b1001000000000110 $"
b101110 <
b101110 {
b101110 !"
b101110 #"
1'
#810000
0'
#820000
b0 ("
1""
b1000000101000110 0
b1000000101000110 s
b1000000101000110 $"
b1 <
b1 {
b1 !"
b1 #"
1u
1'
#830000
0'
#840000
b1 -
b1 z
b1 ~
b1 |
b1000 `
b1 9
b1 X
b1 w
b100110 3
b100110 Z
b100110 ^
b100110 n
b1 :
b1 F
b1 W
b10100 4
b10100 [
b10100 ]
b10100 m
b10110 =
b10110 b
b10110 k
b10110 v
b1000110 /
b1000110 _
b1000110 y
b1000110 p
12
1o
0;
0l
0.
0q
1,
1r
17
b0 ("
0u
b1000000101000110 1
b1000000101000110 a
b1000000101000110 t
0""
b100000001000001 0
b100000001000001 s
b100000001000001 $"
b10 <
b10 {
b10 !"
b10 #"
1'
#850000
0'
#860000
b11 -
b11 z
b11 ~
b11 |
b100 `
bx 9
bx X
bx w
b0 3
b0 Z
b0 ^
b0 n
b1 =
b1 b
b1 k
b1 v
b0 /
b0 _
b0 y
b0 p
b10 >
b10 G
b10 \
b10 j
07
b0 ("
b110000001000000 0
b110000001000000 s
b110000001000000 $"
b11 <
b11 {
b11 !"
b11 #"
b100000001000001 1
b100000001000001 a
b100000001000001 t
1'
#870000
0'
#880000
b0 8
b0 E
b0 x
05
b1 A
b1 O
b1 Y
b1 P
b110 `
b0 =
b0 b
b0 k
b0 v
b11 >
b11 G
b11 \
b11 j
0,
0r
b100 -
b100 z
b100 ~
b100 |
b0 ("
b110000001000000 1
b110000001000000 a
b110000001000000 t
b101000000001001 0
b101000000001001 s
b101000000001001 $"
b100 <
b100 {
b100 !"
b100 #"
1'
#890000
0'
#900000
b101 -
b101 z
b101 ~
b101 |
b101 `
b0 ("
b111000000001000 0
b111000000001000 s
b111000000001000 $"
b101 <
b101 {
b101 !"
b101 #"
b101000000001001 1
b101000000001001 a
b101000000001001 t
1'
#910000
0'
#920000
b1000 8
b1000 E
b1000 x
05
b1000 A
b1000 O
b1000 Y
b1000 P
b111 `
bx :
bx F
bx W
b0 4
b0 [
b0 ]
b0 m
b1000 =
b1000 b
b1000 k
b1000 v
b1000 /
b1000 _
b1000 y
b1000 p
b0 >
b0 G
b0 \
b0 j
02
0o
1;
1l
1.
1q
b1000 -
b1000 z
b1000 ~
b1000 |
b0 ("
b111000000001000 1
b111000000001000 a
b111000000001000 t
b1100000101011011 0
b1100000101011011 s
b1100000101011011 $"
b110 <
b110 {
b110 !"
b110 #"
1'
#930000
0'
#940000
b0 ("
1""
b1000000100100011 0
b1000000100100011 s
b1000000100100011 $"
b1000 <
b1000 {
b1000 !"
b1000 #"
1u
1'
#950000
0'
#960000
15
b0 A
b0 O
b0 Y
b0 P
b1000 -
b1000 z
b1000 ~
b1000 |
b0 8
b0 E
b0 x
b1000 `
b0 9
b0 X
b0 w
b100011 3
b100011 Z
b100011 ^
b100011 n
b0 :
b0 F
b0 W
b10010 4
b10010 [
b10010 ]
b10010 m
b10011 =
b10011 b
b10011 k
b10011 v
b100011 /
b100011 _
b100011 y
b100011 p
12
1o
0;
0l
0.
0q
1,
1r
17
b0 ("
0u
b1000000100100011 1
b1000000100100011 a
b1000000100100011 t
0""
b100000000101111 0
b100000000101111 s
b100000000101111 $"
b1001 <
b1001 {
b1001 !"
b1001 #"
1'
#970000
0'
#980000
b1111 8
b1111 E
b1111 x
16
b1010 -
b1010 z
b1010 ~
b1010 |
b100 `
bx 9
bx X
bx w
b0 3
b0 Z
b0 ^
b0 n
b1111 =
b1111 b
b1111 k
b1111 v
b0 /
b0 _
b0 y
b0 p
b10 >
b10 G
b10 \
b10 j
07
b10 ("
b0 '"
b110000000100000 0
b110000000100000 s
b110000000100000 $"
b1010 <
b1010 {
b1010 !"
b1010 #"
b100000000101111 1
b100000000101111 a
b100000000101111 t
1'
#990000
0'
#1000000
b0 8
b0 E
b0 x
0?
15
b0 A
b0 O
b0 Y
b0 P
b110 `
b0 =
b0 b
b0 k
b0 v
b11 >
b11 G
b11 \
b11 j
0,
0r
b1011 -
b1011 z
b1011 ~
b1011 |
b10 ("
b0 '"
b110000000100000 1
b110000000100000 a
b110000000100000 t
b101000011111001 0
b101000011111001 s
b101000011111001 $"
b1011 <
b1011 {
b1011 !"
b1011 #"
1'
#1010000
0'
#1020000
05
b1001 A
b1001 O
b1001 Y
b1001 P
b1001 8
b1001 E
b1001 x
b101011 -
b101011 z
b101011 ~
b101011 |
b101 `
bx :
bx F
bx W
b0 4
b0 [
b0 ]
b0 m
b1001 =
b1001 b
b1001 k
b1001 v
b11111 /
b11111 _
b11111 y
b11111 p
b0 >
b0 G
b0 \
b0 j
02
0o
1.
1q
b10 ("
b110000000100001 0
b110000000100001 s
b110000000100001 $"
b1100 <
b1100 {
b1100 !"
b1100 #"
b101000011111001 1
b101000011111001 a
b101000011111001 t
1'
#1030000
0'
#1040000
06
b1001010 -
b1001010 z
b1001010 ~
b1001010 |
b0 ("
1u
1""
b1001001100001111 0
b1001001100001111 s
b1001001100001111 $"
b101011 <
b101011 {
b101011 !"
b101011 #"
1'
#1050000
0'
#1060000
b111111 A
b111111 O
b111111 Y
b111111 P
b111111 8
b111111 E
b111111 x
b101100 -
b101100 z
b101100 ~
b101100 |
b1001 `
b111111 :
b111111 F
b111111 W
b10000 4
b10000 [
b10000 ]
b10000 m
b111111 =
b111111 b
b111111 k
b111111 v
b0 /
b0 _
b0 y
b0 p
12
1o
0.
0q
1,
1r
b0 ("
0""
b1100000100001011 0
b1100000100001011 s
b1100000100001011 $"
b101100 <
b101100 {
b101100 !"
b101100 #"
0u
b1001001100001111 1
b1001001100001111 a
b1001001100001111 t
1'
#1070000
0'
#1080000
b1100 `
b111111 9
b111111 X
b111111 w
b10000 3
b10000 Z
b10000 ^
b10000 n
b101011 4
b101011 [
b101011 ]
b101011 m
b11011 =
b11011 b
b11011 k
b11011 v
17
b101101 -
b101101 z
b101101 ~
b101101 |
b0 ("
b111111 %"
b1100000100001011 1
b1100000100001011 a
b1100000100001011 t
b111000000000001 0
b111000000000001 s
b111000000000001 $"
b101101 <
b101101 {
b101101 !"
b101101 #"
1'
#1090000
0'
#1100000
b1 -
b1 z
b1 ~
b1 |
b1 A
b1 O
b1 Y
b1 P
b1 8
b1 E
b1 x
b111 `
bx 9
bx X
bx w
b0 3
b0 Z
b0 ^
b0 n
bx :
bx F
bx W
b0 4
b0 [
b0 ]
b0 m
b1 =
b1 b
b1 k
b1 v
b1 /
b1 _
b1 y
b1 p
02
0o
1;
1l
1.
1q
0,
0r
07
b0 ("
b1001000000000110 0
b1001000000000110 s
b1001000000000110 $"
b101110 <
b101110 {
b101110 !"
b101110 #"
b111000000000001 1
b111000000000001 a
b111000000000001 t
1'
#1110000
0'
#1120000
b0 ("
1u
1""
b1000000101000110 0
b1000000101000110 s
b1000000101000110 $"
b1 <
b1 {
b1 !"
b1 #"
1'
#1130000
0'
#1140000
b1001000 -
b1001000 z
b1001000 ~
b1001000 |
b1000 `
b1 9
b1 X
b1 w
b100110 3
b100110 Z
b100110 ^
b100110 n
b1 :
b1 F
b1 W
b10100 4
b10100 [
b10100 ]
b10100 m
b10110 =
b10110 b
b10110 k
b10110 v
b1000110 /
b1000110 _
b1000110 y
b1000110 p
12
1o
0;
0l
0.
0q
1,
1r
17
b0 ("
0""
b100000001000001 0
b100000001000001 s
b100000001000001 $"
b10 <
b10 {
b10 !"
b10 #"
0u
b1000000101000110 1
b1000000101000110 a
b1000000101000110 t
1'
#1150000
0'
#1160000
b100 `
bx 9
bx X
bx w
b0 3
b0 Z
b0 ^
b0 n
b1 =
b1 b
b1 k
b1 v
b0 /
b0 _
b0 y
b0 p
b10 >
b10 G
b10 \
b10 j
07
b11 -
b11 z
b11 ~
b11 |
b0 ("
b100000001000001 1
b100000001000001 a
b100000001000001 t
b110000001000000 0
b110000001000000 s
b110000001000000 $"
b11 <
b11 {
b11 !"
b11 #"
1'
#1170000
0'
#1180000
b0 8
b0 E
b0 x
05
b1 A
b1 O
b1 Y
b1 P
b100 -
b100 z
b100 ~
b100 |
b110 `
b0 =
b0 b
b0 k
b0 v
b11 >
b11 G
b11 \
b11 j
0,
0r
b0 ("
b101000000001001 0
b101000000001001 s
b101000000001001 $"
b100 <
b100 {
b100 !"
b100 #"
b110000001000000 1
b110000001000000 a
b110000001000000 t
1'
#1190000
0'
#1200000
b101 `
b101 -
b101 z
b101 ~
b101 |
b0 ("
b101000000001001 1
b101000000001001 a
b101000000001001 t
b111000000001000 0
b111000000001000 s
b111000000001000 $"
b101 <
b101 {
b101 !"
b101 #"
1'
#1205000
b1 $
b1 )
b1 Q
#1210000
0'
#1220000
b1000 -
b1000 z
b1000 ~
b1000 |
b1000 8
b1000 E
b1000 x
05
b1000 A
b1000 O
b1000 Y
b1000 P
b111 `
bx :
bx F
bx W
b0 4
b0 [
b0 ]
b0 m
b1000 =
b1000 b
b1000 k
b1000 v
b1000 /
b1000 _
b1000 y
b1000 p
b0 >
b0 G
b0 \
b0 j
02
0o
1;
1l
1.
1q
b0 ("
b1100000101011011 0
b1100000101011011 s
b1100000101011011 $"
b110 <
b110 {
b110 !"
b110 #"
b111000000001000 1
b111000000001000 a
b111000000001000 t
1'
#1230000
0'
#1240000
b0 ("
1u
1""
b1000000100100011 0
b1000000100100011 s
b1000000100100011 $"
b1000 <
b1000 {
b1000 !"
b1000 #"
1'
#1250000
0'
#1260000
b1 A
b1 O
b1 Y
b1 P
b1 8
b1 E
b1 x
b101100 -
b101100 z
b101100 ~
b101100 |
b1000 `
b1 9
b1 X
b1 w
b100011 3
b100011 Z
b100011 ^
b100011 n
b0 :
b0 F
b0 W
b10010 4
b10010 [
b10010 ]
b10010 m
b10011 =
b10011 b
b10011 k
b10011 v
b100011 /
b100011 _
b100011 y
b100011 p
12
1o
0;
0l
0.
0q
1,
1r
17
b0 ("
0""
b100000000101111 0
b100000000101111 s
b100000000101111 $"
b1001 <
b1001 {
b1001 !"
b1001 #"
0u
b1000000100100011 1
b1000000100100011 a
b1000000100100011 t
1'
#1270000
0'
#1280000
b1111 8
b1111 E
b1111 x
b100 `
bx 9
bx X
bx w
b0 3
b0 Z
b0 ^
b0 n
b1111 =
b1111 b
b1111 k
b1111 v
b0 /
b0 _
b0 y
b0 p
b10 >
b10 G
b10 \
b10 j
07
b1010 -
b1010 z
b1010 ~
b1010 |
b0 ("
b1 '"
b1 :
b1 F
b1 W
b100000000101111 1
b100000000101111 a
b100000000101111 t
b110000000100000 0
b110000000100000 s
b110000000100000 $"
b1010 <
b1010 {
b1010 !"
b1010 #"
1'
#1290000
0'
#1300000
b0 8
b0 E
b0 x
0?
b1 A
b1 O
b1 Y
b1 P
b1011 -
b1011 z
b1011 ~
b1011 |
b110 `
b0 =
b0 b
b0 k
b0 v
b11 >
b11 G
b11 \
b11 j
0,
0r
b0 ("
b1 '"
b101000011111001 0
b101000011111001 s
b101000011111001 $"
b1011 <
b1011 {
b1011 !"
b1011 #"
b110000000100000 1
b110000000100000 a
b110000000100000 t
1'
#1310000
0'
#1320000
b101 `
b1100 -
b1100 z
b1100 ~
b1100 |
b0 ("
b101000011111001 1
b101000011111001 a
b101000011111001 t
b110000000100001 0
b110000000100001 s
b110000000100001 $"
b1100 <
b1100 {
b1100 !"
b1100 #"
1'
#1330000
0'
#1340000
15
b0 A
b0 O
b0 Y
b0 P
b1 8
b1 E
b1 x
b1101 -
b1101 z
b1101 ~
b1101 |
b110 `
b1 =
b1 b
b1 k
b1 v
b0 ("
b101000100000001 0
b101000100000001 s
b101000100000001 $"
b1101 <
b1101 {
b1101 !"
b1101 #"
b110000000100001 1
b110000000100001 a
b110000000100001 t
1'
#1350000
0'
#1360000
b10001 8
b10001 E
b10001 x
05
b10001 A
b10001 O
b10001 Y
b10001 P
bx :
bx F
bx W
b0 4
b0 [
b0 ]
b0 m
b10001 =
b10001 b
b10001 k
b10001 v
b100000 /
b100000 _
b100000 y
b100000 p
b0 >
b0 G
b0 \
b0 j
02
0o
1.
1q
16
b101 `
b101110 -
b101110 z
b101110 ~
b101110 |
b10 ("
b101000100000001 1
b101000100000001 a
b101000100000001 t
b110000000100010 0
b110000000100010 s
b110000000100010 $"
b1110 <
b1110 {
b1110 !"
b1110 #"
1'
#1370000
0'
#1380000
06
b1001110 -
b1001110 z
b1001110 ~
b1001110 |
b0 ("
1""
b1001000000000110 0
b1001000000000110 s
b1001000000000110 $"
b101110 <
b101110 {
b101110 !"
b101110 #"
1u
1'
#1390000
0'
#1400000
b110 A
b110 O
b110 Y
b110 P
b110 8
b110 E
b110 x
b1001 `
b111111 :
b111111 F
b111111 W
b10000 4
b10000 [
b10000 ]
b10000 m
b110 =
b110 b
b110 k
b110 v
b0 /
b0 _
b0 y
b0 p
12
1o
0.
0q
1,
1r
b101111 -
b101111 z
b101111 ~
b101111 |
b0 ("
0u
b1001000000000110 1
b1001000000000110 a
b1001000000000110 t
0""
b1100000100001011 0
b1100000100001011 s
b1100000100001011 $"
b101111 <
b101111 {
b101111 !"
b101111 #"
1'
#1410000
0'
#1420000
b110000 -
b110000 z
b110000 ~
b110000 |
b1100 `
b110 9
b110 X
b110 w
b10000 3
b10000 Z
b10000 ^
b10000 n
b101011 4
b101011 [
b101011 ]
b101011 m
b11011 =
b11011 b
b11011 k
b11011 v
17
b0 ("
b110 %"
b111111 :
b111111 F
b111111 W
b111000000000001 0
b111000000000001 s
b111000000000001 $"
b110000 <
b110000 {
b110000 !"
b110000 #"
b1100000100001011 1
b1100000100001011 a
b1100000100001011 t
1'
#1430000
0'
#1440000
b1 A
b1 O
b1 Y
b1 P
b1 8
b1 E
b1 x
b111 `
bx 9
bx X
bx w
b0 3
b0 Z
b0 ^
b0 n
b0 4
b0 [
b0 ]
b0 m
b1 =
b1 b
b1 k
b1 v
b1 /
b1 _
b1 y
b1 p
02
0o
1;
1l
1.
1q
0,
0r
07
b1 -
b1 z
b1 ~
b1 |
b0 ("
bx :
bx F
bx W
b110 !
b110 B
b110 V
b111000000000001 1
b111000000000001 a
b111000000000001 t
b1001010100001011 0
b1001010100001011 s
b1001010100001011 $"
b110001 <
b110001 {
b110001 !"
b110001 #"
1'
#1450000
0'
#1460000
b0 ("
1""
b1000000101000110 0
b1000000101000110 s
b1000000101000110 $"
b1 <
b1 {
b1 !"
b1 #"
1u
1'
#1470000
0'
#1480000
b1 -
b1 z
b1 ~
b1 |
b1000 `
b1 9
b1 X
b1 w
b100110 3
b100110 Z
b100110 ^
b100110 n
b1 :
b1 F
b1 W
b10100 4
b10100 [
b10100 ]
b10100 m
b10110 =
b10110 b
b10110 k
b10110 v
b1000110 /
b1000110 _
b1000110 y
b1000110 p
12
1o
0;
0l
0.
0q
1,
1r
17
b0 ("
0u
b1000000101000110 1
b1000000101000110 a
b1000000101000110 t
0""
b100000001000001 0
b100000001000001 s
b100000001000001 $"
b10 <
b10 {
b10 !"
b10 #"
1'
#1490000
0'
#1500000
b11 -
b11 z
b11 ~
b11 |
b100 `
bx 9
bx X
bx w
b0 3
b0 Z
b0 ^
b0 n
b1 =
b1 b
b1 k
b1 v
b0 /
b0 _
b0 y
b0 p
b10 >
b10 G
b10 \
b10 j
07
b0 ("
b110000001000000 0
b110000001000000 s
b110000001000000 $"
b11 <
b11 {
b11 !"
b11 #"
b100000001000001 1
b100000001000001 a
b100000001000001 t
1'
#1510000
0'
#1520000
b0 8
b0 E
b0 x
05
b1 A
b1 O
b1 Y
b1 P
b110 `
b0 =
b0 b
b0 k
b0 v
b11 >
b11 G
b11 \
b11 j
0,
0r
b100 -
b100 z
b100 ~
b100 |
b0 ("
b110000001000000 1
b110000001000000 a
b110000001000000 t
b101000000001001 0
b101000000001001 s
b101000000001001 $"
b100 <
b100 {
b100 !"
b100 #"
1'
#1530000
0'
#1540000
b101 -
b101 z
b101 ~
b101 |
b101 `
b0 ("
b111000000001000 0
b111000000001000 s
b111000000001000 $"
b101 <
b101 {
b101 !"
b101 #"
b101000000001001 1
b101000000001001 a
b101000000001001 t
1'
#1550000
0'
#1560000
b1000 8
b1000 E
b1000 x
05
b1000 A
b1000 O
b1000 Y
b1000 P
b111 `
bx :
bx F
bx W
b0 4
b0 [
b0 ]
b0 m
b1000 =
b1000 b
b1000 k
b1000 v
b1000 /
b1000 _
b1000 y
b1000 p
b0 >
b0 G
b0 \
b0 j
02
0o
1;
1l
1.
1q
b1000 -
b1000 z
b1000 ~
b1000 |
b0 ("
b111000000001000 1
b111000000001000 a
b111000000001000 t
b1100000101011011 0
b1100000101011011 s
b1100000101011011 $"
b110 <
b110 {
b110 !"
b110 #"
1'
#1570000
0'
#1580000
b0 ("
1""
b1000000100100011 0
b1000000100100011 s
b1000000100100011 $"
b1000 <
b1000 {
b1000 !"
b1000 #"
1u
1'
#1590000
0'
#1600000
b1 A
b1 O
b1 Y
b1 P
b1000 -
b1000 z
b1000 ~
b1000 |
b1 8
b1 E
b1 x
b1000 `
b1 9
b1 X
b1 w
b100011 3
b100011 Z
b100011 ^
b100011 n
b1 :
b1 F
b1 W
b10010 4
b10010 [
b10010 ]
b10010 m
b10011 =
b10011 b
b10011 k
b10011 v
b100011 /
b100011 _
b100011 y
b100011 p
12
1o
0;
0l
0.
0q
1,
1r
17
b0 ("
0u
b1000000100100011 1
b1000000100100011 a
b1000000100100011 t
0""
b100000000101111 0
b100000000101111 s
b100000000101111 $"
b1001 <
b1001 {
b1001 !"
b1001 #"
1'
#1610000
0'
#1620000
b1111 8
b1111 E
b1111 x
b1010 -
b1010 z
b1010 ~
b1010 |
b100 `
bx 9
bx X
bx w
b0 3
b0 Z
b0 ^
b0 n
b1111 =
b1111 b
b1111 k
b1111 v
b0 /
b0 _
b0 y
b0 p
b10 >
b10 G
b10 \
b10 j
07
b0 ("
b1 '"
b110000000100000 0
b110000000100000 s
b110000000100000 $"
b1010 <
b1010 {
b1010 !"
b1010 #"
b100000000101111 1
b100000000101111 a
b100000000101111 t
1'
#1630000
0'
#1640000
b0 8
b0 E
b0 x
0?
b1 A
b1 O
b1 Y
b1 P
b110 `
b0 =
b0 b
b0 k
b0 v
b11 >
b11 G
b11 \
b11 j
0,
0r
b1011 -
b1011 z
b1011 ~
b1011 |
b0 ("
b1 '"
b110000000100000 1
b110000000100000 a
b110000000100000 t
b101000011111001 0
b101000011111001 s
b101000011111001 $"
b1011 <
b1011 {
b1011 !"
b1011 #"
1'
#1650000
0'
#1660000
b1100 -
b1100 z
b1100 ~
b1100 |
b101 `
b0 ("
b110000000100001 0
b110000000100001 s
b110000000100001 $"
b1100 <
b1100 {
b1100 !"
b1100 #"
b101000011111001 1
b101000011111001 a
b101000011111001 t
1'
#1670000
0'
#1680000
15
b0 A
b0 O
b0 Y
b0 P
b1 8
b1 E
b1 x
b110 `
b1 =
b1 b
b1 k
b1 v
b1101 -
b1101 z
b1101 ~
b1101 |
b0 ("
b110000000100001 1
b110000000100001 a
b110000000100001 t
b101000100000001 0
b101000100000001 s
b101000100000001 $"
b1101 <
b1101 {
b1101 !"
b1101 #"
1'
#1690000
0'
#1700000
b10001 8
b10001 E
b10001 x
05
b10001 A
b10001 O
b10001 Y
b10001 P
bx :
bx F
bx W
b0 4
b0 [
b0 ]
b0 m
b10001 =
b10001 b
b10001 k
b10001 v
b100000 /
b100000 _
b100000 y
b100000 p
b0 >
b0 G
b0 \
b0 j
02
0o
1.
1q
16
b101110 -
b101110 z
b101110 ~
b101110 |
b101 `
b10 ("
b110000000100010 0
b110000000100010 s
b110000000100010 $"
b1110 <
b1110 {
b1110 !"
b1110 #"
b101000100000001 1
b101000100000001 a
b101000100000001 t
1'
#1710000
0'
#1720000
06
b1001110 -
b1001110 z
b1001110 ~
b1001110 |
b0 ("
1u
1""
b1001000000000110 0
b1001000000000110 s
b1001000000000110 $"
b101110 <
b101110 {
b101110 !"
b101110 #"
1'
#1730000
0'
#1740000
b110 A
b110 O
b110 Y
b110 P
b110 8
b110 E
b110 x
b101111 -
b101111 z
b101111 ~
b101111 |
b1001 `
b110 :
b110 F
b110 W
b10000 4
b10000 [
b10000 ]
b10000 m
b110 =
b110 b
b110 k
b110 v
b0 /
b0 _
b0 y
b0 p
12
1o
0.
0q
1,
1r
b0 ("
0""
b1100000100001011 0
b1100000100001011 s
b1100000100001011 $"
b101111 <
b101111 {
b101111 !"
b101111 #"
0u
b1001000000000110 1
b1001000000000110 a
b1001000000000110 t
1'
#1750000
0'
#1760000
b1100 `
b110 9
b110 X
b110 w
b10000 3
b10000 Z
b10000 ^
b10000 n
b101011 4
b101011 [
b101011 ]
b101011 m
b11011 =
b11011 b
b11011 k
b11011 v
17
b110000 -
b110000 z
b110000 ~
b110000 |
b0 ("
b110 %"
b1100000100001011 1
b1100000100001011 a
b1100000100001011 t
b111000000000001 0
b111000000000001 s
b111000000000001 $"
b110000 <
b110000 {
b110000 !"
b110000 #"
1'
#1770000
0'
#1780000
b1 -
b1 z
b1 ~
b1 |
b1 A
b1 O
b1 Y
b1 P
b1 8
b1 E
b1 x
b111 `
bx 9
bx X
bx w
b0 3
b0 Z
b0 ^
b0 n
bx :
bx F
bx W
b0 4
b0 [
b0 ]
b0 m
b1 =
b1 b
b1 k
b1 v
b1 /
b1 _
b1 y
b1 p
02
0o
1;
1l
1.
1q
0,
0r
07
b0 ("
b1001010100001011 0
b1001010100001011 s
b1001010100001011 $"
b110001 <
b110001 {
b110001 !"
b110001 #"
b111000000000001 1
b111000000000001 a
b111000000000001 t
1'
#1790000
0'
#1800000
b0 ("
1u
1""
b1000000101000110 0
b1000000101000110 s
b1000000101000110 $"
b1 <
b1 {
b1 !"
b1 #"
1'
#1810000
0'
#1820000
b1001000 -
b1001000 z
b1001000 ~
b1001000 |
b1000 `
b1 9
b1 X
b1 w
b100110 3
b100110 Z
b100110 ^
b100110 n
b1 :
b1 F
b1 W
b10100 4
b10100 [
b10100 ]
b10100 m
b10110 =
b10110 b
b10110 k
b10110 v
b1000110 /
b1000110 _
b1000110 y
b1000110 p
12
1o
0;
0l
0.
0q
1,
1r
17
b0 ("
0""
b100000001000001 0
b100000001000001 s
b100000001000001 $"
b10 <
b10 {
b10 !"
b10 #"
0u
b1000000101000110 1
b1000000101000110 a
b1000000101000110 t
1'
#1830000
0'
#1840000
b100 `
bx 9
bx X
bx w
b0 3
b0 Z
b0 ^
b0 n
b1 =
b1 b
b1 k
b1 v
b0 /
b0 _
b0 y
b0 p
b10 >
b10 G
b10 \
b10 j
07
b11 -
b11 z
b11 ~
b11 |
b0 ("
b100000001000001 1
b100000001000001 a
b100000001000001 t
b110000001000000 0
b110000001000000 s
b110000001000000 $"
b11 <
b11 {
b11 !"
b11 #"
1'
#1850000
0'
#1860000
b0 8
b0 E
b0 x
05
b1 A
b1 O
b1 Y
b1 P
b100 -
b100 z
b100 ~
b100 |
b110 `
b0 =
b0 b
b0 k
b0 v
b11 >
b11 G
b11 \
b11 j
0,
0r
b0 ("
b101000000001001 0
b101000000001001 s
b101000000001001 $"
b100 <
b100 {
b100 !"
b100 #"
b110000001000000 1
b110000001000000 a
b110000001000000 t
1'
#1870000
0'
#1880000
b101 `
b101 -
b101 z
b101 ~
b101 |
b0 ("
b101000000001001 1
b101000000001001 a
b101000000001001 t
b111000000001000 0
b111000000001000 s
b111000000001000 $"
b101 <
b101 {
b101 !"
b101 #"
1'
#1890000
0'
#1900000
b1000 -
b1000 z
b1000 ~
b1000 |
b1000 8
b1000 E
b1000 x
05
b1000 A
b1000 O
b1000 Y
b1000 P
b111 `
bx :
bx F
bx W
b0 4
b0 [
b0 ]
b0 m
b1000 =
b1000 b
b1000 k
b1000 v
b1000 /
b1000 _
b1000 y
b1000 p
b0 >
b0 G
b0 \
b0 j
02
0o
1;
1l
1.
1q
b0 ("
b1100000101011011 0
b1100000101011011 s
b1100000101011011 $"
b110 <
b110 {
b110 !"
b110 #"
b111000000001000 1
b111000000001000 a
b111000000001000 t
1'
#1910000
0'
#1920000
b0 ("
1u
1""
b1000000100100011 0
b1000000100100011 s
b1000000100100011 $"
b1000 <
b1000 {
b1000 !"
b1000 #"
1'
#1930000
0'
#1940000
b1 A
b1 O
b1 Y
b1 P
b1 8
b1 E
b1 x
b101100 -
b101100 z
b101100 ~
b101100 |
b1000 `
b1 9
b1 X
b1 w
b100011 3
b100011 Z
b100011 ^
b100011 n
b1 :
b1 F
b1 W
b10010 4
b10010 [
b10010 ]
b10010 m
b10011 =
b10011 b
b10011 k
b10011 v
b100011 /
b100011 _
b100011 y
b100011 p
12
1o
0;
0l
0.
0q
1,
1r
17
b0 ("
0""
b100000000101111 0
b100000000101111 s
b100000000101111 $"
b1001 <
b1001 {
b1001 !"
b1001 #"
0u
b1000000100100011 1
b1000000100100011 a
b1000000100100011 t
1'
#1950000
0'
#1960000
b1111 8
b1111 E
b1111 x
b100 `
bx 9
bx X
bx w
b0 3
b0 Z
b0 ^
b0 n
b1111 =
b1111 b
b1111 k
b1111 v
b0 /
b0 _
b0 y
b0 p
b10 >
b10 G
b10 \
b10 j
07
b1010 -
b1010 z
b1010 ~
b1010 |
b0 ("
b1 '"
b100000000101111 1
b100000000101111 a
b100000000101111 t
b110000000100000 0
b110000000100000 s
b110000000100000 $"
b1010 <
b1010 {
b1010 !"
b1010 #"
1'
#1970000
0'
#1980000
b0 8
b0 E
b0 x
0?
b1 A
b1 O
b1 Y
b1 P
b1011 -
b1011 z
b1011 ~
b1011 |
b110 `
b0 =
b0 b
b0 k
b0 v
b11 >
b11 G
b11 \
b11 j
0,
0r
b0 ("
b1 '"
b101000011111001 0
b101000011111001 s
b101000011111001 $"
b1011 <
b1011 {
b1011 !"
b1011 #"
b110000000100000 1
b110000000100000 a
b110000000100000 t
1'
#1990000
0'
#2000000
b101 `
b1100 -
b1100 z
b1100 ~
b1100 |
b0 ("
b101000011111001 1
b101000011111001 a
b101000011111001 t
b110000000100001 0
b110000000100001 s
b110000000100001 $"
b1100 <
b1100 {
b1100 !"
b1100 #"
1'
#2010000
0'
#2020000
15
b0 A
b0 O
b0 Y
b0 P
b1 8
b1 E
b1 x
b1101 -
b1101 z
b1101 ~
b1101 |
b110 `
b1 =
b1 b
b1 k
b1 v
b0 ("
b101000100000001 0
b101000100000001 s
b101000100000001 $"
b1101 <
b1101 {
b1101 !"
b1101 #"
b110000000100001 1
b110000000100001 a
b110000000100001 t
1'
#2030000
0'
#2040000
b10001 8
b10001 E
b10001 x
05
b10001 A
b10001 O
b10001 Y
b10001 P
bx :
bx F
bx W
b0 4
b0 [
b0 ]
b0 m
b10001 =
b10001 b
b10001 k
b10001 v
b100000 /
b100000 _
b100000 y
b100000 p
b0 >
b0 G
b0 \
b0 j
02
0o
1.
1q
16
b101 `
b101110 -
b101110 z
b101110 ~
b101110 |
b10 ("
b101000100000001 1
b101000100000001 a
b101000100000001 t
b110000000100010 0
b110000000100010 s
b110000000100010 $"
b1110 <
b1110 {
b1110 !"
b1110 #"
1'
#2050000
0'
#2060000
06
b1001110 -
b1001110 z
b1001110 ~
b1001110 |
b0 ("
1""
b1001000000000110 0
b1001000000000110 s
b1001000000000110 $"
b101110 <
b101110 {
b101110 !"
b101110 #"
1u
1'
#2070000
0'
#2080000
b110 A
b110 O
b110 Y
b110 P
b110 8
b110 E
b110 x
b1001 `
b110 :
b110 F
b110 W
b10000 4
b10000 [
b10000 ]
b10000 m
b110 =
b110 b
b110 k
b110 v
b0 /
b0 _
b0 y
b0 p
12
1o
0.
0q
1,
1r
b101111 -
b101111 z
b101111 ~
b101111 |
b0 ("
0u
b1001000000000110 1
b1001000000000110 a
b1001000000000110 t
0""
b1100000100001011 0
b1100000100001011 s
b1100000100001011 $"
b101111 <
b101111 {
b101111 !"
b101111 #"
1'
#2090000
0'
#2100000
b110000 -
b110000 z
b110000 ~
b110000 |
b1100 `
b110 9
b110 X
b110 w
b10000 3
b10000 Z
b10000 ^
b10000 n
b101011 4
b101011 [
b101011 ]
b101011 m
b11011 =
b11011 b
b11011 k
b11011 v
17
b0 ("
b110 %"
b111000000000001 0
b111000000000001 s
b111000000000001 $"
b110000 <
b110000 {
b110000 !"
b110000 #"
b1100000100001011 1
b1100000100001011 a
b1100000100001011 t
1'
#2110000
0'
#2120000
b1 A
b1 O
b1 Y
b1 P
b1 8
b1 E
b1 x
b111 `
bx 9
bx X
bx w
b0 3
b0 Z
b0 ^
b0 n
bx :
bx F
bx W
b0 4
b0 [
b0 ]
b0 m
b1 =
b1 b
b1 k
b1 v
b1 /
b1 _
b1 y
b1 p
02
0o
1;
1l
1.
1q
0,
0r
07
b1 -
b1 z
b1 ~
b1 |
b0 ("
b111000000000001 1
b111000000000001 a
b111000000000001 t
b1001010100001011 0
b1001010100001011 s
b1001010100001011 $"
b110001 <
b110001 {
b110001 !"
b110001 #"
1'
#2130000
0'
#2140000
b0 ("
1""
b1000000101000110 0
b1000000101000110 s
b1000000101000110 $"
b1 <
b1 {
b1 !"
b1 #"
1u
1'
#2150000
0'
#2160000
b1 -
b1 z
b1 ~
b1 |
b1000 `
b1 9
b1 X
b1 w
b100110 3
b100110 Z
b100110 ^
b100110 n
b1 :
b1 F
b1 W
b10100 4
b10100 [
b10100 ]
b10100 m
b10110 =
b10110 b
b10110 k
b10110 v
b1000110 /
b1000110 _
b1000110 y
b1000110 p
12
1o
0;
0l
0.
0q
1,
1r
17
b0 ("
0u
b1000000101000110 1
b1000000101000110 a
b1000000101000110 t
0""
b100000001000001 0
b100000001000001 s
b100000001000001 $"
b10 <
b10 {
b10 !"
b10 #"
1'
#2170000
0'
#2180000
b11 -
b11 z
b11 ~
b11 |
b100 `
bx 9
bx X
bx w
b0 3
b0 Z
b0 ^
b0 n
b1 =
b1 b
b1 k
b1 v
b0 /
b0 _
b0 y
b0 p
b10 >
b10 G
b10 \
b10 j
07
b0 ("
b110000001000000 0
b110000001000000 s
b110000001000000 $"
b11 <
b11 {
b11 !"
b11 #"
b100000001000001 1
b100000001000001 a
b100000001000001 t
1'
#2190000
0'
#2200000
b0 8
b0 E
b0 x
05
b1 A
b1 O
b1 Y
b1 P
b110 `
b0 =
b0 b
b0 k
b0 v
b11 >
b11 G
b11 \
b11 j
0,
0r
b100 -
b100 z
b100 ~
b100 |
b0 ("
b110000001000000 1
b110000001000000 a
b110000001000000 t
b101000000001001 0
b101000000001001 s
b101000000001001 $"
b100 <
b100 {
b100 !"
b100 #"
1'
#2205000
b10 $
b10 )
b10 Q
#2210000
0'
#2220000
b101 -
b101 z
b101 ~
b101 |
b101 `
b0 ("
b111000000001000 0
b111000000001000 s
b111000000001000 $"
b101 <
b101 {
b101 !"
b101 #"
b101000000001001 1
b101000000001001 a
b101000000001001 t
1'
#2230000
0'
#2240000
b1000 8
b1000 E
b1000 x
05
b1000 A
b1000 O
b1000 Y
b1000 P
b111 `
bx :
bx F
bx W
b0 4
b0 [
b0 ]
b0 m
b1000 =
b1000 b
b1000 k
b1000 v
b1000 /
b1000 _
b1000 y
b1000 p
b0 >
b0 G
b0 \
b0 j
02
0o
1;
1l
1.
1q
b1000 -
b1000 z
b1000 ~
b1000 |
b0 ("
b111000000001000 1
b111000000001000 a
b111000000001000 t
b1100000101011011 0
b1100000101011011 s
b1100000101011011 $"
b110 <
b110 {
b110 !"
b110 #"
1'
#2250000
0'
#2260000
b0 ("
1""
b1000000100100011 0
b1000000100100011 s
b1000000100100011 $"
b1000 <
b1000 {
b1000 !"
b1000 #"
1u
1'
#2270000
0'
#2280000
b10 A
b10 O
b10 Y
b10 P
b1000 -
b1000 z
b1000 ~
b1000 |
b10 8
b10 E
b10 x
b1000 `
b10 9
b10 X
b10 w
b100011 3
b100011 Z
b100011 ^
b100011 n
b1 :
b1 F
b1 W
b10010 4
b10010 [
b10010 ]
b10010 m
b10011 =
b10011 b
b10011 k
b10011 v
b100011 /
b100011 _
b100011 y
b100011 p
12
1o
0;
0l
0.
0q
1,
1r
17
b0 ("
0u
b1000000100100011 1
b1000000100100011 a
b1000000100100011 t
0""
b100000000101111 0
b100000000101111 s
b100000000101111 $"
b1001 <
b1001 {
b1001 !"
b1001 #"
1'
#2290000
0'
#2300000
b1111 8
b1111 E
b1111 x
b1010 -
b1010 z
b1010 ~
b1010 |
b100 `
bx 9
bx X
bx w
b0 3
b0 Z
b0 ^
b0 n
b1111 =
b1111 b
b1111 k
b1111 v
b0 /
b0 _
b0 y
b0 p
b10 >
b10 G
b10 \
b10 j
07
b0 ("
b10 '"
b10 :
b10 F
b10 W
b110000000100000 0
b110000000100000 s
b110000000100000 $"
b1010 <
b1010 {
b1010 !"
b1010 #"
b100000000101111 1
b100000000101111 a
b100000000101111 t
1'
#2310000
0'
#2320000
b0 8
b0 E
b0 x
0?
b10 A
b10 O
b10 Y
b10 P
b110 `
b0 =
b0 b
b0 k
b0 v
b11 >
b11 G
b11 \
b11 j
0,
0r
b1011 -
b1011 z
b1011 ~
b1011 |
b0 ("
b10 '"
b110000000100000 1
b110000000100000 a
b110000000100000 t
b101000011111001 0
b101000011111001 s
b101000011111001 $"
b1011 <
b1011 {
b1011 !"
b1011 #"
1'
#2330000
0'
#2340000
b1100 -
b1100 z
b1100 ~
b1100 |
b101 `
b0 ("
b110000000100001 0
b110000000100001 s
b110000000100001 $"
b1100 <
b1100 {
b1100 !"
b1100 #"
b101000011111001 1
b101000011111001 a
b101000011111001 t
1'
#2350000
0'
#2360000
b1 A
b1 O
b1 Y
b1 P
b1 8
b1 E
b1 x
b110 `
b1 =
b1 b
b1 k
b1 v
b1101 -
b1101 z
b1101 ~
b1101 |
b0 ("
b110000000100001 1
b110000000100001 a
b110000000100001 t
b101000100000001 0
b101000100000001 s
b101000100000001 $"
b1101 <
b1101 {
b1101 !"
b1101 #"
1'
#2370000
0'
#2380000
b1110 -
b1110 z
b1110 ~
b1110 |
b101 `
b0 ("
b110000000100010 0
b110000000100010 s
b110000000100010 $"
b1110 <
b1110 {
b1110 !"
b1110 #"
b101000100000001 1
b101000100000001 a
b101000100000001 t
1'
#2390000
0'
#2400000
15
b0 A
b0 O
b0 Y
b0 P
b10 8
b10 E
b10 x
b110 `
b10 =
b10 b
b10 k
b10 v
b1111 -
b1111 z
b1111 ~
b1111 |
b0 ("
b110000000100010 1
b110000000100010 a
b110000000100010 t
b101000100001001 0
b101000100001001 s
b101000100001001 $"
b1111 <
b1111 {
b1111 !"
b1111 #"
1'
#2410000
0'
#2420000
b11001 8
b11001 E
b11001 x
05
b11001 A
b11001 O
b11001 Y
b11001 P
bx :
bx F
bx W
b0 4
b0 [
b0 ]
b0 m
b11001 =
b11001 b
b11001 k
b11001 v
b100001 /
b100001 _
b100001 y
b100001 p
b0 >
b0 G
b0 \
b0 j
02
0o
1.
1q
16
b110001 -
b110001 z
b110001 ~
b110001 |
b101 `
b10 ("
b110000000100011 0
b110000000100011 s
b110000000100011 $"
b10000 <
b10000 {
b10000 !"
b10000 #"
b101000100001001 1
b101000100001001 a
b101000100001001 t
1'
#2430000
0'
#2440000
06
b1010010 -
b1010010 z
b1010010 ~
b1010010 |
b0 ("
1u
1""
b1001010100001011 0
b1001010100001011 s
b1001010100001011 $"
b110001 <
b110001 {
b110001 !"
b110001 #"
1'
#2450000
0'
#2460000
b1011011 A
b1011011 O
b1011011 Y
b1011011 P
b1011011 8
b1011011 E
b1011011 x
b110010 -
b110010 z
b110010 ~
b110010 |
b1001 `
b110 :
b110 F
b110 W
b10000 4
b10000 [
b10000 ]
b10000 m
b1011011 =
b1011011 b
b1011011 k
b1011011 v
b0 /
b0 _
b0 y
b0 p
12
1o
0.
0q
1,
1r
b0 ("
0""
b1100000100001011 0
b1100000100001011 s
b1100000100001011 $"
b110010 <
b110010 {
b110010 !"
b110010 #"
0u
b1001010100001011 1
b1001010100001011 a
b1001010100001011 t
1'
#2470000
0'
#2480000
b1100 `
b1011011 9
b1011011 X
b1011011 w
b10000 3
b10000 Z
b10000 ^
b10000 n
b101011 4
b101011 [
b101011 ]
b101011 m
b11011 =
b11011 b
b11011 k
b11011 v
17
b110011 -
b110011 z
b110011 ~
b110011 |
b0 ("
b1011011 %"
b110 :
b110 F
b110 W
b1100000100001011 1
b1100000100001011 a
b1100000100001011 t
b111000000000001 0
b111000000000001 s
b111000000000001 $"
b110011 <
b110011 {
b110011 !"
b110011 #"
1'
#2490000
0'
#2500000
b1 -
b1 z
b1 ~
b1 |
b1 A
b1 O
b1 Y
b1 P
b1 8
b1 E
b1 x
b111 `
bx 9
bx X
bx w
b0 3
b0 Z
b0 ^
b0 n
b0 4
b0 [
b0 ]
b0 m
b1 =
b1 b
b1 k
b1 v
b1 /
b1 _
b1 y
b1 p
02
0o
1;
1l
1.
1q
0,
0r
07
b0 ("
bx :
bx F
bx W
b1011011 !
b1011011 B
b1011011 V
b1001010000001111 0
b1001010000001111 s
b1001010000001111 $"
b110100 <
b110100 {
b110100 !"
b110100 #"
b111000000000001 1
b111000000000001 a
b111000000000001 t
1'
#2510000
0'
#2520000
b0 ("
1u
1""
b1000000101000110 0
b1000000101000110 s
b1000000101000110 $"
b1 <
b1 {
b1 !"
b1 #"
1'
#2530000
0'
#2540000
b1001000 -
b1001000 z
b1001000 ~
b1001000 |
b1000 `
b1 9
b1 X
b1 w
b100110 3
b100110 Z
b100110 ^
b100110 n
b1 :
b1 F
b1 W
b10100 4
b10100 [
b10100 ]
b10100 m
b10110 =
b10110 b
b10110 k
b10110 v
b1000110 /
b1000110 _
b1000110 y
b1000110 p
12
1o
0;
0l
0.
0q
1,
1r
17
b0 ("
0""
b100000001000001 0
b100000001000001 s
b100000001000001 $"
b10 <
b10 {
b10 !"
b10 #"
0u
b1000000101000110 1
b1000000101000110 a
b1000000101000110 t
1'
#2550000
0'
#2560000
b100 `
bx 9
bx X
bx w
b0 3
b0 Z
b0 ^
b0 n
b1 =
b1 b
b1 k
b1 v
b0 /
b0 _
b0 y
b0 p
b10 >
b10 G
b10 \
b10 j
07
b11 -
b11 z
b11 ~
b11 |
b0 ("
b100000001000001 1
b100000001000001 a
b100000001000001 t
b110000001000000 0
b110000001000000 s
b110000001000000 $"
b11 <
b11 {
b11 !"
b11 #"
1'
#2570000
0'
#2580000
b0 8
b0 E
b0 x
05
b1 A
b1 O
b1 Y
b1 P
b100 -
b100 z
b100 ~
b100 |
b110 `
b0 =
b0 b
b0 k
b0 v
b11 >
b11 G
b11 \
b11 j
0,
0r
b0 ("
b101000000001001 0
b101000000001001 s
b101000000001001 $"
b100 <
b100 {
b100 !"
b100 #"
b110000001000000 1
b110000001000000 a
b110000001000000 t
1'
#2590000
0'
#2600000
b101 `
b101 -
b101 z
b101 ~
b101 |
b0 ("
b101000000001001 1
b101000000001001 a
b101000000001001 t
b111000000001000 0
b111000000001000 s
b111000000001000 $"
b101 <
b101 {
b101 !"
b101 #"
1'
#2610000
0'
#2620000
b1000 -
b1000 z
b1000 ~
b1000 |
b1000 8
b1000 E
b1000 x
05
b1000 A
b1000 O
b1000 Y
b1000 P
b111 `
bx :
bx F
bx W
b0 4
b0 [
b0 ]
b0 m
b1000 =
b1000 b
b1000 k
b1000 v
b1000 /
b1000 _
b1000 y
b1000 p
b0 >
b0 G
b0 \
b0 j
02
0o
1;
1l
1.
1q
b0 ("
b1100000101011011 0
b1100000101011011 s
b1100000101011011 $"
b110 <
b110 {
b110 !"
b110 #"
b111000000001000 1
b111000000001000 a
b111000000001000 t
1'
#2630000
0'
#2640000
b0 ("
1u
1""
b1000000100100011 0
b1000000100100011 s
b1000000100100011 $"
b1000 <
b1000 {
b1000 !"
b1000 #"
1'
#2650000
0'
#2660000
b10 A
b10 O
b10 Y
b10 P
b10 8
b10 E
b10 x
b101100 -
b101100 z
b101100 ~
b101100 |
b1000 `
b10 9
b10 X
b10 w
b100011 3
b100011 Z
b100011 ^
b100011 n
b10 :
b10 F
b10 W
b10010 4
b10010 [
b10010 ]
b10010 m
b10011 =
b10011 b
b10011 k
b10011 v
b100011 /
b100011 _
b100011 y
b100011 p
12
1o
0;
0l
0.
0q
1,
1r
17
b0 ("
0""
b100000000101111 0
b100000000101111 s
b100000000101111 $"
b1001 <
b1001 {
b1001 !"
b1001 #"
0u
b1000000100100011 1
b1000000100100011 a
b1000000100100011 t
1'
#2670000
0'
#2680000
b1111 8
b1111 E
b1111 x
b100 `
bx 9
bx X
bx w
b0 3
b0 Z
b0 ^
b0 n
b1111 =
b1111 b
b1111 k
b1111 v
b0 /
b0 _
b0 y
b0 p
b10 >
b10 G
b10 \
b10 j
07
b1010 -
b1010 z
b1010 ~
b1010 |
b0 ("
b10 '"
b100000000101111 1
b100000000101111 a
b100000000101111 t
b110000000100000 0
b110000000100000 s
b110000000100000 $"
b1010 <
b1010 {
b1010 !"
b1010 #"
1'
#2690000
0'
#2700000
b0 8
b0 E
b0 x
0?
b10 A
b10 O
b10 Y
b10 P
b1011 -
b1011 z
b1011 ~
b1011 |
b110 `
b0 =
b0 b
b0 k
b0 v
b11 >
b11 G
b11 \
b11 j
0,
0r
b0 ("
b10 '"
b101000011111001 0
b101000011111001 s
b101000011111001 $"
b1011 <
b1011 {
b1011 !"
b1011 #"
b110000000100000 1
b110000000100000 a
b110000000100000 t
1'
#2710000
0'
#2720000
b101 `
b1100 -
b1100 z
b1100 ~
b1100 |
b0 ("
b101000011111001 1
b101000011111001 a
b101000011111001 t
b110000000100001 0
b110000000100001 s
b110000000100001 $"
b1100 <
b1100 {
b1100 !"
b1100 #"
1'
#2730000
0'
#2740000
b1 A
b1 O
b1 Y
b1 P
b1 8
b1 E
b1 x
b1101 -
b1101 z
b1101 ~
b1101 |
b110 `
b1 =
b1 b
b1 k
b1 v
b0 ("
b101000100000001 0
b101000100000001 s
b101000100000001 $"
b1101 <
b1101 {
b1101 !"
b1101 #"
b110000000100001 1
b110000000100001 a
b110000000100001 t
1'
#2750000
0'
#2760000
b101 `
b1110 -
b1110 z
b1110 ~
b1110 |
b0 ("
b101000100000001 1
b101000100000001 a
b101000100000001 t
b110000000100010 0
b110000000100010 s
b110000000100010 $"
b1110 <
b1110 {
b1110 !"
b1110 #"
1'
#2770000
0'
#2780000
15
b0 A
b0 O
b0 Y
b0 P
b10 8
b10 E
b10 x
b1111 -
b1111 z
b1111 ~
b1111 |
b110 `
b10 =
b10 b
b10 k
b10 v
b0 ("
b101000100001001 0
b101000100001001 s
b101000100001001 $"
b1111 <
b1111 {
b1111 !"
b1111 #"
b110000000100010 1
b110000000100010 a
b110000000100010 t
1'
#2790000
0'
#2800000
b11001 8
b11001 E
b11001 x
05
b11001 A
b11001 O
b11001 Y
b11001 P
bx :
bx F
bx W
b0 4
b0 [
b0 ]
b0 m
b11001 =
b11001 b
b11001 k
b11001 v
b100001 /
b100001 _
b100001 y
b100001 p
b0 >
b0 G
b0 \
b0 j
02
0o
1.
1q
16
b101 `
b110001 -
b110001 z
b110001 ~
b110001 |
b10 ("
b101000100001001 1
b101000100001001 a
b101000100001001 t
b110000000100011 0
b110000000100011 s
b110000000100011 $"
b10000 <
b10000 {
b10000 !"
b10000 #"
1'
#2810000
0'
#2820000
06
b1010010 -
b1010010 z
b1010010 ~
b1010010 |
b0 ("
1""
b1001010100001011 0
b1001010100001011 s
b1001010100001011 $"
b110001 <
b110001 {
b110001 !"
b110001 #"
1u
1'
#2830000
0'
#2840000
b1011011 A
b1011011 O
b1011011 Y
b1011011 P
b1011011 8
b1011011 E
b1011011 x
b1001 `
b1011011 :
b1011011 F
b1011011 W
b10000 4
b10000 [
b10000 ]
b10000 m
b1011011 =
b1011011 b
b1011011 k
b1011011 v
b0 /
b0 _
b0 y
b0 p
12
1o
0.
0q
1,
1r
b110010 -
b110010 z
b110010 ~
b110010 |
b0 ("
0u
b1001010100001011 1
b1001010100001011 a
b1001010100001011 t
0""
b1100000100001011 0
b1100000100001011 s
b1100000100001011 $"
b110010 <
b110010 {
b110010 !"
b110010 #"
1'
#2850000
0'
#2860000
b110011 -
b110011 z
b110011 ~
b110011 |
b1100 `
b1011011 9
b1011011 X
b1011011 w
b10000 3
b10000 Z
b10000 ^
b10000 n
b101011 4
b101011 [
b101011 ]
b101011 m
b11011 =
b11011 b
b11011 k
b11011 v
17
b0 ("
b1011011 %"
b111000000000001 0
b111000000000001 s
b111000000000001 $"
b110011 <
b110011 {
b110011 !"
b110011 #"
b1100000100001011 1
b1100000100001011 a
b1100000100001011 t
1'
#2870000
0'
#2880000
b1 A
b1 O
b1 Y
b1 P
b1 8
b1 E
b1 x
b111 `
bx 9
bx X
bx w
b0 3
b0 Z
b0 ^
b0 n
bx :
bx F
bx W
b0 4
b0 [
b0 ]
b0 m
b1 =
b1 b
b1 k
b1 v
b1 /
b1 _
b1 y
b1 p
02
0o
1;
1l
1.
1q
0,
0r
07
b1 -
b1 z
b1 ~
b1 |
b0 ("
b111000000000001 1
b111000000000001 a
b111000000000001 t
b1001010000001111 0
b1001010000001111 s
b1001010000001111 $"
b110100 <
b110100 {
b110100 !"
b110100 #"
1'
#2890000
0'
#2900000
b0 ("
1""
b1000000101000110 0
b1000000101000110 s
b1000000101000110 $"
b1 <
b1 {
b1 !"
b1 #"
1u
1'
#2910000
0'
#2920000
b1 -
b1 z
b1 ~
b1 |
b1000 `
b1 9
b1 X
b1 w
b100110 3
b100110 Z
b100110 ^
b100110 n
b1 :
b1 F
b1 W
b10100 4
b10100 [
b10100 ]
b10100 m
b10110 =
b10110 b
b10110 k
b10110 v
b1000110 /
b1000110 _
b1000110 y
b1000110 p
12
1o
0;
0l
0.
0q
1,
1r
17
b0 ("
0u
b1000000101000110 1
b1000000101000110 a
b1000000101000110 t
0""
b100000001000001 0
b100000001000001 s
b100000001000001 $"
b10 <
b10 {
b10 !"
b10 #"
1'
#2930000
0'
#2940000
b11 -
b11 z
b11 ~
b11 |
b100 `
bx 9
bx X
bx w
b0 3
b0 Z
b0 ^
b0 n
b1 =
b1 b
b1 k
b1 v
b0 /
b0 _
b0 y
b0 p
b10 >
b10 G
b10 \
b10 j
07
b0 ("
b110000001000000 0
b110000001000000 s
b110000001000000 $"
b11 <
b11 {
b11 !"
b11 #"
b100000001000001 1
b100000001000001 a
b100000001000001 t
1'
#2950000
0'
#2960000
b0 8
b0 E
b0 x
05
b1 A
b1 O
b1 Y
b1 P
b110 `
b0 =
b0 b
b0 k
b0 v
b11 >
b11 G
b11 \
b11 j
0,
0r
b100 -
b100 z
b100 ~
b100 |
b0 ("
b110000001000000 1
b110000001000000 a
b110000001000000 t
b101000000001001 0
b101000000001001 s
b101000000001001 $"
b100 <
b100 {
b100 !"
b100 #"
1'
#2970000
0'
#2980000
b101 -
b101 z
b101 ~
b101 |
b101 `
b0 ("
b111000000001000 0
b111000000001000 s
b111000000001000 $"
b101 <
b101 {
b101 !"
b101 #"
b101000000001001 1
b101000000001001 a
b101000000001001 t
1'
#2990000
0'
#3000000
b1000 8
b1000 E
b1000 x
05
b1000 A
b1000 O
b1000 Y
b1000 P
b111 `
bx :
bx F
bx W
b0 4
b0 [
b0 ]
b0 m
b1000 =
b1000 b
b1000 k
b1000 v
b1000 /
b1000 _
b1000 y
b1000 p
b0 >
b0 G
b0 \
b0 j
02
0o
1;
1l
1.
1q
b1000 -
b1000 z
b1000 ~
b1000 |
b0 ("
b111000000001000 1
b111000000001000 a
b111000000001000 t
b1100000101011011 0
b1100000101011011 s
b1100000101011011 $"
b110 <
b110 {
b110 !"
b110 #"
1'
#3010000
0'
#3020000
b0 ("
1""
b1000000100100011 0
b1000000100100011 s
b1000000100100011 $"
b1000 <
b1000 {
b1000 !"
b1000 #"
1u
1'
#3030000
0'
#3040000
b10 A
b10 O
b10 Y
b10 P
b1000 -
b1000 z
b1000 ~
b1000 |
b10 8
b10 E
b10 x
b1000 `
b10 9
b10 X
b10 w
b100011 3
b100011 Z
b100011 ^
b100011 n
b10 :
b10 F
b10 W
b10010 4
b10010 [
b10010 ]
b10010 m
b10011 =
b10011 b
b10011 k
b10011 v
b100011 /
b100011 _
b100011 y
b100011 p
12
1o
0;
0l
0.
0q
1,
1r
17
b0 ("
0u
b1000000100100011 1
b1000000100100011 a
b1000000100100011 t
0""
b100000000101111 0
b100000000101111 s
b100000000101111 $"
b1001 <
b1001 {
b1001 !"
b1001 #"
1'
#3050000
0'
#3060000
b1111 8
b1111 E
b1111 x
b1010 -
b1010 z
b1010 ~
b1010 |
b100 `
bx 9
bx X
bx w
b0 3
b0 Z
b0 ^
b0 n
b1111 =
b1111 b
b1111 k
b1111 v
b0 /
b0 _
b0 y
b0 p
b10 >
b10 G
b10 \
b10 j
07
b0 ("
b10 '"
b110000000100000 0
b110000000100000 s
b110000000100000 $"
b1010 <
b1010 {
b1010 !"
b1010 #"
b100000000101111 1
b100000000101111 a
b100000000101111 t
1'
#3070000
0'
#3080000
b0 8
b0 E
b0 x
0?
b10 A
b10 O
b10 Y
b10 P
b110 `
b0 =
b0 b
b0 k
b0 v
b11 >
b11 G
b11 \
b11 j
0,
0r
b1011 -
b1011 z
b1011 ~
b1011 |
b0 ("
b10 '"
b110000000100000 1
b110000000100000 a
b110000000100000 t
b101000011111001 0
b101000011111001 s
b101000011111001 $"
b1011 <
b1011 {
b1011 !"
b1011 #"
1'
#3090000
0'
#3100000
b1100 -
b1100 z
b1100 ~
b1100 |
b101 `
b0 ("
b110000000100001 0
b110000000100001 s
b110000000100001 $"
b1100 <
b1100 {
b1100 !"
b1100 #"
b101000011111001 1
b101000011111001 a
b101000011111001 t
1'
#3110000
0'
#3120000
b1 A
b1 O
b1 Y
b1 P
b1 8
b1 E
b1 x
b110 `
b1 =
b1 b
b1 k
b1 v
b1101 -
b1101 z
b1101 ~
b1101 |
b0 ("
b110000000100001 1
b110000000100001 a
b110000000100001 t
b101000100000001 0
b101000100000001 s
b101000100000001 $"
b1101 <
b1101 {
b1101 !"
b1101 #"
1'
#3130000
0'
#3140000
b1110 -
b1110 z
b1110 ~
b1110 |
b101 `
b0 ("
b110000000100010 0
b110000000100010 s
b110000000100010 $"
b1110 <
b1110 {
b1110 !"
b1110 #"
b101000100000001 1
b101000100000001 a
b101000100000001 t
1'
#3150000
0'
#3160000
15
b0 A
b0 O
b0 Y
b0 P
b10 8
b10 E
b10 x
b110 `
b10 =
b10 b
b10 k
b10 v
b1111 -
b1111 z
b1111 ~
b1111 |
b0 ("
b110000000100010 1
b110000000100010 a
b110000000100010 t
b101000100001001 0
b101000100001001 s
b101000100001001 $"
b1111 <
b1111 {
b1111 !"
b1111 #"
1'
#3170000
0'
#3180000
b11001 8
b11001 E
b11001 x
05
b11001 A
b11001 O
b11001 Y
b11001 P
bx :
bx F
bx W
b0 4
b0 [
b0 ]
b0 m
b11001 =
b11001 b
b11001 k
b11001 v
b100001 /
b100001 _
b100001 y
b100001 p
b0 >
b0 G
b0 \
b0 j
02
0o
1.
1q
16
b110001 -
b110001 z
b110001 ~
b110001 |
b101 `
b10 ("
b110000000100011 0
b110000000100011 s
b110000000100011 $"
b10000 <
b10000 {
b10000 !"
b10000 #"
b101000100001001 1
b101000100001001 a
b101000100001001 t
1'
#3190000
0'
#3200000
06
b1010010 -
b1010010 z
b1010010 ~
b1010010 |
b0 ("
1u
1""
b1001010100001011 0
b1001010100001011 s
b1001010100001011 $"
b110001 <
b110001 {
b110001 !"
b110001 #"
1'
#3205000
b11 $
b11 )
b11 Q
#3210000
0'
#3220000
b1011011 A
b1011011 O
b1011011 Y
b1011011 P
b1011011 8
b1011011 E
b1011011 x
b110010 -
b110010 z
b110010 ~
b110010 |
b1001 `
b1011011 :
b1011011 F
b1011011 W
b10000 4
b10000 [
b10000 ]
b10000 m
b1011011 =
b1011011 b
b1011011 k
b1011011 v
b0 /
b0 _
b0 y
b0 p
12
1o
0.
0q
1,
1r
b0 ("
0""
b1100000100001011 0
b1100000100001011 s
b1100000100001011 $"
b110010 <
b110010 {
b110010 !"
b110010 #"
0u
b1001010100001011 1
b1001010100001011 a
b1001010100001011 t
1'
#3230000
0'
#3240000
b1100 `
b1011011 9
b1011011 X
b1011011 w
b10000 3
b10000 Z
b10000 ^
b10000 n
b101011 4
b101011 [
b101011 ]
b101011 m
b11011 =
b11011 b
b11011 k
b11011 v
17
b110011 -
b110011 z
b110011 ~
b110011 |
b0 ("
b1011011 %"
b1100000100001011 1
b1100000100001011 a
b1100000100001011 t
b111000000000001 0
b111000000000001 s
b111000000000001 $"
b110011 <
b110011 {
b110011 !"
b110011 #"
1'
#3250000
0'
#3260000
b1 -
b1 z
b1 ~
b1 |
b1 A
b1 O
b1 Y
b1 P
b1 8
b1 E
b1 x
b111 `
bx 9
bx X
bx w
b0 3
b0 Z
b0 ^
b0 n
bx :
bx F
bx W
b0 4
b0 [
b0 ]
b0 m
b1 =
b1 b
b1 k
b1 v
b1 /
b1 _
b1 y
b1 p
02
0o
1;
1l
1.
1q
0,
0r
07
b0 ("
b1001010000001111 0
b1001010000001111 s
b1001010000001111 $"
b110100 <
b110100 {
b110100 !"
b110100 #"
b111000000000001 1
b111000000000001 a
b111000000000001 t
1'
#3270000
0'
#3280000
b0 ("
1u
1""
b1000000101000110 0
b1000000101000110 s
b1000000101000110 $"
b1 <
b1 {
b1 !"
b1 #"
1'
#3290000
0'
#3300000
b1001000 -
b1001000 z
b1001000 ~
b1001000 |
b1000 `
b1 9
b1 X
b1 w
b100110 3
b100110 Z
b100110 ^
b100110 n
b1 :
b1 F
b1 W
b10100 4
b10100 [
b10100 ]
b10100 m
b10110 =
b10110 b
b10110 k
b10110 v
b1000110 /
b1000110 _
b1000110 y
b1000110 p
12
1o
0;
0l
0.
0q
1,
1r
17
b0 ("
0""
b100000001000001 0
b100000001000001 s
b100000001000001 $"
b10 <
b10 {
b10 !"
b10 #"
0u
b1000000101000110 1
b1000000101000110 a
b1000000101000110 t
1'
#3310000
0'
#3320000
b100 `
bx 9
bx X
bx w
b0 3
b0 Z
b0 ^
b0 n
b1 =
b1 b
b1 k
b1 v
b0 /
b0 _
b0 y
b0 p
b10 >
b10 G
b10 \
b10 j
07
b11 -
b11 z
b11 ~
b11 |
b0 ("
b100000001000001 1
b100000001000001 a
b100000001000001 t
b110000001000000 0
b110000001000000 s
b110000001000000 $"
b11 <
b11 {
b11 !"
b11 #"
1'
#3330000
0'
#3340000
b0 8
b0 E
b0 x
05
b1 A
b1 O
b1 Y
b1 P
b100 -
b100 z
b100 ~
b100 |
b110 `
b0 =
b0 b
b0 k
b0 v
b11 >
b11 G
b11 \
b11 j
0,
0r
b0 ("
b101000000001001 0
b101000000001001 s
b101000000001001 $"
b100 <
b100 {
b100 !"
b100 #"
b110000001000000 1
b110000001000000 a
b110000001000000 t
1'
#3350000
0'
#3360000
b101 `
b101 -
b101 z
b101 ~
b101 |
b0 ("
b101000000001001 1
b101000000001001 a
b101000000001001 t
b111000000001000 0
b111000000001000 s
b111000000001000 $"
b101 <
b101 {
b101 !"
b101 #"
1'
#3370000
0'
#3380000
b1000 -
b1000 z
b1000 ~
b1000 |
b1000 8
b1000 E
b1000 x
05
b1000 A
b1000 O
b1000 Y
b1000 P
b111 `
bx :
bx F
bx W
b0 4
b0 [
b0 ]
b0 m
b1000 =
b1000 b
b1000 k
b1000 v
b1000 /
b1000 _
b1000 y
b1000 p
b0 >
b0 G
b0 \
b0 j
02
0o
1;
1l
1.
1q
b0 ("
b1100000101011011 0
b1100000101011011 s
b1100000101011011 $"
b110 <
b110 {
b110 !"
b110 #"
b111000000001000 1
b111000000001000 a
b111000000001000 t
1'
#3390000
0'
#3400000
b0 ("
1u
1""
b1000000100100011 0
b1000000100100011 s
b1000000100100011 $"
b1000 <
b1000 {
b1000 !"
b1000 #"
1'
#3410000
0'
#3420000
b11 A
b11 O
b11 Y
b11 P
b11 8
b11 E
b11 x
b101100 -
b101100 z
b101100 ~
b101100 |
b1000 `
b11 9
b11 X
b11 w
b100011 3
b100011 Z
b100011 ^
b100011 n
b10 :
b10 F
b10 W
b10010 4
b10010 [
b10010 ]
b10010 m
b10011 =
b10011 b
b10011 k
b10011 v
b100011 /
b100011 _
b100011 y
b100011 p
12
1o
0;
0l
0.
0q
1,
1r
17
b0 ("
0""
b100000000101111 0
b100000000101111 s
b100000000101111 $"
b1001 <
b1001 {
b1001 !"
b1001 #"
0u
b1000000100100011 1
b1000000100100011 a
b1000000100100011 t
1'
#3430000
0'
#3440000
b1111 8
b1111 E
b1111 x
b100 `
bx 9
bx X
bx w
b0 3
b0 Z
b0 ^
b0 n
b1111 =
b1111 b
b1111 k
b1111 v
b0 /
b0 _
b0 y
b0 p
b10 >
b10 G
b10 \
b10 j
07
b1010 -
b1010 z
b1010 ~
b1010 |
b0 ("
b11 '"
b11 :
b11 F
b11 W
b100000000101111 1
b100000000101111 a
b100000000101111 t
b110000000100000 0
b110000000100000 s
b110000000100000 $"
b1010 <
b1010 {
b1010 !"
b1010 #"
1'
#3450000
0'
#3460000
b0 8
b0 E
b0 x
0?
b11 A
b11 O
b11 Y
b11 P
b1011 -
b1011 z
b1011 ~
b1011 |
b110 `
b0 =
b0 b
b0 k
b0 v
b11 >
b11 G
b11 \
b11 j
0,
0r
b0 ("
b11 '"
b101000011111001 0
b101000011111001 s
b101000011111001 $"
b1011 <
b1011 {
b1011 !"
b1011 #"
b110000000100000 1
b110000000100000 a
b110000000100000 t
1'
#3470000
0'
#3480000
b101 `
b1100 -
b1100 z
b1100 ~
b1100 |
b0 ("
b101000011111001 1
b101000011111001 a
b101000011111001 t
b110000000100001 0
b110000000100001 s
b110000000100001 $"
b1100 <
b1100 {
b1100 !"
b1100 #"
1'
#3490000
0'
#3500000
b10 A
b10 O
b10 Y
b10 P
b1 8
b1 E
b1 x
b1101 -
b1101 z
b1101 ~
b1101 |
b110 `
b1 =
b1 b
b1 k
b1 v
b0 ("
b101000100000001 0
b101000100000001 s
b101000100000001 $"
b1101 <
b1101 {
b1101 !"
b1101 #"
b110000000100001 1
b110000000100001 a
b110000000100001 t
1'
#3510000
0'
#3520000
b101 `
b1110 -
b1110 z
b1110 ~
b1110 |
b0 ("
b101000100000001 1
b101000100000001 a
b101000100000001 t
b110000000100010 0
b110000000100010 s
b110000000100010 $"
b1110 <
b1110 {
b1110 !"
b1110 #"
1'
#3530000
0'
#3540000
b1 A
b1 O
b1 Y
b1 P
b10 8
b10 E
b10 x
b1111 -
b1111 z
b1111 ~
b1111 |
b110 `
b10 =
b10 b
b10 k
b10 v
b0 ("
b101000100001001 0
b101000100001001 s
b101000100001001 $"
b1111 <
b1111 {
b1111 !"
b1111 #"
b110000000100010 1
b110000000100010 a
b110000000100010 t
1'
#3550000
0'
#3560000
b101 `
b10000 -
b10000 z
b10000 ~
b10000 |
b0 ("
b101000100001001 1
b101000100001001 a
b101000100001001 t
b110000000100011 0
b110000000100011 s
b110000000100011 $"
b10000 <
b10000 {
b10000 !"
b10000 #"
1'
#3570000
0'
#3580000
15
b0 A
b0 O
b0 Y
b0 P
b11 8
b11 E
b11 x
b10001 -
b10001 z
b10001 ~
b10001 |
b110 `
b11 =
b11 b
b11 k
b11 v
b0 ("
b101000100010001 0
b101000100010001 s
b101000100010001 $"
b10001 <
b10001 {
b10001 !"
b10001 #"
b110000000100011 1
b110000000100011 a
b110000000100011 t
1'
#3590000
0'
#3600000
b10001 8
b10001 E
b10001 x
05
b10001 A
b10001 O
b10001 Y
b10001 P
bx :
bx F
bx W
b0 4
b0 [
b0 ]
b0 m
b10001 =
b10001 b
b10001 k
b10001 v
b100010 /
b100010 _
b100010 y
b100010 p
b0 >
b0 G
b0 \
b0 j
02
0o
1.
1q
16
b101 `
b110100 -
b110100 z
b110100 ~
b110100 |
b10 ("
b101000100010001 1
b101000100010001 a
b101000100010001 t
b110000000100100 0
b110000000100100 s
b110000000100100 $"
b10010 <
b10010 {
b10010 !"
b10010 #"
1'
#3610000
0'
#3620000
06
b1010110 -
b1010110 z
b1010110 ~
b1010110 |
b0 ("
1""
b1001010000001111 0
b1001010000001111 s
b1001010000001111 $"
b110100 <
b110100 {
b110100 !"
b110100 #"
1u
1'
#3630000
0'
#3640000
b1001111 A
b1001111 O
b1001111 Y
b1001111 P
b1001111 8
b1001111 E
b1001111 x
b1001 `
b1011011 :
b1011011 F
b1011011 W
b10000 4
b10000 [
b10000 ]
b10000 m
b1001111 =
b1001111 b
b1001111 k
b1001111 v
b0 /
b0 _
b0 y
b0 p
12
1o
0.
0q
1,
1r
b110101 -
b110101 z
b110101 ~
b110101 |
b0 ("
0u
b1001010000001111 1
b1001010000001111 a
b1001010000001111 t
0""
b1100000100001011 0
b1100000100001011 s
b1100000100001011 $"
b110101 <
b110101 {
b110101 !"
b110101 #"
1'
#3650000
0'
#3660000
b110110 -
b110110 z
b110110 ~
b110110 |
b1100 `
b1001111 9
b1001111 X
b1001111 w
b10000 3
b10000 Z
b10000 ^
b10000 n
b101011 4
b101011 [
b101011 ]
b101011 m
b11011 =
b11011 b
b11011 k
b11011 v
17
b0 ("
b1001111 %"
b1011011 :
b1011011 F
b1011011 W
b111000000000001 0
b111000000000001 s
b111000000000001 $"
b110110 <
b110110 {
b110110 !"
b110110 #"
b1100000100001011 1
b1100000100001011 a
b1100000100001011 t
1'
#3670000
0'
#3680000
b1 A
b1 O
b1 Y
b1 P
b1 8
b1 E
b1 x
b111 `
bx 9
bx X
bx w
b0 3
b0 Z
b0 ^
b0 n
b0 4
b0 [
b0 ]
b0 m
b1 =
b1 b
b1 k
b1 v
b1 /
b1 _
b1 y
b1 p
02
0o
1;
1l
1.
1q
0,
0r
07
b1 -
b1 z
b1 ~
b1 |
b0 ("
bx :
bx F
bx W
b1001111 !
b1001111 B
b1001111 V
b111000000000001 1
b111000000000001 a
b111000000000001 t
b1001011000000110 0
b1001011000000110 s
b1001011000000110 $"
b110111 <
b110111 {
b110111 !"
b110111 #"
1'
#3690000
0'
#3700000
b0 ("
1""
b1000000101000110 0
b1000000101000110 s
b1000000101000110 $"
b1 <
b1 {
b1 !"
b1 #"
1u
1'
#3710000
0'
#3720000
b1 -
b1 z
b1 ~
b1 |
b1000 `
b1 9
b1 X
b1 w
b100110 3
b100110 Z
b100110 ^
b100110 n
b1 :
b1 F
b1 W
b10100 4
b10100 [
b10100 ]
b10100 m
b10110 =
b10110 b
b10110 k
b10110 v
b1000110 /
b1000110 _
b1000110 y
b1000110 p
12
1o
0;
0l
0.
0q
1,
1r
17
b0 ("
0u
b1000000101000110 1
b1000000101000110 a
b1000000101000110 t
0""
b100000001000001 0
b100000001000001 s
b100000001000001 $"
b10 <
b10 {
b10 !"
b10 #"
1'
#3730000
0'
#3740000
b11 -
b11 z
b11 ~
b11 |
b100 `
bx 9
bx X
bx w
b0 3
b0 Z
b0 ^
b0 n
b1 =
b1 b
b1 k
b1 v
b0 /
b0 _
b0 y
b0 p
b10 >
b10 G
b10 \
b10 j
07
b0 ("
b110000001000000 0
b110000001000000 s
b110000001000000 $"
b11 <
b11 {
b11 !"
b11 #"
b100000001000001 1
b100000001000001 a
b100000001000001 t
1'
#3750000
0'
#3760000
b0 8
b0 E
b0 x
05
b1 A
b1 O
b1 Y
b1 P
b110 `
b0 =
b0 b
b0 k
b0 v
b11 >
b11 G
b11 \
b11 j
0,
0r
b100 -
b100 z
b100 ~
b100 |
b0 ("
b110000001000000 1
b110000001000000 a
b110000001000000 t
b101000000001001 0
b101000000001001 s
b101000000001001 $"
b100 <
b100 {
b100 !"
b100 #"
1'
#3770000
0'
#3780000
b101 -
b101 z
b101 ~
b101 |
b101 `
b0 ("
b111000000001000 0
b111000000001000 s
b111000000001000 $"
b101 <
b101 {
b101 !"
b101 #"
b101000000001001 1
b101000000001001 a
b101000000001001 t
1'
#3790000
0'
#3800000
b1000 8
b1000 E
b1000 x
05
b1000 A
b1000 O
b1000 Y
b1000 P
b111 `
bx :
bx F
bx W
b0 4
b0 [
b0 ]
b0 m
b1000 =
b1000 b
b1000 k
b1000 v
b1000 /
b1000 _
b1000 y
b1000 p
b0 >
b0 G
b0 \
b0 j
02
0o
1;
1l
1.
1q
b1000 -
b1000 z
b1000 ~
b1000 |
b0 ("
b111000000001000 1
b111000000001000 a
b111000000001000 t
b1100000101011011 0
b1100000101011011 s
b1100000101011011 $"
b110 <
b110 {
b110 !"
b110 #"
1'
#3810000
0'
#3820000
b0 ("
1""
b1000000100100011 0
b1000000100100011 s
b1000000100100011 $"
b1000 <
b1000 {
b1000 !"
b1000 #"
1u
1'
#3830000
0'
#3840000
b11 A
b11 O
b11 Y
b11 P
b1000 -
b1000 z
b1000 ~
b1000 |
b11 8
b11 E
b11 x
b1000 `
b11 9
b11 X
b11 w
b100011 3
b100011 Z
b100011 ^
b100011 n
b11 :
b11 F
b11 W
b10010 4
b10010 [
b10010 ]
b10010 m
b10011 =
b10011 b
b10011 k
b10011 v
b100011 /
b100011 _
b100011 y
b100011 p
12
1o
0;
0l
0.
0q
1,
1r
17
b0 ("
0u
b1000000100100011 1
b1000000100100011 a
b1000000100100011 t
0""
b100000000101111 0
b100000000101111 s
b100000000101111 $"
b1001 <
b1001 {
b1001 !"
b1001 #"
1'
#3850000
0'
#3860000
b1111 8
b1111 E
b1111 x
b1010 -
b1010 z
b1010 ~
b1010 |
b100 `
bx 9
bx X
bx w
b0 3
b0 Z
b0 ^
b0 n
b1111 =
b1111 b
b1111 k
b1111 v
b0 /
b0 _
b0 y
b0 p
b10 >
b10 G
b10 \
b10 j
07
b0 ("
b11 '"
b110000000100000 0
b110000000100000 s
b110000000100000 $"
b1010 <
b1010 {
b1010 !"
b1010 #"
b100000000101111 1
b100000000101111 a
b100000000101111 t
1'
#3870000
0'
#3880000
b0 8
b0 E
b0 x
0?
b11 A
b11 O
b11 Y
b11 P
b110 `
b0 =
b0 b
b0 k
b0 v
b11 >
b11 G
b11 \
b11 j
0,
0r
b1011 -
b1011 z
b1011 ~
b1011 |
b0 ("
b11 '"
b110000000100000 1
b110000000100000 a
b110000000100000 t
b101000011111001 0
b101000011111001 s
b101000011111001 $"
b1011 <
b1011 {
b1011 !"
b1011 #"
1'
#3890000
0'
#3900000
b1100 -
b1100 z
b1100 ~
b1100 |
b101 `
b0 ("
b110000000100001 0
b110000000100001 s
b110000000100001 $"
b1100 <
b1100 {
b1100 !"
b1100 #"
b101000011111001 1
b101000011111001 a
b101000011111001 t
1'
#3910000
0'
#3920000
b10 A
b10 O
b10 Y
b10 P
b1 8
b1 E
b1 x
b110 `
b1 =
b1 b
b1 k
b1 v
b1101 -
b1101 z
b1101 ~
b1101 |
b0 ("
b110000000100001 1
b110000000100001 a
b110000000100001 t
b101000100000001 0
b101000100000001 s
b101000100000001 $"
b1101 <
b1101 {
b1101 !"
b1101 #"
1'
#3930000
0'
#3940000
b1110 -
b1110 z
b1110 ~
b1110 |
b101 `
b0 ("
b110000000100010 0
b110000000100010 s
b110000000100010 $"
b1110 <
b1110 {
b1110 !"
b1110 #"
b101000100000001 1
b101000100000001 a
b101000100000001 t
1'
#3950000
0'
#3960000
b1 A
b1 O
b1 Y
b1 P
b10 8
b10 E
b10 x
b110 `
b10 =
b10 b
b10 k
b10 v
b1111 -
b1111 z
b1111 ~
b1111 |
b0 ("
b110000000100010 1
b110000000100010 a
b110000000100010 t
b101000100001001 0
b101000100001001 s
b101000100001001 $"
b1111 <
b1111 {
b1111 !"
b1111 #"
1'
#3970000
0'
#3980000
b10000 -
b10000 z
b10000 ~
b10000 |
b101 `
b0 ("
b110000000100011 0
b110000000100011 s
b110000000100011 $"
b10000 <
b10000 {
b10000 !"
b10000 #"
b101000100001001 1
b101000100001001 a
b101000100001001 t
1'
#3990000
0'
#4000000
15
b0 A
b0 O
b0 Y
b0 P
b11 8
b11 E
b11 x
b110 `
b11 =
b11 b
b11 k
b11 v
b10001 -
b10001 z
b10001 ~
b10001 |
b0 ("
b110000000100011 1
b110000000100011 a
b110000000100011 t
b101000100010001 0
b101000100010001 s
b101000100010001 $"
b10001 <
b10001 {
b10001 !"
b10001 #"
1'
#4010000
0'
#4020000
b10001 8
b10001 E
b10001 x
05
b10001 A
b10001 O
b10001 Y
b10001 P
bx :
bx F
bx W
b0 4
b0 [
b0 ]
b0 m
b10001 =
b10001 b
b10001 k
b10001 v
b100010 /
b100010 _
b100010 y
b100010 p
b0 >
b0 G
b0 \
b0 j
02
0o
1.
1q
16
b110100 -
b110100 z
b110100 ~
b110100 |
b101 `
b10 ("
b110000000100100 0
b110000000100100 s
b110000000100100 $"
b10010 <
b10010 {
b10010 !"
b10010 #"
b101000100010001 1
b101000100010001 a
b101000100010001 t
1'
#4030000
0'
#4040000
06
b1010110 -
b1010110 z
b1010110 ~
b1010110 |
b0 ("
1u
1""
b1001010000001111 0
b1001010000001111 s
b1001010000001111 $"
b110100 <
b110100 {
b110100 !"
b110100 #"
1'
#4050000
0'
#4060000
b1001111 A
b1001111 O
b1001111 Y
b1001111 P
b1001111 8
b1001111 E
b1001111 x
b110101 -
b110101 z
b110101 ~
b110101 |
b1001 `
b1001111 :
b1001111 F
b1001111 W
b10000 4
b10000 [
b10000 ]
b10000 m
b1001111 =
b1001111 b
b1001111 k
b1001111 v
b0 /
b0 _
b0 y
b0 p
12
1o
0.
0q
1,
1r
b0 ("
0""
b1100000100001011 0
b1100000100001011 s
b1100000100001011 $"
b110101 <
b110101 {
b110101 !"
b110101 #"
0u
b1001010000001111 1
b1001010000001111 a
b1001010000001111 t
1'
#4070000
0'
#4080000
b1100 `
b1001111 9
b1001111 X
b1001111 w
b10000 3
b10000 Z
b10000 ^
b10000 n
b101011 4
b101011 [
b101011 ]
b101011 m
b11011 =
b11011 b
b11011 k
b11011 v
17
b110110 -
b110110 z
b110110 ~
b110110 |
b0 ("
b1001111 %"
b1100000100001011 1
b1100000100001011 a
b1100000100001011 t
b111000000000001 0
b111000000000001 s
b111000000000001 $"
b110110 <
b110110 {
b110110 !"
b110110 #"
1'
#4090000
0'
#4100000
b1 -
b1 z
b1 ~
b1 |
b1 A
b1 O
b1 Y
b1 P
b1 8
b1 E
b1 x
b111 `
bx 9
bx X
bx w
b0 3
b0 Z
b0 ^
b0 n
bx :
bx F
bx W
b0 4
b0 [
b0 ]
b0 m
b1 =
b1 b
b1 k
b1 v
b1 /
b1 _
b1 y
b1 p
02
0o
1;
1l
1.
1q
0,
0r
07
b0 ("
b1001011000000110 0
b1001011000000110 s
b1001011000000110 $"
b110111 <
b110111 {
b110111 !"
b110111 #"
b111000000000001 1
b111000000000001 a
b111000000000001 t
1'
#4110000
0'
#4120000
b0 ("
1u
1""
b1000000101000110 0
b1000000101000110 s
b1000000101000110 $"
b1 <
b1 {
b1 !"
b1 #"
1'
#4130000
0'
#4140000
b1001000 -
b1001000 z
b1001000 ~
b1001000 |
b1000 `
b1 9
b1 X
b1 w
b100110 3
b100110 Z
b100110 ^
b100110 n
b1 :
b1 F
b1 W
b10100 4
b10100 [
b10100 ]
b10100 m
b10110 =
b10110 b
b10110 k
b10110 v
b1000110 /
b1000110 _
b1000110 y
b1000110 p
12
1o
0;
0l
0.
0q
1,
1r
17
b0 ("
0""
b100000001000001 0
b100000001000001 s
b100000001000001 $"
b10 <
b10 {
b10 !"
b10 #"
0u
b1000000101000110 1
b1000000101000110 a
b1000000101000110 t
1'
#4150000
0'
#4160000
b100 `
bx 9
bx X
bx w
b0 3
b0 Z
b0 ^
b0 n
b1 =
b1 b
b1 k
b1 v
b0 /
b0 _
b0 y
b0 p
b10 >
b10 G
b10 \
b10 j
07
b11 -
b11 z
b11 ~
b11 |
b0 ("
b100000001000001 1
b100000001000001 a
b100000001000001 t
b110000001000000 0
b110000001000000 s
b110000001000000 $"
b11 <
b11 {
b11 !"
b11 #"
1'
#4170000
0'
#4180000
b0 8
b0 E
b0 x
05
b1 A
b1 O
b1 Y
b1 P
b100 -
b100 z
b100 ~
b100 |
b110 `
b0 =
b0 b
b0 k
b0 v
b11 >
b11 G
b11 \
b11 j
0,
0r
b0 ("
b101000000001001 0
b101000000001001 s
b101000000001001 $"
b100 <
b100 {
b100 !"
b100 #"
b110000001000000 1
b110000001000000 a
b110000001000000 t
1'
#4190000
0'
#4200000
b101 `
b101 -
b101 z
b101 ~
b101 |
b0 ("
b101000000001001 1
b101000000001001 a
b101000000001001 t
b111000000001000 0
b111000000001000 s
b111000000001000 $"
b101 <
b101 {
b101 !"
b101 #"
1'
#4205000
b100 $
b100 )
b100 Q
#4210000
0'
#4220000
b1000 -
b1000 z
b1000 ~
b1000 |
b1000 8
b1000 E
b1000 x
05
b1000 A
b1000 O
b1000 Y
b1000 P
b111 `
bx :
bx F
bx W
b0 4
b0 [
b0 ]
b0 m
b1000 =
b1000 b
b1000 k
b1000 v
b1000 /
b1000 _
b1000 y
b1000 p
b0 >
b0 G
b0 \
b0 j
02
0o
1;
1l
1.
1q
b0 ("
b1100000101011011 0
b1100000101011011 s
b1100000101011011 $"
b110 <
b110 {
b110 !"
b110 #"
b111000000001000 1
b111000000001000 a
b111000000001000 t
1'
#4230000
0'
#4240000
b0 ("
1u
1""
b1000000100100011 0
b1000000100100011 s
b1000000100100011 $"
b1000 <
b1000 {
b1000 !"
b1000 #"
1'
#4250000
0'
#4260000
b100 A
b100 O
b100 Y
b100 P
b100 8
b100 E
b100 x
b101100 -
b101100 z
b101100 ~
b101100 |
b1000 `
b100 9
b100 X
b100 w
b100011 3
b100011 Z
b100011 ^
b100011 n
b11 :
b11 F
b11 W
b10010 4
b10010 [
b10010 ]
b10010 m
b10011 =
b10011 b
b10011 k
b10011 v
b100011 /
b100011 _
b100011 y
b100011 p
12
1o
0;
0l
0.
0q
1,
1r
17
b0 ("
0""
b100000000101111 0
b100000000101111 s
b100000000101111 $"
b1001 <
b1001 {
b1001 !"
b1001 #"
0u
b1000000100100011 1
b1000000100100011 a
b1000000100100011 t
1'
#4270000
0'
#4280000
b1111 8
b1111 E
b1111 x
b100 `
bx 9
bx X
bx w
b0 3
b0 Z
b0 ^
b0 n
b1111 =
b1111 b
b1111 k
b1111 v
b0 /
b0 _
b0 y
b0 p
b10 >
b10 G
b10 \
b10 j
07
b1010 -
b1010 z
b1010 ~
b1010 |
b0 ("
b100 '"
b100 :
b100 F
b100 W
b100000000101111 1
b100000000101111 a
b100000000101111 t
b110000000100000 0
b110000000100000 s
b110000000100000 $"
b1010 <
b1010 {
b1010 !"
b1010 #"
1'
#4290000
0'
#4300000
b0 8
b0 E
b0 x
0?
b100 A
b100 O
b100 Y
b100 P
b1011 -
b1011 z
b1011 ~
b1011 |
b110 `
b0 =
b0 b
b0 k
b0 v
b11 >
b11 G
b11 \
b11 j
0,
0r
b0 ("
b100 '"
b101000011111001 0
b101000011111001 s
b101000011111001 $"
b1011 <
b1011 {
b1011 !"
b1011 #"
b110000000100000 1
b110000000100000 a
b110000000100000 t
1'
#4310000
0'
#4320000
b101 `
b1100 -
b1100 z
b1100 ~
b1100 |
b0 ("
b101000011111001 1
b101000011111001 a
b101000011111001 t
b110000000100001 0
b110000000100001 s
b110000000100001 $"
b1100 <
b1100 {
b1100 !"
b1100 #"
1'
#4330000
0'
#4340000
b11 A
b11 O
b11 Y
b11 P
b1 8
b1 E
b1 x
b1101 -
b1101 z
b1101 ~
b1101 |
b110 `
b1 =
b1 b
b1 k
b1 v
b0 ("
b101000100000001 0
b101000100000001 s
b101000100000001 $"
b1101 <
b1101 {
b1101 !"
b1101 #"
b110000000100001 1
b110000000100001 a
b110000000100001 t
1'
#4350000
0'
#4360000
b101 `
b1110 -
b1110 z
b1110 ~
b1110 |
b0 ("
b101000100000001 1
b101000100000001 a
b101000100000001 t
b110000000100010 0
b110000000100010 s
b110000000100010 $"
b1110 <
b1110 {
b1110 !"
b1110 #"
1'
#4370000
0'
#4380000
b10 A
b10 O
b10 Y
b10 P
b10 8
b10 E
b10 x
b1111 -
b1111 z
b1111 ~
b1111 |
b110 `
b10 =
b10 b
b10 k
b10 v
b0 ("
b101000100001001 0
b101000100001001 s
b101000100001001 $"
b1111 <
b1111 {
b1111 !"
b1111 #"
b110000000100010 1
b110000000100010 a
b110000000100010 t
1'
#4390000
0'
#4400000
b101 `
b10000 -
b10000 z
b10000 ~
b10000 |
b0 ("
b101000100001001 1
b101000100001001 a
b101000100001001 t
b110000000100011 0
b110000000100011 s
b110000000100011 $"
b10000 <
b10000 {
b10000 !"
b10000 #"
1'
#4410000
0'
#4420000
b1 A
b1 O
b1 Y
b1 P
b11 8
b11 E
b11 x
b10001 -
b10001 z
b10001 ~
b10001 |
b110 `
b11 =
b11 b
b11 k
b11 v
b0 ("
b101000100010001 0
b101000100010001 s
b101000100010001 $"
b10001 <
b10001 {
b10001 !"
b10001 #"
b110000000100011 1
b110000000100011 a
b110000000100011 t
1'
#4430000
0'
#4440000
b101 `
b10010 -
b10010 z
b10010 ~
b10010 |
b0 ("
b101000100010001 1
b101000100010001 a
b101000100010001 t
b110000000100100 0
b110000000100100 s
b110000000100100 $"
b10010 <
b10010 {
b10010 !"
b10010 #"
1'
#4450000
0'
#4460000
15
b0 A
b0 O
b0 Y
b0 P
b100 8
b100 E
b100 x
b10011 -
b10011 z
b10011 ~
b10011 |
b110 `
b100 =
b100 b
b100 k
b100 v
b0 ("
b101000100011001 0
b101000100011001 s
b101000100011001 $"
b10011 <
b10011 {
b10011 !"
b10011 #"
b110000000100100 1
b110000000100100 a
b110000000100100 t
1'
#4470000
0'
#4480000
b11001 8
b11001 E
b11001 x
05
b11001 A
b11001 O
b11001 Y
b11001 P
bx :
bx F
bx W
b0 4
b0 [
b0 ]
b0 m
b11001 =
b11001 b
b11001 k
b11001 v
b100011 /
b100011 _
b100011 y
b100011 p
b0 >
b0 G
b0 \
b0 j
02
0o
1.
1q
16
b101 `
b110111 -
b110111 z
b110111 ~
b110111 |
b10 ("
b101000100011001 1
b101000100011001 a
b101000100011001 t
b110000000100101 0
b110000000100101 s
b110000000100101 $"
b10100 <
b10100 {
b10100 !"
b10100 #"
1'
#4490000
0'
#4500000
06
b1011010 -
b1011010 z
b1011010 ~
b1011010 |
b0 ("
1""
b1001011000000110 0
b1001011000000110 s
b1001011000000110 $"
b110111 <
b110111 {
b110111 !"
b110111 #"
1u
1'
#4510000
0'
#4520000
b1100110 A
b1100110 O
b1100110 Y
b1100110 P
b1100110 8
b1100110 E
b1100110 x
b1001 `
b1001111 :
b1001111 F
b1001111 W
b10000 4
b10000 [
b10000 ]
b10000 m
b1100110 =
b1100110 b
b1100110 k
b1100110 v
b0 /
b0 _
b0 y
b0 p
12
1o
0.
0q
1,
1r
b111000 -
b111000 z
b111000 ~
b111000 |
b0 ("
0u
b1001011000000110 1
b1001011000000110 a
b1001011000000110 t
0""
b1100000100001011 0
b1100000100001011 s
b1100000100001011 $"
b111000 <
b111000 {
b111000 !"
b111000 #"
1'
#4530000
0'
#4540000
b111001 -
b111001 z
b111001 ~
b111001 |
b1100 `
b1100110 9
b1100110 X
b1100110 w
b10000 3
b10000 Z
b10000 ^
b10000 n
b101011 4
b101011 [
b101011 ]
b101011 m
b11011 =
b11011 b
b11011 k
b11011 v
17
b0 ("
b1100110 %"
b1001111 :
b1001111 F
b1001111 W
b111000000000001 0
b111000000000001 s
b111000000000001 $"
b111001 <
b111001 {
b111001 !"
b111001 #"
b1100000100001011 1
b1100000100001011 a
b1100000100001011 t
1'
#4550000
0'
#4560000
b1 A
b1 O
b1 Y
b1 P
b1 8
b1 E
b1 x
b111 `
bx 9
bx X
bx w
b0 3
b0 Z
b0 ^
b0 n
b0 4
b0 [
b0 ]
b0 m
b1 =
b1 b
b1 k
b1 v
b1 /
b1 _
b1 y
b1 p
02
0o
1;
1l
1.
1q
0,
0r
07
b1 -
b1 z
b1 ~
b1 |
b0 ("
bx :
bx F
bx W
b1100110 !
b1100110 B
b1100110 V
b111000000000001 1
b111000000000001 a
b111000000000001 t
b1001011000001101 0
b1001011000001101 s
b1001011000001101 $"
b111010 <
b111010 {
b111010 !"
b111010 #"
1'
#4570000
0'
#4580000
b0 ("
1""
b1000000101000110 0
b1000000101000110 s
b1000000101000110 $"
b1 <
b1 {
b1 !"
b1 #"
1u
1'
#4590000
0'
#4600000
b1 -
b1 z
b1 ~
b1 |
b1000 `
b1 9
b1 X
b1 w
b100110 3
b100110 Z
b100110 ^
b100110 n
b1 :
b1 F
b1 W
b10100 4
b10100 [
b10100 ]
b10100 m
b10110 =
b10110 b
b10110 k
b10110 v
b1000110 /
b1000110 _
b1000110 y
b1000110 p
12
1o
0;
0l
0.
0q
1,
1r
17
b0 ("
0u
b1000000101000110 1
b1000000101000110 a
b1000000101000110 t
0""
b100000001000001 0
b100000001000001 s
b100000001000001 $"
b10 <
b10 {
b10 !"
b10 #"
1'
#4610000
0'
#4620000
b11 -
b11 z
b11 ~
b11 |
b100 `
bx 9
bx X
bx w
b0 3
b0 Z
b0 ^
b0 n
b1 =
b1 b
b1 k
b1 v
b0 /
b0 _
b0 y
b0 p
b10 >
b10 G
b10 \
b10 j
07
b0 ("
b110000001000000 0
b110000001000000 s
b110000001000000 $"
b11 <
b11 {
b11 !"
b11 #"
b100000001000001 1
b100000001000001 a
b100000001000001 t
1'
#4630000
0'
#4640000
b0 8
b0 E
b0 x
05
b1 A
b1 O
b1 Y
b1 P
b110 `
b0 =
b0 b
b0 k
b0 v
b11 >
b11 G
b11 \
b11 j
0,
0r
b100 -
b100 z
b100 ~
b100 |
b0 ("
b110000001000000 1
b110000001000000 a
b110000001000000 t
b101000000001001 0
b101000000001001 s
b101000000001001 $"
b100 <
b100 {
b100 !"
b100 #"
1'
#4650000
0'
#4660000
b101 -
b101 z
b101 ~
b101 |
b101 `
b0 ("
b111000000001000 0
b111000000001000 s
b111000000001000 $"
b101 <
b101 {
b101 !"
b101 #"
b101000000001001 1
b101000000001001 a
b101000000001001 t
1'
#4670000
0'
#4680000
b1000 8
b1000 E
b1000 x
05
b1000 A
b1000 O
b1000 Y
b1000 P
b111 `
bx :
bx F
bx W
b0 4
b0 [
b0 ]
b0 m
b1000 =
b1000 b
b1000 k
b1000 v
b1000 /
b1000 _
b1000 y
b1000 p
b0 >
b0 G
b0 \
b0 j
02
0o
1;
1l
1.
1q
b1000 -
b1000 z
b1000 ~
b1000 |
b0 ("
b111000000001000 1
b111000000001000 a
b111000000001000 t
b1100000101011011 0
b1100000101011011 s
b1100000101011011 $"
b110 <
b110 {
b110 !"
b110 #"
1'
#4690000
0'
#4700000
b0 ("
1""
b1000000100100011 0
b1000000100100011 s
b1000000100100011 $"
b1000 <
b1000 {
b1000 !"
b1000 #"
1u
1'
#4710000
0'
#4720000
b100 A
b100 O
b100 Y
b100 P
b1000 -
b1000 z
b1000 ~
b1000 |
b100 8
b100 E
b100 x
b1000 `
b100 9
b100 X
b100 w
b100011 3
b100011 Z
b100011 ^
b100011 n
b100 :
b100 F
b100 W
b10010 4
b10010 [
b10010 ]
b10010 m
b10011 =
b10011 b
b10011 k
b10011 v
b100011 /
b100011 _
b100011 y
b100011 p
12
1o
0;
0l
0.
0q
1,
1r
17
b0 ("
0u
b1000000100100011 1
b1000000100100011 a
b1000000100100011 t
0""
b100000000101111 0
b100000000101111 s
b100000000101111 $"
b1001 <
b1001 {
b1001 !"
b1001 #"
1'
#4730000
0'
#4740000
b1111 8
b1111 E
b1111 x
b1010 -
b1010 z
b1010 ~
b1010 |
b100 `
bx 9
bx X
bx w
b0 3
b0 Z
b0 ^
b0 n
b1111 =
b1111 b
b1111 k
b1111 v
b0 /
b0 _
b0 y
b0 p
b10 >
b10 G
b10 \
b10 j
07
b0 ("
b100 '"
b110000000100000 0
b110000000100000 s
b110000000100000 $"
b1010 <
b1010 {
b1010 !"
b1010 #"
b100000000101111 1
b100000000101111 a
b100000000101111 t
1'
#4750000
0'
#4760000
b0 8
b0 E
b0 x
0?
b100 A
b100 O
b100 Y
b100 P
b110 `
b0 =
b0 b
b0 k
b0 v
b11 >
b11 G
b11 \
b11 j
0,
0r
b1011 -
b1011 z
b1011 ~
b1011 |
b0 ("
b100 '"
b110000000100000 1
b110000000100000 a
b110000000100000 t
b101000011111001 0
b101000011111001 s
b101000011111001 $"
b1011 <
b1011 {
b1011 !"
b1011 #"
1'
#4770000
0'
#4780000
b1100 -
b1100 z
b1100 ~
b1100 |
b101 `
b0 ("
b110000000100001 0
b110000000100001 s
b110000000100001 $"
b1100 <
b1100 {
b1100 !"
b1100 #"
b101000011111001 1
b101000011111001 a
b101000011111001 t
1'
#4790000
0'
#4800000
b11 A
b11 O
b11 Y
b11 P
b1 8
b1 E
b1 x
b110 `
b1 =
b1 b
b1 k
b1 v
b1101 -
b1101 z
b1101 ~
b1101 |
b0 ("
b110000000100001 1
b110000000100001 a
b110000000100001 t
b101000100000001 0
b101000100000001 s
b101000100000001 $"
b1101 <
b1101 {
b1101 !"
b1101 #"
1'
#4810000
0'
#4820000
b1110 -
b1110 z
b1110 ~
b1110 |
b101 `
b0 ("
b110000000100010 0
b110000000100010 s
b110000000100010 $"
b1110 <
b1110 {
b1110 !"
b1110 #"
b101000100000001 1
b101000100000001 a
b101000100000001 t
1'
#4830000
0'
#4840000
b10 A
b10 O
b10 Y
b10 P
b10 8
b10 E
b10 x
b110 `
b10 =
b10 b
b10 k
b10 v
b1111 -
b1111 z
b1111 ~
b1111 |
b0 ("
b110000000100010 1
b110000000100010 a
b110000000100010 t
b101000100001001 0
b101000100001001 s
b101000100001001 $"
b1111 <
b1111 {
b1111 !"
b1111 #"
1'
#4850000
0'
#4860000
b10000 -
b10000 z
b10000 ~
b10000 |
b101 `
b0 ("
b110000000100011 0
b110000000100011 s
b110000000100011 $"
b10000 <
b10000 {
b10000 !"
b10000 #"
b101000100001001 1
b101000100001001 a
b101000100001001 t
1'
#4870000
0'
#4880000
b1 A
b1 O
b1 Y
b1 P
b11 8
b11 E
b11 x
b110 `
b11 =
b11 b
b11 k
b11 v
b10001 -
b10001 z
b10001 ~
b10001 |
b0 ("
b110000000100011 1
b110000000100011 a
b110000000100011 t
b101000100010001 0
b101000100010001 s
b101000100010001 $"
b10001 <
b10001 {
b10001 !"
b10001 #"
1'
#4890000
0'
#4900000
b10010 -
b10010 z
b10010 ~
b10010 |
b101 `
b0 ("
b110000000100100 0
b110000000100100 s
b110000000100100 $"
b10010 <
b10010 {
b10010 !"
b10010 #"
b101000100010001 1
b101000100010001 a
b101000100010001 t
1'
#4910000
0'
#4920000
15
b0 A
b0 O
b0 Y
b0 P
b100 8
b100 E
b100 x
b110 `
b100 =
b100 b
b100 k
b100 v
b10011 -
b10011 z
b10011 ~
b10011 |
b0 ("
b110000000100100 1
b110000000100100 a
b110000000100100 t
b101000100011001 0
b101000100011001 s
b101000100011001 $"
b10011 <
b10011 {
b10011 !"
b10011 #"
1'
#4930000
0'
#4940000
b11001 8
b11001 E
b11001 x
05
b11001 A
b11001 O
b11001 Y
b11001 P
bx :
bx F
bx W
b0 4
b0 [
b0 ]
b0 m
b11001 =
b11001 b
b11001 k
b11001 v
b100011 /
b100011 _
b100011 y
b100011 p
b0 >
b0 G
b0 \
b0 j
02
0o
1.
1q
16
b110111 -
b110111 z
b110111 ~
b110111 |
b101 `
b10 ("
b110000000100101 0
b110000000100101 s
b110000000100101 $"
b10100 <
b10100 {
b10100 !"
b10100 #"
b101000100011001 1
b101000100011001 a
b101000100011001 t
1'
#4950000
0'
#4960000
06
b1011010 -
b1011010 z
b1011010 ~
b1011010 |
b0 ("
1u
1""
b1001011000000110 0
b1001011000000110 s
b1001011000000110 $"
b110111 <
b110111 {
b110111 !"
b110111 #"
1'
#4970000
0'
#4980000
b1100110 A
b1100110 O
b1100110 Y
b1100110 P
b1100110 8
b1100110 E
b1100110 x
b111000 -
b111000 z
b111000 ~
b111000 |
b1001 `
b1100110 :
b1100110 F
b1100110 W
b10000 4
b10000 [
b10000 ]
b10000 m
b1100110 =
b1100110 b
b1100110 k
b1100110 v
b0 /
b0 _
b0 y
b0 p
12
1o
0.
0q
1,
1r
b0 ("
0""
b1100000100001011 0
b1100000100001011 s
b1100000100001011 $"
b111000 <
b111000 {
b111000 !"
b111000 #"
0u
b1001011000000110 1
b1001011000000110 a
b1001011000000110 t
1'
#4990000
0'
#5000000
b1100 `
b1100110 9
b1100110 X
b1100110 w
b10000 3
b10000 Z
b10000 ^
b10000 n
b101011 4
b101011 [
b101011 ]
b101011 m
b11011 =
b11011 b
b11011 k
b11011 v
17
b111001 -
b111001 z
b111001 ~
b111001 |
b0 ("
b1100110 %"
b1100000100001011 1
b1100000100001011 a
b1100000100001011 t
b111000000000001 0
b111000000000001 s
b111000000000001 $"
b111001 <
b111001 {
b111001 !"
b111001 #"
1'
#5010000
0'
#5020000
b1 -
b1 z
b1 ~
b1 |
b1 A
b1 O
b1 Y
b1 P
b1 8
b1 E
b1 x
b111 `
bx 9
bx X
bx w
b0 3
b0 Z
b0 ^
b0 n
bx :
bx F
bx W
b0 4
b0 [
b0 ]
b0 m
b1 =
b1 b
b1 k
b1 v
b1 /
b1 _
b1 y
b1 p
02
0o
1;
1l
1.
1q
0,
0r
07
b0 ("
b1001011000001101 0
b1001011000001101 s
b1001011000001101 $"
b111010 <
b111010 {
b111010 !"
b111010 #"
b111000000000001 1
b111000000000001 a
b111000000000001 t
1'
#5030000
0'
#5040000
b0 ("
1u
1""
b1000000101000110 0
b1000000101000110 s
b1000000101000110 $"
b1 <
b1 {
b1 !"
b1 #"
1'
#5050000
0'
#5060000
b1001000 -
b1001000 z
b1001000 ~
b1001000 |
b1000 `
b1 9
b1 X
b1 w
b100110 3
b100110 Z
b100110 ^
b100110 n
b1 :
b1 F
b1 W
b10100 4
b10100 [
b10100 ]
b10100 m
b10110 =
b10110 b
b10110 k
b10110 v
b1000110 /
b1000110 _
b1000110 y
b1000110 p
12
1o
0;
0l
0.
0q
1,
1r
17
b0 ("
0""
b100000001000001 0
b100000001000001 s
b100000001000001 $"
b10 <
b10 {
b10 !"
b10 #"
0u
b1000000101000110 1
b1000000101000110 a
b1000000101000110 t
1'
#5070000
0'
#5080000
b100 `
bx 9
bx X
bx w
b0 3
b0 Z
b0 ^
b0 n
b1 =
b1 b
b1 k
b1 v
b0 /
b0 _
b0 y
b0 p
b10 >
b10 G
b10 \
b10 j
07
b11 -
b11 z
b11 ~
b11 |
b0 ("
b100000001000001 1
b100000001000001 a
b100000001000001 t
b110000001000000 0
b110000001000000 s
b110000001000000 $"
b11 <
b11 {
b11 !"
b11 #"
1'
#5090000
0'
#5100000
b0 8
b0 E
b0 x
05
b1 A
b1 O
b1 Y
b1 P
b100 -
b100 z
b100 ~
b100 |
b110 `
b0 =
b0 b
b0 k
b0 v
b11 >
b11 G
b11 \
b11 j
0,
0r
b0 ("
b101000000001001 0
b101000000001001 s
b101000000001001 $"
b100 <
b100 {
b100 !"
b100 #"
b110000001000000 1
b110000001000000 a
b110000001000000 t
1'
#5110000
0'
#5120000
b101 `
b101 -
b101 z
b101 ~
b101 |
b0 ("
b101000000001001 1
b101000000001001 a
b101000000001001 t
b111000000001000 0
b111000000001000 s
b111000000001000 $"
b101 <
b101 {
b101 !"
b101 #"
1'
#5130000
0'
#5140000
b1000 -
b1000 z
b1000 ~
b1000 |
b1000 8
b1000 E
b1000 x
05
b1000 A
b1000 O
b1000 Y
b1000 P
b111 `
bx :
bx F
bx W
b0 4
b0 [
b0 ]
b0 m
b1000 =
b1000 b
b1000 k
b1000 v
b1000 /
b1000 _
b1000 y
b1000 p
b0 >
b0 G
b0 \
b0 j
02
0o
1;
1l
1.
1q
b0 ("
b1100000101011011 0
b1100000101011011 s
b1100000101011011 $"
b110 <
b110 {
b110 !"
b110 #"
b111000000001000 1
b111000000001000 a
b111000000001000 t
1'
#5150000
0'
#5160000
b0 ("
1u
1""
b1000000100100011 0
b1000000100100011 s
b1000000100100011 $"
b1000 <
b1000 {
b1000 !"
b1000 #"
1'
#5170000
0'
#5180000
b100 A
b100 O
b100 Y
b100 P
b100 8
b100 E
b100 x
b101100 -
b101100 z
b101100 ~
b101100 |
b1000 `
b100 9
b100 X
b100 w
b100011 3
b100011 Z
b100011 ^
b100011 n
b100 :
b100 F
b100 W
b10010 4
b10010 [
b10010 ]
b10010 m
b10011 =
b10011 b
b10011 k
b10011 v
b100011 /
b100011 _
b100011 y
b100011 p
12
1o
0;
0l
0.
0q
1,
1r
17
b0 ("
0""
b100000000101111 0
b100000000101111 s
b100000000101111 $"
b1001 <
b1001 {
b1001 !"
b1001 #"
0u
b1000000100100011 1
b1000000100100011 a
b1000000100100011 t
1'
#5190000
0'
#5200000
b1111 8
b1111 E
b1111 x
b100 `
bx 9
bx X
bx w
b0 3
b0 Z
b0 ^
b0 n
b1111 =
b1111 b
b1111 k
b1111 v
b0 /
b0 _
b0 y
b0 p
b10 >
b10 G
b10 \
b10 j
07
b1010 -
b1010 z
b1010 ~
b1010 |
b0 ("
b100 '"
b100000000101111 1
b100000000101111 a
b100000000101111 t
b110000000100000 0
b110000000100000 s
b110000000100000 $"
b1010 <
b1010 {
b1010 !"
b1010 #"
1'
#5205000
b101 $
b101 )
b101 Q
#5210000
0'
#5220000
b0 8
b0 E
b0 x
0?
b100 A
b100 O
b100 Y
b100 P
b1011 -
b1011 z
b1011 ~
b1011 |
b110 `
b0 =
b0 b
b0 k
b0 v
b11 >
b11 G
b11 \
b11 j
0,
0r
b0 ("
b100 '"
b101000011111001 0
b101000011111001 s
b101000011111001 $"
b1011 <
b1011 {
b1011 !"
b1011 #"
b110000000100000 1
b110000000100000 a
b110000000100000 t
1'
#5230000
0'
#5240000
b101 `
b1100 -
b1100 z
b1100 ~
b1100 |
b0 ("
b101000011111001 1
b101000011111001 a
b101000011111001 t
b110000000100001 0
b110000000100001 s
b110000000100001 $"
b1100 <
b1100 {
b1100 !"
b1100 #"
1'
#5250000
0'
#5260000
b11 A
b11 O
b11 Y
b11 P
b1 8
b1 E
b1 x
b1101 -
b1101 z
b1101 ~
b1101 |
b110 `
b1 =
b1 b
b1 k
b1 v
b0 ("
b101000100000001 0
b101000100000001 s
b101000100000001 $"
b1101 <
b1101 {
b1101 !"
b1101 #"
b110000000100001 1
b110000000100001 a
b110000000100001 t
1'
#5270000
0'
#5280000
b101 `
b1110 -
b1110 z
b1110 ~
b1110 |
b0 ("
b101000100000001 1
b101000100000001 a
b101000100000001 t
b110000000100010 0
b110000000100010 s
b110000000100010 $"
b1110 <
b1110 {
b1110 !"
b1110 #"
1'
#5290000
0'
#5300000
b10 A
b10 O
b10 Y
b10 P
b10 8
b10 E
b10 x
b1111 -
b1111 z
b1111 ~
b1111 |
b110 `
b10 =
b10 b
b10 k
b10 v
b0 ("
b101000100001001 0
b101000100001001 s
b101000100001001 $"
b1111 <
b1111 {
b1111 !"
b1111 #"
b110000000100010 1
b110000000100010 a
b110000000100010 t
1'
#5310000
0'
#5320000
b101 `
b10000 -
b10000 z
b10000 ~
b10000 |
b0 ("
b101000100001001 1
b101000100001001 a
b101000100001001 t
b110000000100011 0
b110000000100011 s
b110000000100011 $"
b10000 <
b10000 {
b10000 !"
b10000 #"
1'
#5330000
0'
#5340000
b1 A
b1 O
b1 Y
b1 P
b11 8
b11 E
b11 x
b10001 -
b10001 z
b10001 ~
b10001 |
b110 `
b11 =
b11 b
b11 k
b11 v
b0 ("
b101000100010001 0
b101000100010001 s
b101000100010001 $"
b10001 <
b10001 {
b10001 !"
b10001 #"
b110000000100011 1
b110000000100011 a
b110000000100011 t
1'
#5350000
0'
#5360000
b101 `
b10010 -
b10010 z
b10010 ~
b10010 |
b0 ("
b101000100010001 1
b101000100010001 a
b101000100010001 t
b110000000100100 0
b110000000100100 s
b110000000100100 $"
b10010 <
b10010 {
b10010 !"
b10010 #"
1'
#5370000
0'
#5380000
15
b0 A
b0 O
b0 Y
b0 P
b100 8
b100 E
b100 x
b10011 -
b10011 z
b10011 ~
b10011 |
b110 `
b100 =
b100 b
b100 k
b100 v
b0 ("
b101000100011001 0
b101000100011001 s
b101000100011001 $"
b10011 <
b10011 {
b10011 !"
b10011 #"
b110000000100100 1
b110000000100100 a
b110000000100100 t
1'
#5390000
0'
#5400000
b11001 8
b11001 E
b11001 x
05
b11001 A
b11001 O
b11001 Y
b11001 P
bx :
bx F
bx W
b0 4
b0 [
b0 ]
b0 m
b11001 =
b11001 b
b11001 k
b11001 v
b100011 /
b100011 _
b100011 y
b100011 p
b0 >
b0 G
b0 \
b0 j
02
0o
1.
1q
16
b101 `
b110111 -
b110111 z
b110111 ~
b110111 |
b10 ("
b101000100011001 1
b101000100011001 a
b101000100011001 t
b110000000100101 0
b110000000100101 s
b110000000100101 $"
b10100 <
b10100 {
b10100 !"
b10100 #"
1'
#5410000
0'
#5420000
06
b1011010 -
b1011010 z
b1011010 ~
b1011010 |
b0 ("
1""
b1001011000000110 0
b1001011000000110 s
b1001011000000110 $"
b110111 <
b110111 {
b110111 !"
b110111 #"
1u
1'
#5430000
0'
#5440000
b1100110 A
b1100110 O
b1100110 Y
b1100110 P
b1100110 8
b1100110 E
b1100110 x
b1001 `
b1100110 :
b1100110 F
b1100110 W
b10000 4
b10000 [
b10000 ]
b10000 m
b1100110 =
b1100110 b
b1100110 k
b1100110 v
b0 /
b0 _
b0 y
b0 p
12
1o
0.
0q
1,
1r
b111000 -
b111000 z
b111000 ~
b111000 |
b0 ("
0u
b1001011000000110 1
b1001011000000110 a
b1001011000000110 t
0""
b1100000100001011 0
b1100000100001011 s
b1100000100001011 $"
b111000 <
b111000 {
b111000 !"
b111000 #"
1'
#5450000
0'
#5460000
b111001 -
b111001 z
b111001 ~
b111001 |
b1100 `
b1100110 9
b1100110 X
b1100110 w
b10000 3
b10000 Z
b10000 ^
b10000 n
b101011 4
b101011 [
b101011 ]
b101011 m
b11011 =
b11011 b
b11011 k
b11011 v
17
b0 ("
b1100110 %"
b111000000000001 0
b111000000000001 s
b111000000000001 $"
b111001 <
b111001 {
b111001 !"
b111001 #"
b1100000100001011 1
b1100000100001011 a
b1100000100001011 t
1'
#5470000
0'
#5480000
b1 A
b1 O
b1 Y
b1 P
b1 8
b1 E
b1 x
b111 `
bx 9
bx X
bx w
b0 3
b0 Z
b0 ^
b0 n
bx :
bx F
bx W
b0 4
b0 [
b0 ]
b0 m
b1 =
b1 b
b1 k
b1 v
b1 /
b1 _
b1 y
b1 p
02
0o
1;
1l
1.
1q
0,
0r
07
b1 -
b1 z
b1 ~
b1 |
b0 ("
b111000000000001 1
b111000000000001 a
b111000000000001 t
b1001011000001101 0
b1001011000001101 s
b1001011000001101 $"
b111010 <
b111010 {
b111010 !"
b111010 #"
1'
#5490000
0'
#5500000
b0 ("
1""
b1000000101000110 0
b1000000101000110 s
b1000000101000110 $"
b1 <
b1 {
b1 !"
b1 #"
1u
1'
#5510000
0'
#5520000
b1 -
b1 z
b1 ~
b1 |
b1000 `
b1 9
b1 X
b1 w
b100110 3
b100110 Z
b100110 ^
b100110 n
b1 :
b1 F
b1 W
b10100 4
b10100 [
b10100 ]
b10100 m
b10110 =
b10110 b
b10110 k
b10110 v
b1000110 /
b1000110 _
b1000110 y
b1000110 p
12
1o
0;
0l
0.
0q
1,
1r
17
b0 ("
0u
b1000000101000110 1
b1000000101000110 a
b1000000101000110 t
0""
b100000001000001 0
b100000001000001 s
b100000001000001 $"
b10 <
b10 {
b10 !"
b10 #"
1'
#5530000
0'
#5540000
b11 -
b11 z
b11 ~
b11 |
b100 `
bx 9
bx X
bx w
b0 3
b0 Z
b0 ^
b0 n
b1 =
b1 b
b1 k
b1 v
b0 /
b0 _
b0 y
b0 p
b10 >
b10 G
b10 \
b10 j
07
b0 ("
b110000001000000 0
b110000001000000 s
b110000001000000 $"
b11 <
b11 {
b11 !"
b11 #"
b100000001000001 1
b100000001000001 a
b100000001000001 t
1'
#5550000
0'
#5560000
b0 8
b0 E
b0 x
05
b1 A
b1 O
b1 Y
b1 P
b110 `
b0 =
b0 b
b0 k
b0 v
b11 >
b11 G
b11 \
b11 j
0,
0r
b100 -
b100 z
b100 ~
b100 |
b0 ("
b110000001000000 1
b110000001000000 a
b110000001000000 t
b101000000001001 0
b101000000001001 s
b101000000001001 $"
b100 <
b100 {
b100 !"
b100 #"
1'
#5570000
0'
#5580000
b101 -
b101 z
b101 ~
b101 |
b101 `
b0 ("
b111000000001000 0
b111000000001000 s
b111000000001000 $"
b101 <
b101 {
b101 !"
b101 #"
b101000000001001 1
b101000000001001 a
b101000000001001 t
1'
#5590000
0'
#5600000
b1000 8
b1000 E
b1000 x
05
b1000 A
b1000 O
b1000 Y
b1000 P
b111 `
bx :
bx F
bx W
b0 4
b0 [
b0 ]
b0 m
b1000 =
b1000 b
b1000 k
b1000 v
b1000 /
b1000 _
b1000 y
b1000 p
b0 >
b0 G
b0 \
b0 j
02
0o
1;
1l
1.
1q
b1000 -
b1000 z
b1000 ~
b1000 |
b0 ("
b111000000001000 1
b111000000001000 a
b111000000001000 t
b1100000101011011 0
b1100000101011011 s
b1100000101011011 $"
b110 <
b110 {
b110 !"
b110 #"
1'
#5610000
0'
#5620000
b0 ("
1""
b1000000100100011 0
b1000000100100011 s
b1000000100100011 $"
b1000 <
b1000 {
b1000 !"
b1000 #"
1u
1'
#5630000
0'
#5640000
b101 A
b101 O
b101 Y
b101 P
b1000 -
b1000 z
b1000 ~
b1000 |
b101 8
b101 E
b101 x
b1000 `
b101 9
b101 X
b101 w
b100011 3
b100011 Z
b100011 ^
b100011 n
b100 :
b100 F
b100 W
b10010 4
b10010 [
b10010 ]
b10010 m
b10011 =
b10011 b
b10011 k
b10011 v
b100011 /
b100011 _
b100011 y
b100011 p
12
1o
0;
0l
0.
0q
1,
1r
17
b0 ("
0u
b1000000100100011 1
b1000000100100011 a
b1000000100100011 t
0""
b100000000101111 0
b100000000101111 s
b100000000101111 $"
b1001 <
b1001 {
b1001 !"
b1001 #"
1'
#5650000
0'
#5660000
b1111 8
b1111 E
b1111 x
b1010 -
b1010 z
b1010 ~
b1010 |
b100 `
bx 9
bx X
bx w
b0 3
b0 Z
b0 ^
b0 n
b1111 =
b1111 b
b1111 k
b1111 v
b0 /
b0 _
b0 y
b0 p
b10 >
b10 G
b10 \
b10 j
07
b0 ("
b101 '"
b101 :
b101 F
b101 W
b110000000100000 0
b110000000100000 s
b110000000100000 $"
b1010 <
b1010 {
b1010 !"
b1010 #"
b100000000101111 1
b100000000101111 a
b100000000101111 t
1'
#5670000
0'
#5680000
b0 8
b0 E
b0 x
0?
b101 A
b101 O
b101 Y
b101 P
b110 `
b0 =
b0 b
b0 k
b0 v
b11 >
b11 G
b11 \
b11 j
0,
0r
b1011 -
b1011 z
b1011 ~
b1011 |
b0 ("
b101 '"
b110000000100000 1
b110000000100000 a
b110000000100000 t
b101000011111001 0
b101000011111001 s
b101000011111001 $"
b1011 <
b1011 {
b1011 !"
b1011 #"
1'
#5690000
0'
#5700000
b1100 -
b1100 z
b1100 ~
b1100 |
b101 `
b0 ("
b110000000100001 0
b110000000100001 s
b110000000100001 $"
b1100 <
b1100 {
b1100 !"
b1100 #"
b101000011111001 1
b101000011111001 a
b101000011111001 t
1'
#5710000
0'
#5720000
b100 A
b100 O
b100 Y
b100 P
b1 8
b1 E
b1 x
b110 `
b1 =
b1 b
b1 k
b1 v
b1101 -
b1101 z
b1101 ~
b1101 |
b0 ("
b110000000100001 1
b110000000100001 a
b110000000100001 t
b101000100000001 0
b101000100000001 s
b101000100000001 $"
b1101 <
b1101 {
b1101 !"
b1101 #"
1'
#5730000
0'
#5740000
b1110 -
b1110 z
b1110 ~
b1110 |
b101 `
b0 ("
b110000000100010 0
b110000000100010 s
b110000000100010 $"
b1110 <
b1110 {
b1110 !"
b1110 #"
b101000100000001 1
b101000100000001 a
b101000100000001 t
1'
#5750000
0'
#5760000
b11 A
b11 O
b11 Y
b11 P
b10 8
b10 E
b10 x
b110 `
b10 =
b10 b
b10 k
b10 v
b1111 -
b1111 z
b1111 ~
b1111 |
b0 ("
b110000000100010 1
b110000000100010 a
b110000000100010 t
b101000100001001 0
b101000100001001 s
b101000100001001 $"
b1111 <
b1111 {
b1111 !"
b1111 #"
1'
#5770000
0'
#5780000
b10000 -
b10000 z
b10000 ~
b10000 |
b101 `
b0 ("
b110000000100011 0
b110000000100011 s
b110000000100011 $"
b10000 <
b10000 {
b10000 !"
b10000 #"
b101000100001001 1
b101000100001001 a
b101000100001001 t
1'
#5790000
0'
#5800000
b10 A
b10 O
b10 Y
b10 P
b11 8
b11 E
b11 x
b110 `
b11 =
b11 b
b11 k
b11 v
b10001 -
b10001 z
b10001 ~
b10001 |
b0 ("
b110000000100011 1
b110000000100011 a
b110000000100011 t
b101000100010001 0
b101000100010001 s
b101000100010001 $"
b10001 <
b10001 {
b10001 !"
b10001 #"
1'
#5810000
0'
#5820000
b10010 -
b10010 z
b10010 ~
b10010 |
b101 `
b0 ("
b110000000100100 0
b110000000100100 s
b110000000100100 $"
b10010 <
b10010 {
b10010 !"
b10010 #"
b101000100010001 1
b101000100010001 a
b101000100010001 t
1'
#5830000
0'
#5840000
b1 A
b1 O
b1 Y
b1 P
b100 8
b100 E
b100 x
b110 `
b100 =
b100 b
b100 k
b100 v
b10011 -
b10011 z
b10011 ~
b10011 |
b0 ("
b110000000100100 1
b110000000100100 a
b110000000100100 t
b101000100011001 0
b101000100011001 s
b101000100011001 $"
b10011 <
b10011 {
b10011 !"
b10011 #"
1'
#5850000
0'
#5860000
b10100 -
b10100 z
b10100 ~
b10100 |
b101 `
b0 ("
b110000000100101 0
b110000000100101 s
b110000000100101 $"
b10100 <
b10100 {
b10100 !"
b10100 #"
b101000100011001 1
b101000100011001 a
b101000100011001 t
1'
#5870000
0'
#5880000
15
b0 A
b0 O
b0 Y
b0 P
b101 8
b101 E
b101 x
b110 `
b101 =
b101 b
b101 k
b101 v
b10101 -
b10101 z
b10101 ~
b10101 |
b0 ("
b110000000100101 1
b110000000100101 a
b110000000100101 t
b101000100100001 0
b101000100100001 s
b101000100100001 $"
b10101 <
b10101 {
b10101 !"
b10101 #"
1'
#5890000
0'
#5900000
b10001 8
b10001 E
b10001 x
05
b10001 A
b10001 O
b10001 Y
b10001 P
bx :
bx F
bx W
b0 4
b0 [
b0 ]
b0 m
b10001 =
b10001 b
b10001 k
b10001 v
b100100 /
b100100 _
b100100 y
b100100 p
b0 >
b0 G
b0 \
b0 j
02
0o
1.
1q
16
b111010 -
b111010 z
b111010 ~
b111010 |
b101 `
b10 ("
b110000000100110 0
b110000000100110 s
b110000000100110 $"
b10110 <
b10110 {
b10110 !"
b10110 #"
b101000100100001 1
b101000100100001 a
b101000100100001 t
1'
#5910000
0'
#5920000
06
b1011110 -
b1011110 z
b1011110 ~
b1011110 |
b0 ("
1u
1""
b1001011000001101 0
b1001011000001101 s
b1001011000001101 $"
b111010 <
b111010 {
b111010 !"
b111010 #"
1'
#5930000
0'
#5940000
b1101101 A
b1101101 O
b1101101 Y
b1101101 P
b1101101 8
b1101101 E
b1101101 x
b111011 -
b111011 z
b111011 ~
b111011 |
b1001 `
b1100110 :
b1100110 F
b1100110 W
b10000 4
b10000 [
b10000 ]
b10000 m
b1101101 =
b1101101 b
b1101101 k
b1101101 v
b0 /
b0 _
b0 y
b0 p
12
1o
0.
0q
1,
1r
b0 ("
0""
b1100000100001011 0
b1100000100001011 s
b1100000100001011 $"
b111011 <
b111011 {
b111011 !"
b111011 #"
0u
b1001011000001101 1
b1001011000001101 a
b1001011000001101 t
1'
#5950000
0'
#5960000
b1100 `
b1101101 9
b1101101 X
b1101101 w
b10000 3
b10000 Z
b10000 ^
b10000 n
b101011 4
b101011 [
b101011 ]
b101011 m
b11011 =
b11011 b
b11011 k
b11011 v
17
b111100 -
b111100 z
b111100 ~
b111100 |
b0 ("
b1101101 %"
b1100110 :
b1100110 F
b1100110 W
b1100000100001011 1
b1100000100001011 a
b1100000100001011 t
b111000000000001 0
b111000000000001 s
b111000000000001 $"
b111100 <
b111100 {
b111100 !"
b111100 #"
1'
#5970000
0'
#5980000
b1 -
b1 z
b1 ~
b1 |
b1 A
b1 O
b1 Y
b1 P
b1 8
b1 E
b1 x
b111 `
bx 9
bx X
bx w
b0 3
b0 Z
b0 ^
b0 n
b0 4
b0 [
b0 ]
b0 m
b1 =
b1 b
b1 k
b1 v
b1 /
b1 _
b1 y
b1 p
02
0o
1;
1l
1.
1q
0,
0r
07
b0 ("
bx :
bx F
bx W
b1101101 !
b1101101 B
b1101101 V
b1001011100001101 0
b1001011100001101 s
b1001011100001101 $"
b111101 <
b111101 {
b111101 !"
b111101 #"
b111000000000001 1
b111000000000001 a
b111000000000001 t
1'
#5990000
0'
#6000000
b0 ("
1u
1""
b1000000101000110 0
b1000000101000110 s
b1000000101000110 $"
b1 <
b1 {
b1 !"
b1 #"
1'
#6010000
0'
#6020000
b1001000 -
b1001000 z
b1001000 ~
b1001000 |
b1000 `
b1 9
b1 X
b1 w
b100110 3
b100110 Z
b100110 ^
b100110 n
b1 :
b1 F
b1 W
b10100 4
b10100 [
b10100 ]
b10100 m
b10110 =
b10110 b
b10110 k
b10110 v
b1000110 /
b1000110 _
b1000110 y
b1000110 p
12
1o
0;
0l
0.
0q
1,
1r
17
b0 ("
0""
b100000001000001 0
b100000001000001 s
b100000001000001 $"
b10 <
b10 {
b10 !"
b10 #"
0u
b1000000101000110 1
b1000000101000110 a
b1000000101000110 t
1'
#6030000
0'
#6040000
b100 `
bx 9
bx X
bx w
b0 3
b0 Z
b0 ^
b0 n
b1 =
b1 b
b1 k
b1 v
b0 /
b0 _
b0 y
b0 p
b10 >
b10 G
b10 \
b10 j
07
b11 -
b11 z
b11 ~
b11 |
b0 ("
b100000001000001 1
b100000001000001 a
b100000001000001 t
b110000001000000 0
b110000001000000 s
b110000001000000 $"
b11 <
b11 {
b11 !"
b11 #"
1'
#6050000
0'
#6060000
b0 8
b0 E
b0 x
05
b1 A
b1 O
b1 Y
b1 P
b100 -
b100 z
b100 ~
b100 |
b110 `
b0 =
b0 b
b0 k
b0 v
b11 >
b11 G
b11 \
b11 j
0,
0r
b0 ("
b101000000001001 0
b101000000001001 s
b101000000001001 $"
b100 <
b100 {
b100 !"
b100 #"
b110000001000000 1
b110000001000000 a
b110000001000000 t
1'
#6070000
0'
#6080000
b101 `
b101 -
b101 z
b101 ~
b101 |
b0 ("
b101000000001001 1
b101000000001001 a
b101000000001001 t
b111000000001000 0
b111000000001000 s
b111000000001000 $"
b101 <
b101 {
b101 !"
b101 #"
1'
#6090000
0'
#6100000
b1000 -
b1000 z
b1000 ~
b1000 |
b1000 8
b1000 E
b1000 x
05
b1000 A
b1000 O
b1000 Y
b1000 P
b111 `
bx :
bx F
bx W
b0 4
b0 [
b0 ]
b0 m
b1000 =
b1000 b
b1000 k
b1000 v
b1000 /
b1000 _
b1000 y
b1000 p
b0 >
b0 G
b0 \
b0 j
02
0o
1;
1l
1.
1q
b0 ("
b1100000101011011 0
b1100000101011011 s
b1100000101011011 $"
b110 <
b110 {
b110 !"
b110 #"
b111000000001000 1
b111000000001000 a
b111000000001000 t
1'
#6110000
0'
#6120000
b0 ("
1u
1""
b1000000100100011 0
b1000000100100011 s
b1000000100100011 $"
b1000 <
b1000 {
b1000 !"
b1000 #"
1'
#6130000
0'
#6140000
b101 A
b101 O
b101 Y
b101 P
b101 8
b101 E
b101 x
b101100 -
b101100 z
b101100 ~
b101100 |
b1000 `
b101 9
b101 X
b101 w
b100011 3
b100011 Z
b100011 ^
b100011 n
b101 :
b101 F
b101 W
b10010 4
b10010 [
b10010 ]
b10010 m
b10011 =
b10011 b
b10011 k
b10011 v
b100011 /
b100011 _
b100011 y
b100011 p
12
1o
0;
0l
0.
0q
1,
1r
17
b0 ("
0""
b100000000101111 0
b100000000101111 s
b100000000101111 $"
b1001 <
b1001 {
b1001 !"
b1001 #"
0u
b1000000100100011 1
b1000000100100011 a
b1000000100100011 t
1'
#6150000
0'
#6160000
b1111 8
b1111 E
b1111 x
b100 `
bx 9
bx X
bx w
b0 3
b0 Z
b0 ^
b0 n
b1111 =
b1111 b
b1111 k
b1111 v
b0 /
b0 _
b0 y
b0 p
b10 >
b10 G
b10 \
b10 j
07
b1010 -
b1010 z
b1010 ~
b1010 |
b0 ("
b101 '"
b100000000101111 1
b100000000101111 a
b100000000101111 t
b110000000100000 0
b110000000100000 s
b110000000100000 $"
b1010 <
b1010 {
b1010 !"
b1010 #"
1'
#6170000
0'
#6180000
b0 8
b0 E
b0 x
0?
b101 A
b101 O
b101 Y
b101 P
b1011 -
b1011 z
b1011 ~
b1011 |
b110 `
b0 =
b0 b
b0 k
b0 v
b11 >
b11 G
b11 \
b11 j
0,
0r
b0 ("
b101 '"
b101000011111001 0
b101000011111001 s
b101000011111001 $"
b1011 <
b1011 {
b1011 !"
b1011 #"
b110000000100000 1
b110000000100000 a
b110000000100000 t
1'
#6190000
0'
#6200000
b101 `
b1100 -
b1100 z
b1100 ~
b1100 |
b0 ("
b101000011111001 1
b101000011111001 a
b101000011111001 t
b110000000100001 0
b110000000100001 s
b110000000100001 $"
b1100 <
b1100 {
b1100 !"
b1100 #"
1'
#6205000
b110 $
b110 )
b110 Q
#6210000
0'
#6220000
b100 A
b100 O
b100 Y
b100 P
b1 8
b1 E
b1 x
b1101 -
b1101 z
b1101 ~
b1101 |
b110 `
b1 =
b1 b
b1 k
b1 v
b0 ("
b101000100000001 0
b101000100000001 s
b101000100000001 $"
b1101 <
b1101 {
b1101 !"
b1101 #"
b110000000100001 1
b110000000100001 a
b110000000100001 t
1'
#6230000
0'
#6240000
b101 `
b1110 -
b1110 z
b1110 ~
b1110 |
b0 ("
b101000100000001 1
b101000100000001 a
b101000100000001 t
b110000000100010 0
b110000000100010 s
b110000000100010 $"
b1110 <
b1110 {
b1110 !"
b1110 #"
1'
#6250000
0'
#6260000
b11 A
b11 O
b11 Y
b11 P
b10 8
b10 E
b10 x
b1111 -
b1111 z
b1111 ~
b1111 |
b110 `
b10 =
b10 b
b10 k
b10 v
b0 ("
b101000100001001 0
b101000100001001 s
b101000100001001 $"
b1111 <
b1111 {
b1111 !"
b1111 #"
b110000000100010 1
b110000000100010 a
b110000000100010 t
1'
#6270000
0'
#6280000
b101 `
b10000 -
b10000 z
b10000 ~
b10000 |
b0 ("
b101000100001001 1
b101000100001001 a
b101000100001001 t
b110000000100011 0
b110000000100011 s
b110000000100011 $"
b10000 <
b10000 {
b10000 !"
b10000 #"
1'
#6290000
0'
#6300000
b10 A
b10 O
b10 Y
b10 P
b11 8
b11 E
b11 x
b10001 -
b10001 z
b10001 ~
b10001 |
b110 `
b11 =
b11 b
b11 k
b11 v
b0 ("
b101000100010001 0
b101000100010001 s
b101000100010001 $"
b10001 <
b10001 {
b10001 !"
b10001 #"
b110000000100011 1
b110000000100011 a
b110000000100011 t
1'
#6310000
0'
#6320000
b101 `
b10010 -
b10010 z
b10010 ~
b10010 |
b0 ("
b101000100010001 1
b101000100010001 a
b101000100010001 t
b110000000100100 0
b110000000100100 s
b110000000100100 $"
b10010 <
b10010 {
b10010 !"
b10010 #"
1'
#6330000
0'
#6340000
b1 A
b1 O
b1 Y
b1 P
b100 8
b100 E
b100 x
b10011 -
b10011 z
b10011 ~
b10011 |
b110 `
b100 =
b100 b
b100 k
b100 v
b0 ("
b101000100011001 0
b101000100011001 s
b101000100011001 $"
b10011 <
b10011 {
b10011 !"
b10011 #"
b110000000100100 1
b110000000100100 a
b110000000100100 t
1'
#6350000
0'
#6360000
b101 `
b10100 -
b10100 z
b10100 ~
b10100 |
b0 ("
b101000100011001 1
b101000100011001 a
b101000100011001 t
b110000000100101 0
b110000000100101 s
b110000000100101 $"
b10100 <
b10100 {
b10100 !"
b10100 #"
1'
#6370000
0'
#6380000
15
b0 A
b0 O
b0 Y
b0 P
b101 8
b101 E
b101 x
b10101 -
b10101 z
b10101 ~
b10101 |
b110 `
b101 =
b101 b
b101 k
b101 v
b0 ("
b101000100100001 0
b101000100100001 s
b101000100100001 $"
b10101 <
b10101 {
b10101 !"
b10101 #"
b110000000100101 1
b110000000100101 a
b110000000100101 t
1'
#6390000
0'
#6400000
b10001 8
b10001 E
b10001 x
05
b10001 A
b10001 O
b10001 Y
b10001 P
bx :
bx F
bx W
b0 4
b0 [
b0 ]
b0 m
b10001 =
b10001 b
b10001 k
b10001 v
b100100 /
b100100 _
b100100 y
b100100 p
b0 >
b0 G
b0 \
b0 j
02
0o
1.
1q
16
b101 `
b111010 -
b111010 z
b111010 ~
b111010 |
b10 ("
b101000100100001 1
b101000100100001 a
b101000100100001 t
b110000000100110 0
b110000000100110 s
b110000000100110 $"
b10110 <
b10110 {
b10110 !"
b10110 #"
1'
#6410000
0'
#6420000
06
b1011110 -
b1011110 z
b1011110 ~
b1011110 |
b0 ("
1""
b1001011000001101 0
b1001011000001101 s
b1001011000001101 $"
b111010 <
b111010 {
b111010 !"
b111010 #"
1u
1'
#6430000
0'
#6440000
b1101101 A
b1101101 O
b1101101 Y
b1101101 P
b1101101 8
b1101101 E
b1101101 x
b1001 `
b1101101 :
b1101101 F
b1101101 W
b10000 4
b10000 [
b10000 ]
b10000 m
b1101101 =
b1101101 b
b1101101 k
b1101101 v
b0 /
b0 _
b0 y
b0 p
12
1o
0.
0q
1,
1r
b111011 -
b111011 z
b111011 ~
b111011 |
b0 ("
0u
b1001011000001101 1
b1001011000001101 a
b1001011000001101 t
0""
b1100000100001011 0
b1100000100001011 s
b1100000100001011 $"
b111011 <
b111011 {
b111011 !"
b111011 #"
1'
#6450000
0'
#6460000
b111100 -
b111100 z
b111100 ~
b111100 |
b1100 `
b1101101 9
b1101101 X
b1101101 w
b10000 3
b10000 Z
b10000 ^
b10000 n
b101011 4
b101011 [
b101011 ]
b101011 m
b11011 =
b11011 b
b11011 k
b11011 v
17
b0 ("
b1101101 %"
b111000000000001 0
b111000000000001 s
b111000000000001 $"
b111100 <
b111100 {
b111100 !"
b111100 #"
b1100000100001011 1
b1100000100001011 a
b1100000100001011 t
1'
#6470000
0'
#6480000
b1 A
b1 O
b1 Y
b1 P
b1 8
b1 E
b1 x
b111 `
bx 9
bx X
bx w
b0 3
b0 Z
b0 ^
b0 n
bx :
bx F
bx W
b0 4
b0 [
b0 ]
b0 m
b1 =
b1 b
b1 k
b1 v
b1 /
b1 _
b1 y
b1 p
02
0o
1;
1l
1.
1q
0,
0r
07
b1 -
b1 z
b1 ~
b1 |
b0 ("
b111000000000001 1
b111000000000001 a
b111000000000001 t
b1001011100001101 0
b1001011100001101 s
b1001011100001101 $"
b111101 <
b111101 {
b111101 !"
b111101 #"
1'
#6490000
0'
#6500000
b0 ("
1""
b1000000101000110 0
b1000000101000110 s
b1000000101000110 $"
b1 <
b1 {
b1 !"
b1 #"
1u
1'
#6510000
0'
#6520000
b1 -
b1 z
b1 ~
b1 |
b1000 `
b1 9
b1 X
b1 w
b100110 3
b100110 Z
b100110 ^
b100110 n
b1 :
b1 F
b1 W
b10100 4
b10100 [
b10100 ]
b10100 m
b10110 =
b10110 b
b10110 k
b10110 v
b1000110 /
b1000110 _
b1000110 y
b1000110 p
12
1o
0;
0l
0.
0q
1,
1r
17
b0 ("
0u
b1000000101000110 1
b1000000101000110 a
b1000000101000110 t
0""
b100000001000001 0
b100000001000001 s
b100000001000001 $"
b10 <
b10 {
b10 !"
b10 #"
1'
#6530000
0'
#6540000
b11 -
b11 z
b11 ~
b11 |
b100 `
bx 9
bx X
bx w
b0 3
b0 Z
b0 ^
b0 n
b1 =
b1 b
b1 k
b1 v
b0 /
b0 _
b0 y
b0 p
b10 >
b10 G
b10 \
b10 j
07
b0 ("
b110000001000000 0
b110000001000000 s
b110000001000000 $"
b11 <
b11 {
b11 !"
b11 #"
b100000001000001 1
b100000001000001 a
b100000001000001 t
1'
#6550000
0'
#6560000
b0 8
b0 E
b0 x
05
b1 A
b1 O
b1 Y
b1 P
b110 `
b0 =
b0 b
b0 k
b0 v
b11 >
b11 G
b11 \
b11 j
0,
0r
b100 -
b100 z
b100 ~
b100 |
b0 ("
b110000001000000 1
b110000001000000 a
b110000001000000 t
b101000000001001 0
b101000000001001 s
b101000000001001 $"
b100 <
b100 {
b100 !"
b100 #"
1'
#6570000
0'
#6580000
b101 -
b101 z
b101 ~
b101 |
b101 `
b0 ("
b111000000001000 0
b111000000001000 s
b111000000001000 $"
b101 <
b101 {
b101 !"
b101 #"
b101000000001001 1
b101000000001001 a
b101000000001001 t
1'
#6590000
0'
#6600000
b1000 8
b1000 E
b1000 x
05
b1000 A
b1000 O
b1000 Y
b1000 P
b111 `
bx :
bx F
bx W
b0 4
b0 [
b0 ]
b0 m
b1000 =
b1000 b
b1000 k
b1000 v
b1000 /
b1000 _
b1000 y
b1000 p
b0 >
b0 G
b0 \
b0 j
02
0o
1;
1l
1.
1q
b1000 -
b1000 z
b1000 ~
b1000 |
b0 ("
b111000000001000 1
b111000000001000 a
b111000000001000 t
b1100000101011011 0
b1100000101011011 s
b1100000101011011 $"
b110 <
b110 {
b110 !"
b110 #"
1'
#6610000
0'
#6620000
b0 ("
1""
b1000000100100011 0
b1000000100100011 s
b1000000100100011 $"
b1000 <
b1000 {
b1000 !"
b1000 #"
1u
1'
#6630000
0'
#6640000
b110 A
b110 O
b110 Y
b110 P
b1000 -
b1000 z
b1000 ~
b1000 |
b110 8
b110 E
b110 x
b1000 `
b110 9
b110 X
b110 w
b100011 3
b100011 Z
b100011 ^
b100011 n
b101 :
b101 F
b101 W
b10010 4
b10010 [
b10010 ]
b10010 m
b10011 =
b10011 b
b10011 k
b10011 v
b100011 /
b100011 _
b100011 y
b100011 p
12
1o
0;
0l
0.
0q
1,
1r
17
b0 ("
0u
b1000000100100011 1
b1000000100100011 a
b1000000100100011 t
0""
b100000000101111 0
b100000000101111 s
b100000000101111 $"
b1001 <
b1001 {
b1001 !"
b1001 #"
1'
#6650000
0'
#6660000
b1111 8
b1111 E
b1111 x
b1010 -
b1010 z
b1010 ~
b1010 |
b100 `
bx 9
bx X
bx w
b0 3
b0 Z
b0 ^
b0 n
b1111 =
b1111 b
b1111 k
b1111 v
b0 /
b0 _
b0 y
b0 p
b10 >
b10 G
b10 \
b10 j
07
b0 ("
b110 '"
b110 :
b110 F
b110 W
b110000000100000 0
b110000000100000 s
b110000000100000 $"
b1010 <
b1010 {
b1010 !"
b1010 #"
b100000000101111 1
b100000000101111 a
b100000000101111 t
1'
#6670000
0'
#6680000
b0 8
b0 E
b0 x
0?
b110 A
b110 O
b110 Y
b110 P
b110 `
b0 =
b0 b
b0 k
b0 v
b11 >
b11 G
b11 \
b11 j
0,
0r
b1011 -
b1011 z
b1011 ~
b1011 |
b0 ("
b110 '"
b110000000100000 1
b110000000100000 a
b110000000100000 t
b101000011111001 0
b101000011111001 s
b101000011111001 $"
b1011 <
b1011 {
b1011 !"
b1011 #"
1'
#6690000
0'
#6700000
b1100 -
b1100 z
b1100 ~
b1100 |
b101 `
b0 ("
b110000000100001 0
b110000000100001 s
b110000000100001 $"
b1100 <
b1100 {
b1100 !"
b1100 #"
b101000011111001 1
b101000011111001 a
b101000011111001 t
1'
#6710000
0'
#6720000
b101 A
b101 O
b101 Y
b101 P
b1 8
b1 E
b1 x
b110 `
b1 =
b1 b
b1 k
b1 v
b1101 -
b1101 z
b1101 ~
b1101 |
b0 ("
b110000000100001 1
b110000000100001 a
b110000000100001 t
b101000100000001 0
b101000100000001 s
b101000100000001 $"
b1101 <
b1101 {
b1101 !"
b1101 #"
1'
#6730000
0'
#6740000
b1110 -
b1110 z
b1110 ~
b1110 |
b101 `
b0 ("
b110000000100010 0
b110000000100010 s
b110000000100010 $"
b1110 <
b1110 {
b1110 !"
b1110 #"
b101000100000001 1
b101000100000001 a
b101000100000001 t
1'
#6750000
0'
#6760000
b100 A
b100 O
b100 Y
b100 P
b10 8
b10 E
b10 x
b110 `
b10 =
b10 b
b10 k
b10 v
b1111 -
b1111 z
b1111 ~
b1111 |
b0 ("
b110000000100010 1
b110000000100010 a
b110000000100010 t
b101000100001001 0
b101000100001001 s
b101000100001001 $"
b1111 <
b1111 {
b1111 !"
b1111 #"
1'
#6770000
0'
#6780000
b10000 -
b10000 z
b10000 ~
b10000 |
b101 `
b0 ("
b110000000100011 0
b110000000100011 s
b110000000100011 $"
b10000 <
b10000 {
b10000 !"
b10000 #"
b101000100001001 1
b101000100001001 a
b101000100001001 t
1'
#6790000
0'
#6800000
b11 A
b11 O
b11 Y
b11 P
b11 8
b11 E
b11 x
b110 `
b11 =
b11 b
b11 k
b11 v
b10001 -
b10001 z
b10001 ~
b10001 |
b0 ("
b110000000100011 1
b110000000100011 a
b110000000100011 t
b101000100010001 0
b101000100010001 s
b101000100010001 $"
b10001 <
b10001 {
b10001 !"
b10001 #"
1'
#6810000
0'
#6820000
b10010 -
b10010 z
b10010 ~
b10010 |
b101 `
b0 ("
b110000000100100 0
b110000000100100 s
b110000000100100 $"
b10010 <
b10010 {
b10010 !"
b10010 #"
b101000100010001 1
b101000100010001 a
b101000100010001 t
1'
#6830000
0'
#6840000
b10 A
b10 O
b10 Y
b10 P
b100 8
b100 E
b100 x
b110 `
b100 =
b100 b
b100 k
b100 v
b10011 -
b10011 z
b10011 ~
b10011 |
b0 ("
b110000000100100 1
b110000000100100 a
b110000000100100 t
b101000100011001 0
b101000100011001 s
b101000100011001 $"
b10011 <
b10011 {
b10011 !"
b10011 #"
1'
#6850000
0'
#6860000
b10100 -
b10100 z
b10100 ~
b10100 |
b101 `
b0 ("
b110000000100101 0
b110000000100101 s
b110000000100101 $"
b10100 <
b10100 {
b10100 !"
b10100 #"
b101000100011001 1
b101000100011001 a
b101000100011001 t
1'
#6870000
0'
#6880000
b1 A
b1 O
b1 Y
b1 P
b101 8
b101 E
b101 x
b110 `
b101 =
b101 b
b101 k
b101 v
b10101 -
b10101 z
b10101 ~
b10101 |
b0 ("
b110000000100101 1
b110000000100101 a
b110000000100101 t
b101000100100001 0
b101000100100001 s
b101000100100001 $"
b10101 <
b10101 {
b10101 !"
b10101 #"
1'
#6890000
0'
#6900000
b10110 -
b10110 z
b10110 ~
b10110 |
b101 `
b0 ("
b110000000100110 0
b110000000100110 s
b110000000100110 $"
b10110 <
b10110 {
b10110 !"
b10110 #"
b101000100100001 1
b101000100100001 a
b101000100100001 t
1'
#6910000
0'
#6920000
15
b0 A
b0 O
b0 Y
b0 P
b110 8
b110 E
b110 x
b110 `
b110 =
b110 b
b110 k
b110 v
b10111 -
b10111 z
b10111 ~
b10111 |
b0 ("
b110000000100110 1
b110000000100110 a
b110000000100110 t
b101000100101001 0
b101000100101001 s
b101000100101001 $"
b10111 <
b10111 {
b10111 !"
b10111 #"
1'
#6930000
0'
#6940000
b11001 8
b11001 E
b11001 x
05
b11001 A
b11001 O
b11001 Y
b11001 P
bx :
bx F
bx W
b0 4
b0 [
b0 ]
b0 m
b11001 =
b11001 b
b11001 k
b11001 v
b100101 /
b100101 _
b100101 y
b100101 p
b0 >
b0 G
b0 \
b0 j
02
0o
1.
1q
16
b111101 -
b111101 z
b111101 ~
b111101 |
b101 `
b10 ("
b110000000100111 0
b110000000100111 s
b110000000100111 $"
b11000 <
b11000 {
b11000 !"
b11000 #"
b101000100101001 1
b101000100101001 a
b101000100101001 t
1'
#6950000
0'
#6960000
06
b1100010 -
b1100010 z
b1100010 ~
b1100010 |
b0 ("
1u
1""
b1001011100001101 0
b1001011100001101 s
b1001011100001101 $"
b111101 <
b111101 {
b111101 !"
b111101 #"
1'
#6970000
0'
#6980000
b1111101 A
b1111101 O
b1111101 Y
b1111101 P
b1111101 8
b1111101 E
b1111101 x
b111110 -
b111110 z
b111110 ~
b111110 |
b1001 `
b1101101 :
b1101101 F
b1101101 W
b10000 4
b10000 [
b10000 ]
b10000 m
b1111101 =
b1111101 b
b1111101 k
b1111101 v
b0 /
b0 _
b0 y
b0 p
12
1o
0.
0q
1,
1r
b0 ("
0""
b1100000100001011 0
b1100000100001011 s
b1100000100001011 $"
b111110 <
b111110 {
b111110 !"
b111110 #"
0u
b1001011100001101 1
b1001011100001101 a
b1001011100001101 t
1'
#6990000
0'
#7000000
b1100 `
b1111101 9
b1111101 X
b1111101 w
b10000 3
b10000 Z
b10000 ^
b10000 n
b101011 4
b101011 [
b101011 ]
b101011 m
b11011 =
b11011 b
b11011 k
b11011 v
17
b111111 -
b111111 z
b111111 ~
b111111 |
b0 ("
b1111101 %"
b1101101 :
b1101101 F
b1101101 W
b1100000100001011 1
b1100000100001011 a
b1100000100001011 t
b111000000000001 0
b111000000000001 s
b111000000000001 $"
b111111 <
b111111 {
b111111 !"
b111111 #"
1'
#7010000
0'
#7020000
b1 -
b1 z
b1 ~
b1 |
b1 A
b1 O
b1 Y
b1 P
b1 8
b1 E
b1 x
b111 `
bx 9
bx X
bx w
b0 3
b0 Z
b0 ^
b0 n
b0 4
b0 [
b0 ]
b0 m
b1 =
b1 b
b1 k
b1 v
b1 /
b1 _
b1 y
b1 p
02
0o
1;
1l
1.
1q
0,
0r
07
b0 ("
bx :
bx F
bx W
b1111101 !
b1111101 B
b1111101 V
b1001000000000111 0
b1001000000000111 s
b1001000000000111 $"
b1000000 <
b1000000 {
b1000000 !"
b1000000 #"
b111000000000001 1
b111000000000001 a
b111000000000001 t
1'
#7030000
0'
#7040000
b0 ("
1u
1""
b1000000101000110 0
b1000000101000110 s
b1000000101000110 $"
b1 <
b1 {
b1 !"
b1 #"
1'
#7050000
0'
#7060000
b1001000 -
b1001000 z
b1001000 ~
b1001000 |
b1000 `
b1 9
b1 X
b1 w
b100110 3
b100110 Z
b100110 ^
b100110 n
b1 :
b1 F
b1 W
b10100 4
b10100 [
b10100 ]
b10100 m
b10110 =
b10110 b
b10110 k
b10110 v
b1000110 /
b1000110 _
b1000110 y
b1000110 p
12
1o
0;
0l
0.
0q
1,
1r
17
b0 ("
0""
b100000001000001 0
b100000001000001 s
b100000001000001 $"
b10 <
b10 {
b10 !"
b10 #"
0u
b1000000101000110 1
b1000000101000110 a
b1000000101000110 t
1'
#7070000
0'
#7080000
b100 `
bx 9
bx X
bx w
b0 3
b0 Z
b0 ^
b0 n
b1 =
b1 b
b1 k
b1 v
b0 /
b0 _
b0 y
b0 p
b10 >
b10 G
b10 \
b10 j
07
b11 -
b11 z
b11 ~
b11 |
b0 ("
b100000001000001 1
b100000001000001 a
b100000001000001 t
b110000001000000 0
b110000001000000 s
b110000001000000 $"
b11 <
b11 {
b11 !"
b11 #"
1'
#7090000
0'
#7100000
b0 8
b0 E
b0 x
05
b1 A
b1 O
b1 Y
b1 P
b100 -
b100 z
b100 ~
b100 |
b110 `
b0 =
b0 b
b0 k
b0 v
b11 >
b11 G
b11 \
b11 j
0,
0r
b0 ("
b101000000001001 0
b101000000001001 s
b101000000001001 $"
b100 <
b100 {
b100 !"
b100 #"
b110000001000000 1
b110000001000000 a
b110000001000000 t
1'
#7110000
0'
#7120000
b101 `
b101 -
b101 z
b101 ~
b101 |
b0 ("
b101000000001001 1
b101000000001001 a
b101000000001001 t
b111000000001000 0
b111000000001000 s
b111000000001000 $"
b101 <
b101 {
b101 !"
b101 #"
1'
#7130000
0'
#7140000
b1000 -
b1000 z
b1000 ~
b1000 |
b1000 8
b1000 E
b1000 x
05
b1000 A
b1000 O
b1000 Y
b1000 P
b111 `
bx :
bx F
bx W
b0 4
b0 [
b0 ]
b0 m
b1000 =
b1000 b
b1000 k
b1000 v
b1000 /
b1000 _
b1000 y
b1000 p
b0 >
b0 G
b0 \
b0 j
02
0o
1;
1l
1.
1q
b0 ("
b1100000101011011 0
b1100000101011011 s
b1100000101011011 $"
b110 <
b110 {
b110 !"
b110 #"
b111000000001000 1
b111000000001000 a
b111000000001000 t
1'
#7150000
0'
#7160000
b0 ("
1u
1""
b1000000100100011 0
b1000000100100011 s
b1000000100100011 $"
b1000 <
b1000 {
b1000 !"
b1000 #"
1'
#7170000
0'
#7180000
b110 A
b110 O
b110 Y
b110 P
b110 8
b110 E
b110 x
b101100 -
b101100 z
b101100 ~
b101100 |
b1000 `
b110 9
b110 X
b110 w
b100011 3
b100011 Z
b100011 ^
b100011 n
b110 :
b110 F
b110 W
b10010 4
b10010 [
b10010 ]
b10010 m
b10011 =
b10011 b
b10011 k
b10011 v
b100011 /
b100011 _
b100011 y
b100011 p
12
1o
0;
0l
0.
0q
1,
1r
17
b0 ("
0""
b100000000101111 0
b100000000101111 s
b100000000101111 $"
b1001 <
b1001 {
b1001 !"
b1001 #"
0u
b1000000100100011 1
b1000000100100011 a
b1000000100100011 t
1'
#7190000
0'
#7200000
b1111 8
b1111 E
b1111 x
b100 `
bx 9
bx X
bx w
b0 3
b0 Z
b0 ^
b0 n
b1111 =
b1111 b
b1111 k
b1111 v
b0 /
b0 _
b0 y
b0 p
b10 >
b10 G
b10 \
b10 j
07
b1010 -
b1010 z
b1010 ~
b1010 |
b0 ("
b110 '"
b100000000101111 1
b100000000101111 a
b100000000101111 t
b110000000100000 0
b110000000100000 s
b110000000100000 $"
b1010 <
b1010 {
b1010 !"
b1010 #"
1'
#7205000
b111 $
b111 )
b111 Q
#7210000
0'
#7220000
b0 8
b0 E
b0 x
0?
b110 A
b110 O
b110 Y
b110 P
b1011 -
b1011 z
b1011 ~
b1011 |
b110 `
b0 =
b0 b
b0 k
b0 v
b11 >
b11 G
b11 \
b11 j
0,
0r
b0 ("
b110 '"
b101000011111001 0
b101000011111001 s
b101000011111001 $"
b1011 <
b1011 {
b1011 !"
b1011 #"
b110000000100000 1
b110000000100000 a
b110000000100000 t
1'
#7230000
0'
#7240000
b101 `
b1100 -
b1100 z
b1100 ~
b1100 |
b0 ("
b101000011111001 1
b101000011111001 a
b101000011111001 t
b110000000100001 0
b110000000100001 s
b110000000100001 $"
b1100 <
b1100 {
b1100 !"
b1100 #"
1'
#7250000
0'
#7260000
b101 A
b101 O
b101 Y
b101 P
b1 8
b1 E
b1 x
b1101 -
b1101 z
b1101 ~
b1101 |
b110 `
b1 =
b1 b
b1 k
b1 v
b0 ("
b101000100000001 0
b101000100000001 s
b101000100000001 $"
b1101 <
b1101 {
b1101 !"
b1101 #"
b110000000100001 1
b110000000100001 a
b110000000100001 t
1'
#7270000
0'
#7280000
b101 `
b1110 -
b1110 z
b1110 ~
b1110 |
b0 ("
b101000100000001 1
b101000100000001 a
b101000100000001 t
b110000000100010 0
b110000000100010 s
b110000000100010 $"
b1110 <
b1110 {
b1110 !"
b1110 #"
1'
#7290000
0'
#7300000
b100 A
b100 O
b100 Y
b100 P
b10 8
b10 E
b10 x
b1111 -
b1111 z
b1111 ~
b1111 |
b110 `
b10 =
b10 b
b10 k
b10 v
b0 ("
b101000100001001 0
b101000100001001 s
b101000100001001 $"
b1111 <
b1111 {
b1111 !"
b1111 #"
b110000000100010 1
b110000000100010 a
b110000000100010 t
1'
#7310000
0'
#7320000
b101 `
b10000 -
b10000 z
b10000 ~
b10000 |
b0 ("
b101000100001001 1
b101000100001001 a
b101000100001001 t
b110000000100011 0
b110000000100011 s
b110000000100011 $"
b10000 <
b10000 {
b10000 !"
b10000 #"
1'
#7330000
0'
#7340000
b11 A
b11 O
b11 Y
b11 P
b11 8
b11 E
b11 x
b10001 -
b10001 z
b10001 ~
b10001 |
b110 `
b11 =
b11 b
b11 k
b11 v
b0 ("
b101000100010001 0
b101000100010001 s
b101000100010001 $"
b10001 <
b10001 {
b10001 !"
b10001 #"
b110000000100011 1
b110000000100011 a
b110000000100011 t
1'
#7350000
0'
#7360000
b101 `
b10010 -
b10010 z
b10010 ~
b10010 |
b0 ("
b101000100010001 1
b101000100010001 a
b101000100010001 t
b110000000100100 0
b110000000100100 s
b110000000100100 $"
b10010 <
b10010 {
b10010 !"
b10010 #"
1'
#7370000
0'
#7380000
b10 A
b10 O
b10 Y
b10 P
b100 8
b100 E
b100 x
b10011 -
b10011 z
b10011 ~
b10011 |
b110 `
b100 =
b100 b
b100 k
b100 v
b0 ("
b101000100011001 0
b101000100011001 s
b101000100011001 $"
b10011 <
b10011 {
b10011 !"
b10011 #"
b110000000100100 1
b110000000100100 a
b110000000100100 t
1'
#7390000
0'
#7400000
b101 `
b10100 -
b10100 z
b10100 ~
b10100 |
b0 ("
b101000100011001 1
b101000100011001 a
b101000100011001 t
b110000000100101 0
b110000000100101 s
b110000000100101 $"
b10100 <
b10100 {
b10100 !"
b10100 #"
1'
#7410000
0'
#7420000
b1 A
b1 O
b1 Y
b1 P
b101 8
b101 E
b101 x
b10101 -
b10101 z
b10101 ~
b10101 |
b110 `
b101 =
b101 b
b101 k
b101 v
b0 ("
b101000100100001 0
b101000100100001 s
b101000100100001 $"
b10101 <
b10101 {
b10101 !"
b10101 #"
b110000000100101 1
b110000000100101 a
b110000000100101 t
1'
#7430000
0'
#7440000
b101 `
b10110 -
b10110 z
b10110 ~
b10110 |
b0 ("
b101000100100001 1
b101000100100001 a
b101000100100001 t
b110000000100110 0
b110000000100110 s
b110000000100110 $"
b10110 <
b10110 {
b10110 !"
b10110 #"
1'
#7450000
0'
#7460000
15
b0 A
b0 O
b0 Y
b0 P
b110 8
b110 E
b110 x
b10111 -
b10111 z
b10111 ~
b10111 |
b110 `
b110 =
b110 b
b110 k
b110 v
b0 ("
b101000100101001 0
b101000100101001 s
b101000100101001 $"
b10111 <
b10111 {
b10111 !"
b10111 #"
b110000000100110 1
b110000000100110 a
b110000000100110 t
1'
#7470000
0'
#7480000
b11001 8
b11001 E
b11001 x
05
b11001 A
b11001 O
b11001 Y
b11001 P
bx :
bx F
bx W
b0 4
b0 [
b0 ]
b0 m
b11001 =
b11001 b
b11001 k
b11001 v
b100101 /
b100101 _
b100101 y
b100101 p
b0 >
b0 G
b0 \
b0 j
02
0o
1.
1q
16
b101 `
b111101 -
b111101 z
b111101 ~
b111101 |
b10 ("
b101000100101001 1
b101000100101001 a
b101000100101001 t
b110000000100111 0
b110000000100111 s
b110000000100111 $"
b11000 <
b11000 {
b11000 !"
b11000 #"
1'
#7490000
0'
#7500000
06
b1100010 -
b1100010 z
b1100010 ~
b1100010 |
b0 ("
1""
b1001011100001101 0
b1001011100001101 s
b1001011100001101 $"
b111101 <
b111101 {
b111101 !"
b111101 #"
1u
1'
#7510000
0'
#7520000
b1111101 A
b1111101 O
b1111101 Y
b1111101 P
b1111101 8
b1111101 E
b1111101 x
b1001 `
b1111101 :
b1111101 F
b1111101 W
b10000 4
b10000 [
b10000 ]
b10000 m
b1111101 =
b1111101 b
b1111101 k
b1111101 v
b0 /
b0 _
b0 y
b0 p
12
1o
0.
0q
1,
1r
b111110 -
b111110 z
b111110 ~
b111110 |
b0 ("
0u
b1001011100001101 1
b1001011100001101 a
b1001011100001101 t
0""
b1100000100001011 0
b1100000100001011 s
b1100000100001011 $"
b111110 <
b111110 {
b111110 !"
b111110 #"
1'
#7530000
0'
#7540000
b111111 -
b111111 z
b111111 ~
b111111 |
b1100 `
b1111101 9
b1111101 X
b1111101 w
b10000 3
b10000 Z
b10000 ^
b10000 n
b101011 4
b101011 [
b101011 ]
b101011 m
b11011 =
b11011 b
b11011 k
b11011 v
17
b0 ("
b1111101 %"
b111000000000001 0
b111000000000001 s
b111000000000001 $"
b111111 <
b111111 {
b111111 !"
b111111 #"
b1100000100001011 1
b1100000100001011 a
b1100000100001011 t
1'
#7550000
0'
#7560000
b1 A
b1 O
b1 Y
b1 P
b1 8
b1 E
b1 x
b111 `
bx 9
bx X
bx w
b0 3
b0 Z
b0 ^
b0 n
bx :
bx F
bx W
b0 4
b0 [
b0 ]
b0 m
b1 =
b1 b
b1 k
b1 v
b1 /
b1 _
b1 y
b1 p
02
0o
1;
1l
1.
1q
0,
0r
07
b1 -
b1 z
b1 ~
b1 |
b0 ("
b111000000000001 1
b111000000000001 a
b111000000000001 t
b1001000000000111 0
b1001000000000111 s
b1001000000000111 $"
b1000000 <
b1000000 {
b1000000 !"
b1000000 #"
1'
#7570000
0'
#7580000
b0 ("
1""
b1000000101000110 0
b1000000101000110 s
b1000000101000110 $"
b1 <
b1 {
b1 !"
b1 #"
1u
1'
#7590000
0'
#7600000
b1 -
b1 z
b1 ~
b1 |
b1000 `
b1 9
b1 X
b1 w
b100110 3
b100110 Z
b100110 ^
b100110 n
b1 :
b1 F
b1 W
b10100 4
b10100 [
b10100 ]
b10100 m
b10110 =
b10110 b
b10110 k
b10110 v
b1000110 /
b1000110 _
b1000110 y
b1000110 p
12
1o
0;
0l
0.
0q
1,
1r
17
b0 ("
0u
b1000000101000110 1
b1000000101000110 a
b1000000101000110 t
0""
b100000001000001 0
b100000001000001 s
b100000001000001 $"
b10 <
b10 {
b10 !"
b10 #"
1'
#7610000
0'
#7620000
b11 -
b11 z
b11 ~
b11 |
b100 `
bx 9
bx X
bx w
b0 3
b0 Z
b0 ^
b0 n
b1 =
b1 b
b1 k
b1 v
b0 /
b0 _
b0 y
b0 p
b10 >
b10 G
b10 \
b10 j
07
b0 ("
b110000001000000 0
b110000001000000 s
b110000001000000 $"
b11 <
b11 {
b11 !"
b11 #"
b100000001000001 1
b100000001000001 a
b100000001000001 t
1'
#7630000
0'
#7640000
b0 8
b0 E
b0 x
05
b1 A
b1 O
b1 Y
b1 P
b110 `
b0 =
b0 b
b0 k
b0 v
b11 >
b11 G
b11 \
b11 j
0,
0r
b100 -
b100 z
b100 ~
b100 |
b0 ("
b110000001000000 1
b110000001000000 a
b110000001000000 t
b101000000001001 0
b101000000001001 s
b101000000001001 $"
b100 <
b100 {
b100 !"
b100 #"
1'
#7650000
0'
#7660000
b101 -
b101 z
b101 ~
b101 |
b101 `
b0 ("
b111000000001000 0
b111000000001000 s
b111000000001000 $"
b101 <
b101 {
b101 !"
b101 #"
b101000000001001 1
b101000000001001 a
b101000000001001 t
1'
#7670000
0'
#7680000
b1000 8
b1000 E
b1000 x
05
b1000 A
b1000 O
b1000 Y
b1000 P
b111 `
bx :
bx F
bx W
b0 4
b0 [
b0 ]
b0 m
b1000 =
b1000 b
b1000 k
b1000 v
b1000 /
b1000 _
b1000 y
b1000 p
b0 >
b0 G
b0 \
b0 j
02
0o
1;
1l
1.
1q
b1000 -
b1000 z
b1000 ~
b1000 |
b0 ("
b111000000001000 1
b111000000001000 a
b111000000001000 t
b1100000101011011 0
b1100000101011011 s
b1100000101011011 $"
b110 <
b110 {
b110 !"
b110 #"
1'
#7690000
0'
#7700000
b0 ("
1""
b1000000100100011 0
b1000000100100011 s
b1000000100100011 $"
b1000 <
b1000 {
b1000 !"
b1000 #"
1u
1'
#7710000
0'
#7720000
b111 A
b111 O
b111 Y
b111 P
b1000 -
b1000 z
b1000 ~
b1000 |
b111 8
b111 E
b111 x
b1000 `
b111 9
b111 X
b111 w
b100011 3
b100011 Z
b100011 ^
b100011 n
b110 :
b110 F
b110 W
b10010 4
b10010 [
b10010 ]
b10010 m
b10011 =
b10011 b
b10011 k
b10011 v
b100011 /
b100011 _
b100011 y
b100011 p
12
1o
0;
0l
0.
0q
1,
1r
17
b0 ("
0u
b1000000100100011 1
b1000000100100011 a
b1000000100100011 t
0""
b100000000101111 0
b100000000101111 s
b100000000101111 $"
b1001 <
b1001 {
b1001 !"
b1001 #"
1'
#7730000
0'
#7740000
b1111 8
b1111 E
b1111 x
b1010 -
b1010 z
b1010 ~
b1010 |
b100 `
bx 9
bx X
bx w
b0 3
b0 Z
b0 ^
b0 n
b1111 =
b1111 b
b1111 k
b1111 v
b0 /
b0 _
b0 y
b0 p
b10 >
b10 G
b10 \
b10 j
07
b0 ("
b111 '"
b111 :
b111 F
b111 W
b110000000100000 0
b110000000100000 s
b110000000100000 $"
b1010 <
b1010 {
b1010 !"
b1010 #"
b100000000101111 1
b100000000101111 a
b100000000101111 t
1'
#7750000
0'
#7760000
b0 8
b0 E
b0 x
0?
b111 A
b111 O
b111 Y
b111 P
b110 `
b0 =
b0 b
b0 k
b0 v
b11 >
b11 G
b11 \
b11 j
0,
0r
b1011 -
b1011 z
b1011 ~
b1011 |
b0 ("
b111 '"
b110000000100000 1
b110000000100000 a
b110000000100000 t
b101000011111001 0
b101000011111001 s
b101000011111001 $"
b1011 <
b1011 {
b1011 !"
b1011 #"
1'
#7770000
0'
#7780000
b1100 -
b1100 z
b1100 ~
b1100 |
b101 `
b0 ("
b110000000100001 0
b110000000100001 s
b110000000100001 $"
b1100 <
b1100 {
b1100 !"
b1100 #"
b101000011111001 1
b101000011111001 a
b101000011111001 t
1'
#7790000
0'
#7800000
b110 A
b110 O
b110 Y
b110 P
b1 8
b1 E
b1 x
b110 `
b1 =
b1 b
b1 k
b1 v
b1101 -
b1101 z
b1101 ~
b1101 |
b0 ("
b110000000100001 1
b110000000100001 a
b110000000100001 t
b101000100000001 0
b101000100000001 s
b101000100000001 $"
b1101 <
b1101 {
b1101 !"
b1101 #"
1'
#7810000
0'
#7820000
b1110 -
b1110 z
b1110 ~
b1110 |
b101 `
b0 ("
b110000000100010 0
b110000000100010 s
b110000000100010 $"
b1110 <
b1110 {
b1110 !"
b1110 #"
b101000100000001 1
b101000100000001 a
b101000100000001 t
1'
#7830000
0'
#7840000
b101 A
b101 O
b101 Y
b101 P
b10 8
b10 E
b10 x
b110 `
b10 =
b10 b
b10 k
b10 v
b1111 -
b1111 z
b1111 ~
b1111 |
b0 ("
b110000000100010 1
b110000000100010 a
b110000000100010 t
b101000100001001 0
b101000100001001 s
b101000100001001 $"
b1111 <
b1111 {
b1111 !"
b1111 #"
1'
#7850000
0'
#7860000
b10000 -
b10000 z
b10000 ~
b10000 |
b101 `
b0 ("
b110000000100011 0
b110000000100011 s
b110000000100011 $"
b10000 <
b10000 {
b10000 !"
b10000 #"
b101000100001001 1
b101000100001001 a
b101000100001001 t
1'
#7870000
0'
#7880000
b100 A
b100 O
b100 Y
b100 P
b11 8
b11 E
b11 x
b110 `
b11 =
b11 b
b11 k
b11 v
b10001 -
b10001 z
b10001 ~
b10001 |
b0 ("
b110000000100011 1
b110000000100011 a
b110000000100011 t
b101000100010001 0
b101000100010001 s
b101000100010001 $"
b10001 <
b10001 {
b10001 !"
b10001 #"
1'
#7890000
0'
#7900000
b10010 -
b10010 z
b10010 ~
b10010 |
b101 `
b0 ("
b110000000100100 0
b110000000100100 s
b110000000100100 $"
b10010 <
b10010 {
b10010 !"
b10010 #"
b101000100010001 1
b101000100010001 a
b101000100010001 t
1'
#7910000
0'
#7920000
b11 A
b11 O
b11 Y
b11 P
b100 8
b100 E
b100 x
b110 `
b100 =
b100 b
b100 k
b100 v
b10011 -
b10011 z
b10011 ~
b10011 |
b0 ("
b110000000100100 1
b110000000100100 a
b110000000100100 t
b101000100011001 0
b101000100011001 s
b101000100011001 $"
b10011 <
b10011 {
b10011 !"
b10011 #"
1'
#7930000
0'
#7940000
b10100 -
b10100 z
b10100 ~
b10100 |
b101 `
b0 ("
b110000000100101 0
b110000000100101 s
b110000000100101 $"
b10100 <
b10100 {
b10100 !"
b10100 #"
b101000100011001 1
b101000100011001 a
b101000100011001 t
1'
#7950000
0'
#7960000
b10 A
b10 O
b10 Y
b10 P
b101 8
b101 E
b101 x
b110 `
b101 =
b101 b
b101 k
b101 v
b10101 -
b10101 z
b10101 ~
b10101 |
b0 ("
b110000000100101 1
b110000000100101 a
b110000000100101 t
b101000100100001 0
b101000100100001 s
b101000100100001 $"
b10101 <
b10101 {
b10101 !"
b10101 #"
1'
#7970000
0'
#7980000
b10110 -
b10110 z
b10110 ~
b10110 |
b101 `
b0 ("
b110000000100110 0
b110000000100110 s
b110000000100110 $"
b10110 <
b10110 {
b10110 !"
b10110 #"
b101000100100001 1
b101000100100001 a
b101000100100001 t
1'
#7990000
0'
#8000000
b1 A
b1 O
b1 Y
b1 P
b110 8
b110 E
b110 x
b110 `
b110 =
b110 b
b110 k
b110 v
b10111 -
b10111 z
b10111 ~
b10111 |
b0 ("
b110000000100110 1
b110000000100110 a
b110000000100110 t
b101000100101001 0
b101000100101001 s
b101000100101001 $"
b10111 <
b10111 {
b10111 !"
b10111 #"
1'
#8010000
0'
#8020000
b11000 -
b11000 z
b11000 ~
b11000 |
b101 `
b0 ("
b110000000100111 0
b110000000100111 s
b110000000100111 $"
b11000 <
b11000 {
b11000 !"
b11000 #"
b101000100101001 1
b101000100101001 a
b101000100101001 t
1'
#8030000
0'
#8040000
15
b0 A
b0 O
b0 Y
b0 P
b111 8
b111 E
b111 x
b110 `
b111 =
b111 b
b111 k
b111 v
b11001 -
b11001 z
b11001 ~
b11001 |
b0 ("
b110000000100111 1
b110000000100111 a
b110000000100111 t
b101000100110001 0
b101000100110001 s
b101000100110001 $"
b11001 <
b11001 {
b11001 !"
b11001 #"
1'
#8050000
0'
#8060000
b10001 8
b10001 E
b10001 x
05
b10001 A
b10001 O
b10001 Y
b10001 P
bx :
bx F
bx W
b0 4
b0 [
b0 ]
b0 m
b10001 =
b10001 b
b10001 k
b10001 v
b100110 /
b100110 _
b100110 y
b100110 p
b0 >
b0 G
b0 \
b0 j
02
0o
1.
1q
16
b1000000 -
b1000000 z
b1000000 ~
b1000000 |
b101 `
b10 ("
b110000000101000 0
b110000000101000 s
b110000000101000 $"
b11010 <
b11010 {
b11010 !"
b11010 #"
b101000100110001 1
b101000100110001 a
b101000100110001 t
1'
#8070000
0'
#8080000
06
b1100110 -
b1100110 z
b1100110 ~
b1100110 |
b0 ("
1u
1""
b1001000000000111 0
b1001000000000111 s
b1001000000000111 $"
b1000000 <
b1000000 {
b1000000 !"
b1000000 #"
1'
#8090000
0'
#8100000
b111 A
b111 O
b111 Y
b111 P
b111 8
b111 E
b111 x
b1000001 -
b1000001 z
b1000001 ~
b1000001 |
b1001 `
b1111101 :
b1111101 F
b1111101 W
b10000 4
b10000 [
b10000 ]
b10000 m
b111 =
b111 b
b111 k
b111 v
b0 /
b0 _
b0 y
b0 p
12
1o
0.
0q
1,
1r
b0 ("
0""
b1100000100001011 0
b1100000100001011 s
b1100000100001011 $"
b1000001 <
b1000001 {
b1000001 !"
b1000001 #"
0u
b1001000000000111 1
b1001000000000111 a
b1001000000000111 t
1'
#8110000
0'
#8120000
b1100 `
b111 9
b111 X
b111 w
b10000 3
b10000 Z
b10000 ^
b10000 n
b101011 4
b101011 [
b101011 ]
b101011 m
b11011 =
b11011 b
b11011 k
b11011 v
17
b1000010 -
b1000010 z
b1000010 ~
b1000010 |
b0 ("
b111 %"
b1111101 :
b1111101 F
b1111101 W
b1100000100001011 1
b1100000100001011 a
b1100000100001011 t
b111000000000001 0
b111000000000001 s
b111000000000001 $"
b1000010 <
b1000010 {
b1000010 !"
b1000010 #"
1'
#8130000
0'
#8140000
b1 -
b1 z
b1 ~
b1 |
b1 A
b1 O
b1 Y
b1 P
b1 8
b1 E
b1 x
b111 `
bx 9
bx X
bx w
b0 3
b0 Z
b0 ^
b0 n
b0 4
b0 [
b0 ]
b0 m
b1 =
b1 b
b1 k
b1 v
b1 /
b1 _
b1 y
b1 p
02
0o
1;
1l
1.
1q
0,
0r
07
b0 ("
bx :
bx F
bx W
b111 !
b111 B
b111 V
b1001011100001111 0
b1001011100001111 s
b1001011100001111 $"
b1000011 <
b1000011 {
b1000011 !"
b1000011 #"
b111000000000001 1
b111000000000001 a
b111000000000001 t
1'
#8150000
0'
#8160000
b0 ("
1u
1""
b1000000101000110 0
b1000000101000110 s
b1000000101000110 $"
b1 <
b1 {
b1 !"
b1 #"
1'
#8170000
0'
#8180000
b1001000 -
b1001000 z
b1001000 ~
b1001000 |
b1000 `
b1 9
b1 X
b1 w
b100110 3
b100110 Z
b100110 ^
b100110 n
b1 :
b1 F
b1 W
b10100 4
b10100 [
b10100 ]
b10100 m
b10110 =
b10110 b
b10110 k
b10110 v
b1000110 /
b1000110 _
b1000110 y
b1000110 p
12
1o
0;
0l
0.
0q
1,
1r
17
b0 ("
0""
b100000001000001 0
b100000001000001 s
b100000001000001 $"
b10 <
b10 {
b10 !"
b10 #"
0u
b1000000101000110 1
b1000000101000110 a
b1000000101000110 t
1'
#8190000
0'
#8200000
b100 `
bx 9
bx X
bx w
b0 3
b0 Z
b0 ^
b0 n
b1 =
b1 b
b1 k
b1 v
b0 /
b0 _
b0 y
b0 p
b10 >
b10 G
b10 \
b10 j
07
b11 -
b11 z
b11 ~
b11 |
b0 ("
b100000001000001 1
b100000001000001 a
b100000001000001 t
b110000001000000 0
b110000001000000 s
b110000001000000 $"
b11 <
b11 {
b11 !"
b11 #"
1'
#8205000
b1000 $
b1000 )
b1000 Q
#8210000
0'
#8220000
b0 8
b0 E
b0 x
05
b1 A
b1 O
b1 Y
b1 P
b100 -
b100 z
b100 ~
b100 |
b110 `
b0 =
b0 b
b0 k
b0 v
b11 >
b11 G
b11 \
b11 j
0,
0r
b0 ("
b101000000001001 0
b101000000001001 s
b101000000001001 $"
b100 <
b100 {
b100 !"
b100 #"
b110000001000000 1
b110000001000000 a
b110000001000000 t
1'
#8230000
0'
#8240000
b101 `
b101 -
b101 z
b101 ~
b101 |
b0 ("
b101000000001001 1
b101000000001001 a
b101000000001001 t
b111000000001000 0
b111000000001000 s
b111000000001000 $"
b101 <
b101 {
b101 !"
b101 #"
1'
#8250000
0'
#8260000
b1000 -
b1000 z
b1000 ~
b1000 |
b1000 8
b1000 E
b1000 x
05
b1000 A
b1000 O
b1000 Y
b1000 P
b111 `
bx :
bx F
bx W
b0 4
b0 [
b0 ]
b0 m
b1000 =
b1000 b
b1000 k
b1000 v
b1000 /
b1000 _
b1000 y
b1000 p
b0 >
b0 G
b0 \
b0 j
02
0o
1;
1l
1.
1q
b0 ("
b1100000101011011 0
b1100000101011011 s
b1100000101011011 $"
b110 <
b110 {
b110 !"
b110 #"
b111000000001000 1
b111000000001000 a
b111000000001000 t
1'
#8270000
0'
#8280000
b0 ("
1u
1""
b1000000100100011 0
b1000000100100011 s
b1000000100100011 $"
b1000 <
b1000 {
b1000 !"
b1000 #"
1'
#8290000
0'
#8300000
b101100 -
b101100 z
b101100 ~
b101100 |
b1000 `
b1000 9
b1000 X
b1000 w
b100011 3
b100011 Z
b100011 ^
b100011 n
b111 :
b111 F
b111 W
b10010 4
b10010 [
b10010 ]
b10010 m
b10011 =
b10011 b
b10011 k
b10011 v
b100011 /
b100011 _
b100011 y
b100011 p
12
1o
0;
0l
0.
0q
1,
1r
17
b0 ("
0""
b100000000101111 0
b100000000101111 s
b100000000101111 $"
b1001 <
b1001 {
b1001 !"
b1001 #"
0u
b1000000100100011 1
b1000000100100011 a
b1000000100100011 t
1'
#8310000
0'
#8320000
b1111 8
b1111 E
b1111 x
b100 `
bx 9
bx X
bx w
b0 3
b0 Z
b0 ^
b0 n
b1111 =
b1111 b
b1111 k
b1111 v
b0 /
b0 _
b0 y
b0 p
b10 >
b10 G
b10 \
b10 j
07
b1010 -
b1010 z
b1010 ~
b1010 |
b0 ("
b1000 '"
b1000 :
b1000 F
b1000 W
b100000000101111 1
b100000000101111 a
b100000000101111 t
b110000000100000 0
b110000000100000 s
b110000000100000 $"
b1010 <
b1010 {
b1010 !"
b1010 #"
1'
#8330000
0'
#8340000
b0 8
b0 E
b0 x
0?
b1000 A
b1000 O
b1000 Y
b1000 P
b1011 -
b1011 z
b1011 ~
b1011 |
b110 `
b0 =
b0 b
b0 k
b0 v
b11 >
b11 G
b11 \
b11 j
0,
0r
b0 ("
b1000 '"
b101000011111001 0
b101000011111001 s
b101000011111001 $"
b1011 <
b1011 {
b1011 !"
b1011 #"
b110000000100000 1
b110000000100000 a
b110000000100000 t
1'
#8350000
0'
#8360000
b101 `
b1100 -
b1100 z
b1100 ~
b1100 |
b0 ("
b101000011111001 1
b101000011111001 a
b101000011111001 t
b110000000100001 0
b110000000100001 s
b110000000100001 $"
b1100 <
b1100 {
b1100 !"
b1100 #"
1'
#8370000
0'
#8380000
b111 A
b111 O
b111 Y
b111 P
b1 8
b1 E
b1 x
b1101 -
b1101 z
b1101 ~
b1101 |
b110 `
b1 =
b1 b
b1 k
b1 v
b0 ("
b101000100000001 0
b101000100000001 s
b101000100000001 $"
b1101 <
b1101 {
b1101 !"
b1101 #"
b110000000100001 1
b110000000100001 a
b110000000100001 t
1'
#8390000
0'
#8400000
b101 `
b1110 -
b1110 z
b1110 ~
b1110 |
b0 ("
b101000100000001 1
b101000100000001 a
b101000100000001 t
b110000000100010 0
b110000000100010 s
b110000000100010 $"
b1110 <
b1110 {
b1110 !"
b1110 #"
1'
#8410000
0'
#8420000
b110 A
b110 O
b110 Y
b110 P
b10 8
b10 E
b10 x
b1111 -
b1111 z
b1111 ~
b1111 |
b110 `
b10 =
b10 b
b10 k
b10 v
b0 ("
b101000100001001 0
b101000100001001 s
b101000100001001 $"
b1111 <
b1111 {
b1111 !"
b1111 #"
b110000000100010 1
b110000000100010 a
b110000000100010 t
1'
#8430000
0'
#8440000
b101 `
b10000 -
b10000 z
b10000 ~
b10000 |
b0 ("
b101000100001001 1
b101000100001001 a
b101000100001001 t
b110000000100011 0
b110000000100011 s
b110000000100011 $"
b10000 <
b10000 {
b10000 !"
b10000 #"
1'
#8450000
0'
#8460000
b101 A
b101 O
b101 Y
b101 P
b11 8
b11 E
b11 x
b10001 -
b10001 z
b10001 ~
b10001 |
b110 `
b11 =
b11 b
b11 k
b11 v
b0 ("
b101000100010001 0
b101000100010001 s
b101000100010001 $"
b10001 <
b10001 {
b10001 !"
b10001 #"
b110000000100011 1
b110000000100011 a
b110000000100011 t
1'
#8470000
0'
#8480000
b101 `
b10010 -
b10010 z
b10010 ~
b10010 |
b0 ("
b101000100010001 1
b101000100010001 a
b101000100010001 t
b110000000100100 0
b110000000100100 s
b110000000100100 $"
b10010 <
b10010 {
b10010 !"
b10010 #"
1'
#8490000
0'
#8500000
b100 A
b100 O
b100 Y
b100 P
b100 8
b100 E
b100 x
b10011 -
b10011 z
b10011 ~
b10011 |
b110 `
b100 =
b100 b
b100 k
b100 v
b0 ("
b101000100011001 0
b101000100011001 s
b101000100011001 $"
b10011 <
b10011 {
b10011 !"
b10011 #"
b110000000100100 1
b110000000100100 a
b110000000100100 t
1'
#8510000
0'
#8520000
b101 `
b10100 -
b10100 z
b10100 ~
b10100 |
b0 ("
b101000100011001 1
b101000100011001 a
b101000100011001 t
b110000000100101 0
b110000000100101 s
b110000000100101 $"
b10100 <
b10100 {
b10100 !"
b10100 #"
1'
#8530000
0'
#8540000
b11 A
b11 O
b11 Y
b11 P
b101 8
b101 E
b101 x
b10101 -
b10101 z
b10101 ~
b10101 |
b110 `
b101 =
b101 b
b101 k
b101 v
b0 ("
b101000100100001 0
b101000100100001 s
b101000100100001 $"
b10101 <
b10101 {
b10101 !"
b10101 #"
b110000000100101 1
b110000000100101 a
b110000000100101 t
1'
#8550000
0'
#8560000
b101 `
b10110 -
b10110 z
b10110 ~
b10110 |
b0 ("
b101000100100001 1
b101000100100001 a
b101000100100001 t
b110000000100110 0
b110000000100110 s
b110000000100110 $"
b10110 <
b10110 {
b10110 !"
b10110 #"
1'
#8570000
0'
#8580000
b10 A
b10 O
b10 Y
b10 P
b110 8
b110 E
b110 x
b10111 -
b10111 z
b10111 ~
b10111 |
b110 `
b110 =
b110 b
b110 k
b110 v
b0 ("
b101000100101001 0
b101000100101001 s
b101000100101001 $"
b10111 <
b10111 {
b10111 !"
b10111 #"
b110000000100110 1
b110000000100110 a
b110000000100110 t
1'
#8590000
0'
#8600000
b101 `
b11000 -
b11000 z
b11000 ~
b11000 |
b0 ("
b101000100101001 1
b101000100101001 a
b101000100101001 t
b110000000100111 0
b110000000100111 s
b110000000100111 $"
b11000 <
b11000 {
b11000 !"
b11000 #"
1'
#8610000
0'
#8620000
b1 A
b1 O
b1 Y
b1 P
b111 8
b111 E
b111 x
b11001 -
b11001 z
b11001 ~
b11001 |
b110 `
b111 =
b111 b
b111 k
b111 v
b0 ("
b101000100110001 0
b101000100110001 s
b101000100110001 $"
b11001 <
b11001 {
b11001 !"
b11001 #"
b110000000100111 1
b110000000100111 a
b110000000100111 t
1'
#8630000
0'
#8640000
b101 `
b11010 -
b11010 z
b11010 ~
b11010 |
b0 ("
b101000100110001 1
b101000100110001 a
b101000100110001 t
b110000000101000 0
b110000000101000 s
b110000000101000 $"
b11010 <
b11010 {
b11010 !"
b11010 #"
1'
#8650000
0'
#8660000
15
b0 A
b0 O
b0 Y
b0 P
b1000 8
b1000 E
b1000 x
b11011 -
b11011 z
b11011 ~
b11011 |
b110 `
b1000 =
b1000 b
b1000 k
b1000 v
b0 ("
b101000100111001 0
b101000100111001 s
b101000100111001 $"
b11011 <
b11011 {
b11011 !"
b11011 #"
b110000000101000 1
b110000000101000 a
b110000000101000 t
1'
#8670000
0'
#8680000
b11001 8
b11001 E
b11001 x
05
b11001 A
b11001 O
b11001 Y
b11001 P
bx :
bx F
bx W
b0 4
b0 [
b0 ]
b0 m
b11001 =
b11001 b
b11001 k
b11001 v
b100111 /
b100111 _
b100111 y
b100111 p
b0 >
b0 G
b0 \
b0 j
02
0o
1.
1q
16
b101 `
b1000011 -
b1000011 z
b1000011 ~
b1000011 |
b10 ("
b101000100111001 1
b101000100111001 a
b101000100111001 t
b110000000101001 0
b110000000101001 s
b110000000101001 $"
b11100 <
b11100 {
b11100 !"
b11100 #"
1'
#8690000
0'
#8700000
06
b1101010 -
b1101010 z
b1101010 ~
b1101010 |
b0 ("
1""
b1001011100001111 0
b1001011100001111 s
b1001011100001111 $"
b1000011 <
b1000011 {
b1000011 !"
b1000011 #"
1u
1'
#8710000
0'
#8720000
b1111111 A
b1111111 O
b1111111 Y
b1111111 P
b1111111 8
b1111111 E
b1111111 x
b1001 `
b111 :
b111 F
b111 W
b10000 4
b10000 [
b10000 ]
b10000 m
b1111111 =
b1111111 b
b1111111 k
b1111111 v
b0 /
b0 _
b0 y
b0 p
12
1o
0.
0q
1,
1r
b1000100 -
b1000100 z
b1000100 ~
b1000100 |
b0 ("
0u
b1001011100001111 1
b1001011100001111 a
b1001011100001111 t
0""
b1100000100001011 0
b1100000100001011 s
b1100000100001011 $"
b1000100 <
b1000100 {
b1000100 !"
b1000100 #"
1'
#8730000
0'
#8740000
b1000101 -
b1000101 z
b1000101 ~
b1000101 |
b1100 `
b1111111 9
b1111111 X
b1111111 w
b10000 3
b10000 Z
b10000 ^
b10000 n
b101011 4
b101011 [
b101011 ]
b101011 m
b11011 =
b11011 b
b11011 k
b11011 v
17
b0 ("
b1111111 %"
b111 :
b111 F
b111 W
b111000000000001 0
b111000000000001 s
b111000000000001 $"
b1000101 <
b1000101 {
b1000101 !"
b1000101 #"
b1100000100001011 1
b1100000100001011 a
b1100000100001011 t
1'
#8750000
0'
#8760000
b1 A
b1 O
b1 Y
b1 P
b1 8
b1 E
b1 x
b111 `
bx 9
bx X
bx w
b0 3
b0 Z
b0 ^
b0 n
b0 4
b0 [
b0 ]
b0 m
b1 =
b1 b
b1 k
b1 v
b1 /
b1 _
b1 y
b1 p
02
0o
1;
1l
1.
1q
0,
0r
07
b1 -
b1 z
b1 ~
b1 |
b0 ("
bx :
bx F
bx W
b1111111 !
b1111111 B
b1111111 V
b111000000000001 1
b111000000000001 a
b111000000000001 t
b1001011000001111 0
b1001011000001111 s
b1001011000001111 $"
b1000110 <
b1000110 {
b1000110 !"
b1000110 #"
1'
#8770000
0'
#8780000
b0 ("
1""
b1000000101000110 0
b1000000101000110 s
b1000000101000110 $"
b1 <
b1 {
b1 !"
b1 #"
1u
1'
#8790000
0'
#8800000
b1 -
b1 z
b1 ~
b1 |
b1000 `
b1 9
b1 X
b1 w
b100110 3
b100110 Z
b100110 ^
b100110 n
b1 :
b1 F
b1 W
b10100 4
b10100 [
b10100 ]
b10100 m
b10110 =
b10110 b
b10110 k
b10110 v
b1000110 /
b1000110 _
b1000110 y
b1000110 p
12
1o
0;
0l
0.
0q
1,
1r
17
b0 ("
0u
b1000000101000110 1
b1000000101000110 a
b1000000101000110 t
0""
b100000001000001 0
b100000001000001 s
b100000001000001 $"
b10 <
b10 {
b10 !"
b10 #"
1'
#8810000
0'
#8820000
b11 -
b11 z
b11 ~
b11 |
b100 `
bx 9
bx X
bx w
b0 3
b0 Z
b0 ^
b0 n
b1 =
b1 b
b1 k
b1 v
b0 /
b0 _
b0 y
b0 p
b10 >
b10 G
b10 \
b10 j
07
b0 ("
b110000001000000 0
b110000001000000 s
b110000001000000 $"
b11 <
b11 {
b11 !"
b11 #"
b100000001000001 1
b100000001000001 a
b100000001000001 t
1'
#8830000
0'
#8840000
b0 8
b0 E
b0 x
05
b1 A
b1 O
b1 Y
b1 P
b110 `
b0 =
b0 b
b0 k
b0 v
b11 >
b11 G
b11 \
b11 j
0,
0r
b100 -
b100 z
b100 ~
b100 |
b0 ("
b110000001000000 1
b110000001000000 a
b110000001000000 t
b101000000001001 0
b101000000001001 s
b101000000001001 $"
b100 <
b100 {
b100 !"
b100 #"
1'
#8850000
0'
#8860000
b101 -
b101 z
b101 ~
b101 |
b101 `
b0 ("
b111000000001000 0
b111000000001000 s
b111000000001000 $"
b101 <
b101 {
b101 !"
b101 #"
b101000000001001 1
b101000000001001 a
b101000000001001 t
1'
#8870000
0'
#8880000
b1000 8
b1000 E
b1000 x
05
b1000 A
b1000 O
b1000 Y
b1000 P
b111 `
bx :
bx F
bx W
b0 4
b0 [
b0 ]
b0 m
b1000 =
b1000 b
b1000 k
b1000 v
b1000 /
b1000 _
b1000 y
b1000 p
b0 >
b0 G
b0 \
b0 j
02
0o
1;
1l
1.
1q
b1000 -
b1000 z
b1000 ~
b1000 |
b0 ("
b111000000001000 1
b111000000001000 a
b111000000001000 t
b1100000101011011 0
b1100000101011011 s
b1100000101011011 $"
b110 <
b110 {
b110 !"
b110 #"
1'
#8890000
0'
#8900000
b0 ("
1""
b1000000100100011 0
b1000000100100011 s
b1000000100100011 $"
b1000 <
b1000 {
b1000 !"
b1000 #"
1u
1'
#8910000
0'
#8920000
b1000 -
b1000 z
b1000 ~
b1000 |
b1000 `
b1000 9
b1000 X
b1000 w
b100011 3
b100011 Z
b100011 ^
b100011 n
b1000 :
b1000 F
b1000 W
b10010 4
b10010 [
b10010 ]
b10010 m
b10011 =
b10011 b
b10011 k
b10011 v
b100011 /
b100011 _
b100011 y
b100011 p
12
1o
0;
0l
0.
0q
1,
1r
17
b0 ("
0u
b1000000100100011 1
b1000000100100011 a
b1000000100100011 t
0""
b100000000101111 0
b100000000101111 s
b100000000101111 $"
b1001 <
b1001 {
b1001 !"
b1001 #"
1'
#8930000
0'
#8940000
b1111 8
b1111 E
b1111 x
b1010 -
b1010 z
b1010 ~
b1010 |
b100 `
bx 9
bx X
bx w
b0 3
b0 Z
b0 ^
b0 n
b1111 =
b1111 b
b1111 k
b1111 v
b0 /
b0 _
b0 y
b0 p
b10 >
b10 G
b10 \
b10 j
07
b0 ("
b1000 '"
b110000000100000 0
b110000000100000 s
b110000000100000 $"
b1010 <
b1010 {
b1010 !"
b1010 #"
b100000000101111 1
b100000000101111 a
b100000000101111 t
1'
#8950000
0'
#8960000
b0 8
b0 E
b0 x
0?
b1000 A
b1000 O
b1000 Y
b1000 P
b110 `
b0 =
b0 b
b0 k
b0 v
b11 >
b11 G
b11 \
b11 j
0,
0r
b1011 -
b1011 z
b1011 ~
b1011 |
b0 ("
b1000 '"
b110000000100000 1
b110000000100000 a
b110000000100000 t
b101000011111001 0
b101000011111001 s
b101000011111001 $"
b1011 <
b1011 {
b1011 !"
b1011 #"
1'
#8970000
0'
#8980000
b1100 -
b1100 z
b1100 ~
b1100 |
b101 `
b0 ("
b110000000100001 0
b110000000100001 s
b110000000100001 $"
b1100 <
b1100 {
b1100 !"
b1100 #"
b101000011111001 1
b101000011111001 a
b101000011111001 t
1'
#8990000
0'
#9000000
b111 A
b111 O
b111 Y
b111 P
b1 8
b1 E
b1 x
b110 `
b1 =
b1 b
b1 k
b1 v
b1101 -
b1101 z
b1101 ~
b1101 |
b0 ("
b110000000100001 1
b110000000100001 a
b110000000100001 t
b101000100000001 0
b101000100000001 s
b101000100000001 $"
b1101 <
b1101 {
b1101 !"
b1101 #"
1'
#9010000
0'
#9020000
b1110 -
b1110 z
b1110 ~
b1110 |
b101 `
b0 ("
b110000000100010 0
b110000000100010 s
b110000000100010 $"
b1110 <
b1110 {
b1110 !"
b1110 #"
b101000100000001 1
b101000100000001 a
b101000100000001 t
1'
#9030000
0'
#9040000
b110 A
b110 O
b110 Y
b110 P
b10 8
b10 E
b10 x
b110 `
b10 =
b10 b
b10 k
b10 v
b1111 -
b1111 z
b1111 ~
b1111 |
b0 ("
b110000000100010 1
b110000000100010 a
b110000000100010 t
b101000100001001 0
b101000100001001 s
b101000100001001 $"
b1111 <
b1111 {
b1111 !"
b1111 #"
1'
#9050000
0'
#9060000
b10000 -
b10000 z
b10000 ~
b10000 |
b101 `
b0 ("
b110000000100011 0
b110000000100011 s
b110000000100011 $"
b10000 <
b10000 {
b10000 !"
b10000 #"
b101000100001001 1
b101000100001001 a
b101000100001001 t
1'
#9070000
0'
#9080000
b101 A
b101 O
b101 Y
b101 P
b11 8
b11 E
b11 x
b110 `
b11 =
b11 b
b11 k
b11 v
b10001 -
b10001 z
b10001 ~
b10001 |
b0 ("
b110000000100011 1
b110000000100011 a
b110000000100011 t
b101000100010001 0
b101000100010001 s
b101000100010001 $"
b10001 <
b10001 {
b10001 !"
b10001 #"
1'
#9090000
0'
#9100000
b10010 -
b10010 z
b10010 ~
b10010 |
b101 `
b0 ("
b110000000100100 0
b110000000100100 s
b110000000100100 $"
b10010 <
b10010 {
b10010 !"
b10010 #"
b101000100010001 1
b101000100010001 a
b101000100010001 t
1'
#9110000
0'
#9120000
b100 A
b100 O
b100 Y
b100 P
b100 8
b100 E
b100 x
b110 `
b100 =
b100 b
b100 k
b100 v
b10011 -
b10011 z
b10011 ~
b10011 |
b0 ("
b110000000100100 1
b110000000100100 a
b110000000100100 t
b101000100011001 0
b101000100011001 s
b101000100011001 $"
b10011 <
b10011 {
b10011 !"
b10011 #"
1'
#9130000
0'
#9140000
b10100 -
b10100 z
b10100 ~
b10100 |
b101 `
b0 ("
b110000000100101 0
b110000000100101 s
b110000000100101 $"
b10100 <
b10100 {
b10100 !"
b10100 #"
b101000100011001 1
b101000100011001 a
b101000100011001 t
1'
#9150000
0'
#9160000
b11 A
b11 O
b11 Y
b11 P
b101 8
b101 E
b101 x
b110 `
b101 =
b101 b
b101 k
b101 v
b10101 -
b10101 z
b10101 ~
b10101 |
b0 ("
b110000000100101 1
b110000000100101 a
b110000000100101 t
b101000100100001 0
b101000100100001 s
b101000100100001 $"
b10101 <
b10101 {
b10101 !"
b10101 #"
1'
#9170000
0'
#9180000
b10110 -
b10110 z
b10110 ~
b10110 |
b101 `
b0 ("
b110000000100110 0
b110000000100110 s
b110000000100110 $"
b10110 <
b10110 {
b10110 !"
b10110 #"
b101000100100001 1
b101000100100001 a
b101000100100001 t
1'
#9190000
0'
#9200000
b10 A
b10 O
b10 Y
b10 P
b110 8
b110 E
b110 x
b110 `
b110 =
b110 b
b110 k
b110 v
b10111 -
b10111 z
b10111 ~
b10111 |
b0 ("
b110000000100110 1
b110000000100110 a
b110000000100110 t
b101000100101001 0
b101000100101001 s
b101000100101001 $"
b10111 <
b10111 {
b10111 !"
b10111 #"
1'
#9205000
b1001 $
b1001 )
b1001 Q
#9210000
0'
#9220000
b11000 -
b11000 z
b11000 ~
b11000 |
b101 `
b0 ("
b110000000100111 0
b110000000100111 s
b110000000100111 $"
b11000 <
b11000 {
b11000 !"
b11000 #"
b101000100101001 1
b101000100101001 a
b101000100101001 t
1'
#9230000
0'
#9240000
b1 A
b1 O
b1 Y
b1 P
b111 8
b111 E
b111 x
b110 `
b111 =
b111 b
b111 k
b111 v
b11001 -
b11001 z
b11001 ~
b11001 |
b0 ("
b110000000100111 1
b110000000100111 a
b110000000100111 t
b101000100110001 0
b101000100110001 s
b101000100110001 $"
b11001 <
b11001 {
b11001 !"
b11001 #"
1'
#9250000
0'
#9260000
b11010 -
b11010 z
b11010 ~
b11010 |
b101 `
b0 ("
b110000000101000 0
b110000000101000 s
b110000000101000 $"
b11010 <
b11010 {
b11010 !"
b11010 #"
b101000100110001 1
b101000100110001 a
b101000100110001 t
1'
#9270000
0'
#9280000
15
b0 A
b0 O
b0 Y
b0 P
b1000 8
b1000 E
b1000 x
b110 `
b1000 =
b1000 b
b1000 k
b1000 v
b11011 -
b11011 z
b11011 ~
b11011 |
b0 ("
b110000000101000 1
b110000000101000 a
b110000000101000 t
b101000100111001 0
b101000100111001 s
b101000100111001 $"
b11011 <
b11011 {
b11011 !"
b11011 #"
1'
#9290000
0'
#9300000
b11001 8
b11001 E
b11001 x
05
b11001 A
b11001 O
b11001 Y
b11001 P
bx :
bx F
bx W
b0 4
b0 [
b0 ]
b0 m
b11001 =
b11001 b
b11001 k
b11001 v
b100111 /
b100111 _
b100111 y
b100111 p
b0 >
b0 G
b0 \
b0 j
02
0o
1.
1q
16
b1000011 -
b1000011 z
b1000011 ~
b1000011 |
b101 `
b10 ("
b110000000101001 0
b110000000101001 s
b110000000101001 $"
b11100 <
b11100 {
b11100 !"
b11100 #"
b101000100111001 1
b101000100111001 a
b101000100111001 t
1'
#9310000
0'
#9320000
06
b1101010 -
b1101010 z
b1101010 ~
b1101010 |
b0 ("
1u
1""
b1001011100001111 0
b1001011100001111 s
b1001011100001111 $"
b1000011 <
b1000011 {
b1000011 !"
b1000011 #"
1'
#9330000
0'
#9340000
b1111111 A
b1111111 O
b1111111 Y
b1111111 P
b1111111 8
b1111111 E
b1111111 x
b1000100 -
b1000100 z
b1000100 ~
b1000100 |
b1001 `
b1111111 :
b1111111 F
b1111111 W
b10000 4
b10000 [
b10000 ]
b10000 m
b1111111 =
b1111111 b
b1111111 k
b1111111 v
b0 /
b0 _
b0 y
b0 p
12
1o
0.
0q
1,
1r
b0 ("
0""
b1100000100001011 0
b1100000100001011 s
b1100000100001011 $"
b1000100 <
b1000100 {
b1000100 !"
b1000100 #"
0u
b1001011100001111 1
b1001011100001111 a
b1001011100001111 t
1'
#9350000
0'
#9360000
b1100 `
b1111111 9
b1111111 X
b1111111 w
b10000 3
b10000 Z
b10000 ^
b10000 n
b101011 4
b101011 [
b101011 ]
b101011 m
b11011 =
b11011 b
b11011 k
b11011 v
17
b1000101 -
b1000101 z
b1000101 ~
b1000101 |
b0 ("
b1111111 %"
b1100000100001011 1
b1100000100001011 a
b1100000100001011 t
b111000000000001 0
b111000000000001 s
b111000000000001 $"
b1000101 <
b1000101 {
b1000101 !"
b1000101 #"
1'
#9370000
0'
#9380000
b1 -
b1 z
b1 ~
b1 |
b1 A
b1 O
b1 Y
b1 P
b1 8
b1 E
b1 x
b111 `
bx 9
bx X
bx w
b0 3
b0 Z
b0 ^
b0 n
bx :
bx F
bx W
b0 4
b0 [
b0 ]
b0 m
b1 =
b1 b
b1 k
b1 v
b1 /
b1 _
b1 y
b1 p
02
0o
1;
1l
1.
1q
0,
0r
07
b0 ("
b1001011000001111 0
b1001011000001111 s
b1001011000001111 $"
b1000110 <
b1000110 {
b1000110 !"
b1000110 #"
b111000000000001 1
b111000000000001 a
b111000000000001 t
1'
#9390000
0'
#9400000
b0 ("
1u
1""
b1000000101000110 0
b1000000101000110 s
b1000000101000110 $"
b1 <
b1 {
b1 !"
b1 #"
1'
#9410000
0'
#9420000
b1001000 -
b1001000 z
b1001000 ~
b1001000 |
b1000 `
b1 9
b1 X
b1 w
b100110 3
b100110 Z
b100110 ^
b100110 n
b1 :
b1 F
b1 W
b10100 4
b10100 [
b10100 ]
b10100 m
b10110 =
b10110 b
b10110 k
b10110 v
b1000110 /
b1000110 _
b1000110 y
b1000110 p
12
1o
0;
0l
0.
0q
1,
1r
17
b0 ("
0""
b100000001000001 0
b100000001000001 s
b100000001000001 $"
b10 <
b10 {
b10 !"
b10 #"
0u
b1000000101000110 1
b1000000101000110 a
b1000000101000110 t
1'
#9430000
0'
#9440000
b100 `
bx 9
bx X
bx w
b0 3
b0 Z
b0 ^
b0 n
b1 =
b1 b
b1 k
b1 v
b0 /
b0 _
b0 y
b0 p
b10 >
b10 G
b10 \
b10 j
07
b11 -
b11 z
b11 ~
b11 |
b0 ("
b100000001000001 1
b100000001000001 a
b100000001000001 t
b110000001000000 0
b110000001000000 s
b110000001000000 $"
b11 <
b11 {
b11 !"
b11 #"
1'
#9450000
0'
#9460000
b0 8
b0 E
b0 x
05
b1 A
b1 O
b1 Y
b1 P
b100 -
b100 z
b100 ~
b100 |
b110 `
b0 =
b0 b
b0 k
b0 v
b11 >
b11 G
b11 \
b11 j
0,
0r
b0 ("
b101000000001001 0
b101000000001001 s
b101000000001001 $"
b100 <
b100 {
b100 !"
b100 #"
b110000001000000 1
b110000001000000 a
b110000001000000 t
1'
#9470000
0'
#9480000
b101 `
b101 -
b101 z
b101 ~
b101 |
b0 ("
b101000000001001 1
b101000000001001 a
b101000000001001 t
b111000000001000 0
b111000000001000 s
b111000000001000 $"
b101 <
b101 {
b101 !"
b101 #"
1'
#9490000
0'
#9500000
b1000 -
b1000 z
b1000 ~
b1000 |
b1000 8
b1000 E
b1000 x
05
b1000 A
b1000 O
b1000 Y
b1000 P
b111 `
bx :
bx F
bx W
b0 4
b0 [
b0 ]
b0 m
b1000 =
b1000 b
b1000 k
b1000 v
b1000 /
b1000 _
b1000 y
b1000 p
b0 >
b0 G
b0 \
b0 j
02
0o
1;
1l
1.
1q
b0 ("
b1100000101011011 0
b1100000101011011 s
b1100000101011011 $"
b110 <
b110 {
b110 !"
b110 #"
b111000000001000 1
b111000000001000 a
b111000000001000 t
1'
#9510000
0'
#9520000
b0 ("
1u
1""
b1000000100100011 0
b1000000100100011 s
b1000000100100011 $"
b1000 <
b1000 {
b1000 !"
b1000 #"
1'
#9530000
0'
#9540000
b1001 A
b1001 O
b1001 Y
b1001 P
b1001 8
b1001 E
b1001 x
b101100 -
b101100 z
b101100 ~
b101100 |
b1000 `
b1001 9
b1001 X
b1001 w
b100011 3
b100011 Z
b100011 ^
b100011 n
b1000 :
b1000 F
b1000 W
b10010 4
b10010 [
b10010 ]
b10010 m
b10011 =
b10011 b
b10011 k
b10011 v
b100011 /
b100011 _
b100011 y
b100011 p
12
1o
0;
0l
0.
0q
1,
1r
17
b0 ("
0""
b100000000101111 0
b100000000101111 s
b100000000101111 $"
b1001 <
b1001 {
b1001 !"
b1001 #"
0u
b1000000100100011 1
b1000000100100011 a
b1000000100100011 t
1'
#9550000
0'
#9560000
b1111 8
b1111 E
b1111 x
b100 `
bx 9
bx X
bx w
b0 3
b0 Z
b0 ^
b0 n
b1111 =
b1111 b
b1111 k
b1111 v
b0 /
b0 _
b0 y
b0 p
b10 >
b10 G
b10 \
b10 j
07
b1010 -
b1010 z
b1010 ~
b1010 |
b0 ("
b1001 '"
b1001 :
b1001 F
b1001 W
b100000000101111 1
b100000000101111 a
b100000000101111 t
b110000000100000 0
b110000000100000 s
b110000000100000 $"
b1010 <
b1010 {
b1010 !"
b1010 #"
1'
#9570000
0'
#9580000
b0 8
b0 E
b0 x
0?
b1001 A
b1001 O
b1001 Y
b1001 P
b1011 -
b1011 z
b1011 ~
b1011 |
b110 `
b0 =
b0 b
b0 k
b0 v
b11 >
b11 G
b11 \
b11 j
0,
0r
b0 ("
b1001 '"
b101000011111001 0
b101000011111001 s
b101000011111001 $"
b1011 <
b1011 {
b1011 !"
b1011 #"
b110000000100000 1
b110000000100000 a
b110000000100000 t
1'
#9590000
0'
#9600000
b101 `
b1100 -
b1100 z
b1100 ~
b1100 |
b0 ("
b101000011111001 1
b101000011111001 a
b101000011111001 t
b110000000100001 0
b110000000100001 s
b110000000100001 $"
b1100 <
b1100 {
b1100 !"
b1100 #"
1'
#9610000
0'
#9620000
b1000 A
b1000 O
b1000 Y
b1000 P
b1 8
b1 E
b1 x
b1101 -
b1101 z
b1101 ~
b1101 |
b110 `
b1 =
b1 b
b1 k
b1 v
b0 ("
b101000100000001 0
b101000100000001 s
b101000100000001 $"
b1101 <
b1101 {
b1101 !"
b1101 #"
b110000000100001 1
b110000000100001 a
b110000000100001 t
1'
#9630000
0'
#9640000
b101 `
b1110 -
b1110 z
b1110 ~
b1110 |
b0 ("
b101000100000001 1
b101000100000001 a
b101000100000001 t
b110000000100010 0
b110000000100010 s
b110000000100010 $"
b1110 <
b1110 {
b1110 !"
b1110 #"
1'
#9650000
0'
#9660000
b111 A
b111 O
b111 Y
b111 P
b10 8
b10 E
b10 x
b1111 -
b1111 z
b1111 ~
b1111 |
b110 `
b10 =
b10 b
b10 k
b10 v
b0 ("
b101000100001001 0
b101000100001001 s
b101000100001001 $"
b1111 <
b1111 {
b1111 !"
b1111 #"
b110000000100010 1
b110000000100010 a
b110000000100010 t
1'
#9670000
0'
#9680000
b101 `
b10000 -
b10000 z
b10000 ~
b10000 |
b0 ("
b101000100001001 1
b101000100001001 a
b101000100001001 t
b110000000100011 0
b110000000100011 s
b110000000100011 $"
b10000 <
b10000 {
b10000 !"
b10000 #"
1'
#9690000
0'
#9700000
b110 A
b110 O
b110 Y
b110 P
b11 8
b11 E
b11 x
b10001 -
b10001 z
b10001 ~
b10001 |
b110 `
b11 =
b11 b
b11 k
b11 v
b0 ("
b101000100010001 0
b101000100010001 s
b101000100010001 $"
b10001 <
b10001 {
b10001 !"
b10001 #"
b110000000100011 1
b110000000100011 a
b110000000100011 t
1'
#9710000
0'
#9720000
b101 `
b10010 -
b10010 z
b10010 ~
b10010 |
b0 ("
b101000100010001 1
b101000100010001 a
b101000100010001 t
b110000000100100 0
b110000000100100 s
b110000000100100 $"
b10010 <
b10010 {
b10010 !"
b10010 #"
1'
#9730000
0'
#9740000
b101 A
b101 O
b101 Y
b101 P
b100 8
b100 E
b100 x
b10011 -
b10011 z
b10011 ~
b10011 |
b110 `
b100 =
b100 b
b100 k
b100 v
b0 ("
b101000100011001 0
b101000100011001 s
b101000100011001 $"
b10011 <
b10011 {
b10011 !"
b10011 #"
b110000000100100 1
b110000000100100 a
b110000000100100 t
1'
#9750000
0'
#9760000
b101 `
b10100 -
b10100 z
b10100 ~
b10100 |
b0 ("
b101000100011001 1
b101000100011001 a
b101000100011001 t
b110000000100101 0
b110000000100101 s
b110000000100101 $"
b10100 <
b10100 {
b10100 !"
b10100 #"
1'
#9770000
0'
#9780000
b100 A
b100 O
b100 Y
b100 P
b101 8
b101 E
b101 x
b10101 -
b10101 z
b10101 ~
b10101 |
b110 `
b101 =
b101 b
b101 k
b101 v
b0 ("
b101000100100001 0
b101000100100001 s
b101000100100001 $"
b10101 <
b10101 {
b10101 !"
b10101 #"
b110000000100101 1
b110000000100101 a
b110000000100101 t
1'
#9790000
0'
#9800000
b101 `
b10110 -
b10110 z
b10110 ~
b10110 |
b0 ("
b101000100100001 1
b101000100100001 a
b101000100100001 t
b110000000100110 0
b110000000100110 s
b110000000100110 $"
b10110 <
b10110 {
b10110 !"
b10110 #"
1'
#9810000
0'
#9820000
b11 A
b11 O
b11 Y
b11 P
b110 8
b110 E
b110 x
b10111 -
b10111 z
b10111 ~
b10111 |
b110 `
b110 =
b110 b
b110 k
b110 v
b0 ("
b101000100101001 0
b101000100101001 s
b101000100101001 $"
b10111 <
b10111 {
b10111 !"
b10111 #"
b110000000100110 1
b110000000100110 a
b110000000100110 t
1'
#9830000
0'
#9840000
b101 `
b11000 -
b11000 z
b11000 ~
b11000 |
b0 ("
b101000100101001 1
b101000100101001 a
b101000100101001 t
b110000000100111 0
b110000000100111 s
b110000000100111 $"
b11000 <
b11000 {
b11000 !"
b11000 #"
1'
#9850000
0'
#9860000
b10 A
b10 O
b10 Y
b10 P
b111 8
b111 E
b111 x
b11001 -
b11001 z
b11001 ~
b11001 |
b110 `
b111 =
b111 b
b111 k
b111 v
b0 ("
b101000100110001 0
b101000100110001 s
b101000100110001 $"
b11001 <
b11001 {
b11001 !"
b11001 #"
b110000000100111 1
b110000000100111 a
b110000000100111 t
1'
#9870000
0'
#9880000
b101 `
b11010 -
b11010 z
b11010 ~
b11010 |
b0 ("
b101000100110001 1
b101000100110001 a
b101000100110001 t
b110000000101000 0
b110000000101000 s
b110000000101000 $"
b11010 <
b11010 {
b11010 !"
b11010 #"
1'
#9890000
0'
#9900000
b1 A
b1 O
b1 Y
b1 P
b1000 8
b1000 E
b1000 x
b11011 -
b11011 z
b11011 ~
b11011 |
b110 `
b1000 =
b1000 b
b1000 k
b1000 v
b0 ("
b101000100111001 0
b101000100111001 s
b101000100111001 $"
b11011 <
b11011 {
b11011 !"
b11011 #"
b110000000101000 1
b110000000101000 a
b110000000101000 t
1'
#9910000
0'
#9920000
b101 `
b11100 -
b11100 z
b11100 ~
b11100 |
b0 ("
b101000100111001 1
b101000100111001 a
b101000100111001 t
b110000000101001 0
b110000000101001 s
b110000000101001 $"
b11100 <
b11100 {
b11100 !"
b11100 #"
1'
#9930000
0'
#9940000
15
b0 A
b0 O
b0 Y
b0 P
b1001 8
b1001 E
b1001 x
b11101 -
b11101 z
b11101 ~
b11101 |
b110 `
b1001 =
b1001 b
b1001 k
b1001 v
b0 ("
b101000101000001 0
b101000101000001 s
b101000101000001 $"
b11101 <
b11101 {
b11101 !"
b11101 #"
b110000000101001 1
b110000000101001 a
b110000000101001 t
1'
#9950000
0'
#9960000
b10001 8
b10001 E
b10001 x
05
b10001 A
b10001 O
b10001 Y
b10001 P
bx :
bx F
bx W
b0 4
b0 [
b0 ]
b0 m
b10001 =
b10001 b
b10001 k
b10001 v
b101000 /
b101000 _
b101000 y
b101000 p
b0 >
b0 G
b0 \
b0 j
02
0o
1.
1q
16
b101 `
b1000110 -
b1000110 z
b1000110 ~
b1000110 |
b10 ("
b101000101000001 1
b101000101000001 a
b101000101000001 t
b110000000101010 0
b110000000101010 s
b110000000101010 $"
b11110 <
b11110 {
b11110 !"
b11110 #"
1'
#9970000
0'
#9980000
06
b1101110 -
b1101110 z
b1101110 ~
b1101110 |
b0 ("
1""
b1001011000001111 0
b1001011000001111 s
b1001011000001111 $"
b1000110 <
b1000110 {
b1000110 !"
b1000110 #"
1u
1'
#9990000
0'
#10000000
b1101111 A
b1101111 O
b1101111 Y
b1101111 P
b1101111 8
b1101111 E
b1101111 x
b1001 `
b1111111 :
b1111111 F
b1111111 W
b10000 4
b10000 [
b10000 ]
b10000 m
b1101111 =
b1101111 b
b1101111 k
b1101111 v
b0 /
b0 _
b0 y
b0 p
12
1o
0.
0q
1,
1r
b1000111 -
b1000111 z
b1000111 ~
b1000111 |
b0 ("
0u
b1001011000001111 1
b1001011000001111 a
b1001011000001111 t
0""
b1100000100001011 0
b1100000100001011 s
b1100000100001011 $"
b1000111 <
b1000111 {
b1000111 !"
b1000111 #"
1'
#10010000
0'
#10020000
b1001000 -
b1001000 z
b1001000 ~
b1001000 |
b1100 `
b1101111 9
b1101111 X
b1101111 w
b10000 3
b10000 Z
b10000 ^
b10000 n
b101011 4
b101011 [
b101011 ]
b101011 m
b11011 =
b11011 b
b11011 k
b11011 v
17
b0 ("
b1101111 %"
b1111111 :
b1111111 F
b1111111 W
b111000000000001 0
b111000000000001 s
b111000000000001 $"
b1001000 <
b1001000 {
b1001000 !"
b1001000 #"
b1100000100001011 1
b1100000100001011 a
b1100000100001011 t
1'
#10030000
0'
#10040000
b1 A
b1 O
b1 Y
b1 P
b1 8
b1 E
b1 x
b111 `
bx 9
bx X
bx w
b0 3
b0 Z
b0 ^
b0 n
b0 4
b0 [
b0 ]
b0 m
b1 =
b1 b
b1 k
b1 v
b1 /
b1 _
b1 y
b1 p
02
0o
1;
1l
1.
1q
0,
0r
07
b1 -
b1 z
b1 ~
b1 |
b0 ("
bx :
bx F
bx W
b1101111 !
b1101111 B
b1101111 V
b111000000000001 1
b111000000000001 a
b111000000000001 t
b1001011100000111 0
b1001011100000111 s
b1001011100000111 $"
b1001001 <
b1001001 {
b1001001 !"
b1001001 #"
1'
#10050000
0'
#10060000
b0 ("
1""
b1000000101000110 0
b1000000101000110 s
b1000000101000110 $"
b1 <
b1 {
b1 !"
b1 #"
1u
1'
#10070000
0'
#10080000
b1 -
b1 z
b1 ~
b1 |
b1000 `
b1 9
b1 X
b1 w
b100110 3
b100110 Z
b100110 ^
b100110 n
b1 :
b1 F
b1 W
b10100 4
b10100 [
b10100 ]
b10100 m
b10110 =
b10110 b
b10110 k
b10110 v
b1000110 /
b1000110 _
b1000110 y
b1000110 p
12
1o
0;
0l
0.
0q
1,
1r
17
b0 ("
0u
b1000000101000110 1
b1000000101000110 a
b1000000101000110 t
0""
b100000001000001 0
b100000001000001 s
b100000001000001 $"
b10 <
b10 {
b10 !"
b10 #"
1'
#10090000
0'
#10100000
b11 -
b11 z
b11 ~
b11 |
b100 `
bx 9
bx X
bx w
b0 3
b0 Z
b0 ^
b0 n
b1 =
b1 b
b1 k
b1 v
b0 /
b0 _
b0 y
b0 p
b10 >
b10 G
b10 \
b10 j
07
b0 ("
b110000001000000 0
b110000001000000 s
b110000001000000 $"
b11 <
b11 {
b11 !"
b11 #"
b100000001000001 1
b100000001000001 a
b100000001000001 t
1'
#10110000
0'
#10120000
b0 8
b0 E
b0 x
05
b1 A
b1 O
b1 Y
b1 P
b110 `
b0 =
b0 b
b0 k
b0 v
b11 >
b11 G
b11 \
b11 j
0,
0r
b100 -
b100 z
b100 ~
b100 |
b0 ("
b110000001000000 1
b110000001000000 a
b110000001000000 t
b101000000001001 0
b101000000001001 s
b101000000001001 $"
b100 <
b100 {
b100 !"
b100 #"
1'
#10130000
0'
#10140000
b101 -
b101 z
b101 ~
b101 |
b101 `
b0 ("
b111000000001000 0
b111000000001000 s
b111000000001000 $"
b101 <
b101 {
b101 !"
b101 #"
b101000000001001 1
b101000000001001 a
b101000000001001 t
1'
#10150000
0'
#10160000
b1000 8
b1000 E
b1000 x
05
b1000 A
b1000 O
b1000 Y
b1000 P
b111 `
bx :
bx F
bx W
b0 4
b0 [
b0 ]
b0 m
b1000 =
b1000 b
b1000 k
b1000 v
b1000 /
b1000 _
b1000 y
b1000 p
b0 >
b0 G
b0 \
b0 j
02
0o
1;
1l
1.
1q
b1000 -
b1000 z
b1000 ~
b1000 |
b0 ("
b111000000001000 1
b111000000001000 a
b111000000001000 t
b1100000101011011 0
b1100000101011011 s
b1100000101011011 $"
b110 <
b110 {
b110 !"
b110 #"
1'
#10170000
0'
#10180000
b0 ("
1""
b1000000100100011 0
b1000000100100011 s
b1000000100100011 $"
b1000 <
b1000 {
b1000 !"
b1000 #"
1u
1'
#10190000
0'
#10200000
b1001 A
b1001 O
b1001 Y
b1001 P
b1000 -
b1000 z
b1000 ~
b1000 |
b1001 8
b1001 E
b1001 x
b1000 `
b1001 9
b1001 X
b1001 w
b100011 3
b100011 Z
b100011 ^
b100011 n
b1001 :
b1001 F
b1001 W
b10010 4
b10010 [
b10010 ]
b10010 m
b10011 =
b10011 b
b10011 k
b10011 v
b100011 /
b100011 _
b100011 y
b100011 p
12
1o
0;
0l
0.
0q
1,
1r
17
b0 ("
0u
b1000000100100011 1
b1000000100100011 a
b1000000100100011 t
0""
b100000000101111 0
b100000000101111 s
b100000000101111 $"
b1001 <
b1001 {
b1001 !"
b1001 #"
1'
#10205000
b1010 A
b1010 O
b1010 Y
b1010 P
b1010 8
b1010 E
b1010 x
b1010 9
b1010 X
b1010 w
b1010 $
b1010 )
b1010 Q
#10210000
0'
#10220000
b1111 8
b1111 E
b1111 x
b1010 -
b1010 z
b1010 ~
b1010 |
b100 `
bx 9
bx X
bx w
b0 3
b0 Z
b0 ^
b0 n
b1111 =
b1111 b
b1111 k
b1111 v
b0 /
b0 _
b0 y
b0 p
b10 >
b10 G
b10 \
b10 j
07
b0 ("
b1010 '"
b1010 :
b1010 F
b1010 W
b110000000100000 0
b110000000100000 s
b110000000100000 $"
b1010 <
b1010 {
b1010 !"
b1010 #"
b100000000101111 1
b100000000101111 a
b100000000101111 t
1'
#10230000
0'
#10240000
b0 8
b0 E
b0 x
0?
b1010 A
b1010 O
b1010 Y
b1010 P
b110 `
b0 =
b0 b
b0 k
b0 v
b11 >
b11 G
b11 \
b11 j
0,
0r
b1011 -
b1011 z
b1011 ~
b1011 |
b0 ("
b1010 '"
b110000000100000 1
b110000000100000 a
b110000000100000 t
b101000011111001 0
b101000011111001 s
b101000011111001 $"
b1011 <
b1011 {
b1011 !"
b1011 #"
1'
#10250000
0'
#10260000
b1100 -
b1100 z
b1100 ~
b1100 |
b101 `
b0 ("
b110000000100001 0
b110000000100001 s
b110000000100001 $"
b1100 <
b1100 {
b1100 !"
b1100 #"
b101000011111001 1
b101000011111001 a
b101000011111001 t
1'
#10270000
0'
#10280000
b1001 A
b1001 O
b1001 Y
b1001 P
b1 8
b1 E
b1 x
b110 `
b1 =
b1 b
b1 k
b1 v
b1101 -
b1101 z
b1101 ~
b1101 |
b0 ("
b110000000100001 1
b110000000100001 a
b110000000100001 t
b101000100000001 0
b101000100000001 s
b101000100000001 $"
b1101 <
b1101 {
b1101 !"
b1101 #"
1'
#10290000
0'
#10300000
b1110 -
b1110 z
b1110 ~
b1110 |
b101 `
b0 ("
b110000000100010 0
b110000000100010 s
b110000000100010 $"
b1110 <
b1110 {
b1110 !"
b1110 #"
b101000100000001 1
b101000100000001 a
b101000100000001 t
1'
#10310000
0'
#10320000
b1000 A
b1000 O
b1000 Y
b1000 P
b10 8
b10 E
b10 x
b110 `
b10 =
b10 b
b10 k
b10 v
b1111 -
b1111 z
b1111 ~
b1111 |
b0 ("
b110000000100010 1
b110000000100010 a
b110000000100010 t
b101000100001001 0
b101000100001001 s
b101000100001001 $"
b1111 <
b1111 {
b1111 !"
b1111 #"
1'
#10330000
0'
#10340000
b10000 -
b10000 z
b10000 ~
b10000 |
b101 `
b0 ("
b110000000100011 0
b110000000100011 s
b110000000100011 $"
b10000 <
b10000 {
b10000 !"
b10000 #"
b101000100001001 1
b101000100001001 a
b101000100001001 t
1'
#10350000
0'
#10360000
b111 A
b111 O
b111 Y
b111 P
b11 8
b11 E
b11 x
b110 `
b11 =
b11 b
b11 k
b11 v
b10001 -
b10001 z
b10001 ~
b10001 |
b0 ("
b110000000100011 1
b110000000100011 a
b110000000100011 t
b101000100010001 0
b101000100010001 s
b101000100010001 $"
b10001 <
b10001 {
b10001 !"
b10001 #"
1'
#10370000
0'
#10380000
b10010 -
b10010 z
b10010 ~
b10010 |
b101 `
b0 ("
b110000000100100 0
b110000000100100 s
b110000000100100 $"
b10010 <
b10010 {
b10010 !"
b10010 #"
b101000100010001 1
b101000100010001 a
b101000100010001 t
1'
#10390000
0'
#10400000
b110 A
b110 O
b110 Y
b110 P
b100 8
b100 E
b100 x
b110 `
b100 =
b100 b
b100 k
b100 v
b10011 -
b10011 z
b10011 ~
b10011 |
b0 ("
b110000000100100 1
b110000000100100 a
b110000000100100 t
b101000100011001 0
b101000100011001 s
b101000100011001 $"
b10011 <
b10011 {
b10011 !"
b10011 #"
1'
#10410000
0'
#10420000
b10100 -
b10100 z
b10100 ~
b10100 |
b101 `
b0 ("
b110000000100101 0
b110000000100101 s
b110000000100101 $"
b10100 <
b10100 {
b10100 !"
b10100 #"
b101000100011001 1
b101000100011001 a
b101000100011001 t
1'
#10430000
0'
#10440000
b101 A
b101 O
b101 Y
b101 P
b101 8
b101 E
b101 x
b110 `
b101 =
b101 b
b101 k
b101 v
b10101 -
b10101 z
b10101 ~
b10101 |
b0 ("
b110000000100101 1
b110000000100101 a
b110000000100101 t
b101000100100001 0
b101000100100001 s
b101000100100001 $"
b10101 <
b10101 {
b10101 !"
b10101 #"
1'
#10450000
0'
#10460000
b10110 -
b10110 z
b10110 ~
b10110 |
b101 `
b0 ("
b110000000100110 0
b110000000100110 s
b110000000100110 $"
b10110 <
b10110 {
b10110 !"
b10110 #"
b101000100100001 1
b101000100100001 a
b101000100100001 t
1'
#10470000
0'
#10480000
b100 A
b100 O
b100 Y
b100 P
b110 8
b110 E
b110 x
b110 `
b110 =
b110 b
b110 k
b110 v
b10111 -
b10111 z
b10111 ~
b10111 |
b0 ("
b110000000100110 1
b110000000100110 a
b110000000100110 t
b101000100101001 0
b101000100101001 s
b101000100101001 $"
b10111 <
b10111 {
b10111 !"
b10111 #"
1'
#10490000
0'
#10500000
b11000 -
b11000 z
b11000 ~
b11000 |
b101 `
b0 ("
b110000000100111 0
b110000000100111 s
b110000000100111 $"
b11000 <
b11000 {
b11000 !"
b11000 #"
b101000100101001 1
b101000100101001 a
b101000100101001 t
1'
#10510000
0'
#10520000
b11 A
b11 O
b11 Y
b11 P
b111 8
b111 E
b111 x
b110 `
b111 =
b111 b
b111 k
b111 v
b11001 -
b11001 z
b11001 ~
b11001 |
b0 ("
b110000000100111 1
b110000000100111 a
b110000000100111 t
b101000100110001 0
b101000100110001 s
b101000100110001 $"
b11001 <
b11001 {
b11001 !"
b11001 #"
1'
#10530000
0'
#10540000
b11010 -
b11010 z
b11010 ~
b11010 |
b101 `
b0 ("
b110000000101000 0
b110000000101000 s
b110000000101000 $"
b11010 <
b11010 {
b11010 !"
b11010 #"
b101000100110001 1
b101000100110001 a
b101000100110001 t
1'
#10550000
0'
#10560000
b10 A
b10 O
b10 Y
b10 P
b1000 8
b1000 E
b1000 x
b110 `
b1000 =
b1000 b
b1000 k
b1000 v
b11011 -
b11011 z
b11011 ~
b11011 |
b0 ("
b110000000101000 1
b110000000101000 a
b110000000101000 t
b101000100111001 0
b101000100111001 s
b101000100111001 $"
b11011 <
b11011 {
b11011 !"
b11011 #"
1'
#10570000
0'
#10580000
b11100 -
b11100 z
b11100 ~
b11100 |
b101 `
b0 ("
b110000000101001 0
b110000000101001 s
b110000000101001 $"
b11100 <
b11100 {
b11100 !"
b11100 #"
b101000100111001 1
b101000100111001 a
b101000100111001 t
1'
#10590000
0'
#10600000
b1 A
b1 O
b1 Y
b1 P
b1001 8
b1001 E
b1001 x
b110 `
b1001 =
b1001 b
b1001 k
b1001 v
b11101 -
b11101 z
b11101 ~
b11101 |
b0 ("
b110000000101001 1
b110000000101001 a
b110000000101001 t
b101000101000001 0
b101000101000001 s
b101000101000001 $"
b11101 <
b11101 {
b11101 !"
b11101 #"
1'
#10610000
0'
#10620000
b11110 -
b11110 z
b11110 ~
b11110 |
b101 `
b0 ("
b110000000101010 0
b110000000101010 s
b110000000101010 $"
b11110 <
b11110 {
b11110 !"
b11110 #"
b101000101000001 1
b101000101000001 a
b101000101000001 t
1'
#10630000
0'
#10640000
15
b0 A
b0 O
b0 Y
b0 P
b1010 8
b1010 E
b1010 x
b110 `
b1010 =
b1010 b
b1010 k
b1010 v
b11111 -
b11111 z
b11111 ~
b11111 |
b0 ("
b110000000101010 1
b110000000101010 a
b110000000101010 t
b101000101001001 0
b101000101001001 s
b101000101001001 $"
b11111 <
b11111 {
b11111 !"
b11111 #"
1'
#10650000
0'
#10660000
b11001 8
b11001 E
b11001 x
05
b11001 A
b11001 O
b11001 Y
b11001 P
bx :
bx F
bx W
b0 4
b0 [
b0 ]
b0 m
b11001 =
b11001 b
b11001 k
b11001 v
b101001 /
b101001 _
b101001 y
b101001 p
b0 >
b0 G
b0 \
b0 j
02
0o
1.
1q
16
b1001001 -
b1001001 z
b1001001 ~
b1001001 |
b101 `
b10 ("
b110000000101011 0
b110000000101011 s
b110000000101011 $"
b100000 <
b100000 {
b100000 !"
b100000 #"
b101000101001001 1
b101000101001001 a
b101000101001001 t
1'
#10670000
0'
#10680000
06
b1110010 -
b1110010 z
b1110010 ~
b1110010 |
b0 ("
1u
1""
b1001011100000111 0
b1001011100000111 s
b1001011100000111 $"
b1001001 <
b1001001 {
b1001001 !"
b1001001 #"
1'
#10690000
0'
#10700000
b1110111 A
b1110111 O
b1110111 Y
b1110111 P
b1110111 8
b1110111 E
b1110111 x
b1001010 -
b1001010 z
b1001010 ~
b1001010 |
b1001 `
b1101111 :
b1101111 F
b1101111 W
b10000 4
b10000 [
b10000 ]
b10000 m
b1110111 =
b1110111 b
b1110111 k
b1110111 v
b0 /
b0 _
b0 y
b0 p
12
1o
0.
0q
1,
1r
b0 ("
0""
b1100000100001011 0
b1100000100001011 s
b1100000100001011 $"
b1001010 <
b1001010 {
b1001010 !"
b1001010 #"
0u
b1001011100000111 1
b1001011100000111 a
b1001011100000111 t
1'
#10710000
0'
#10720000
b1100 `
b1110111 9
b1110111 X
b1110111 w
b10000 3
b10000 Z
b10000 ^
b10000 n
b101011 4
b101011 [
b101011 ]
b101011 m
b11011 =
b11011 b
b11011 k
b11011 v
17
b1001011 -
b1001011 z
b1001011 ~
b1001011 |
b0 ("
b1110111 %"
b1101111 :
b1101111 F
b1101111 W
b1100000100001011 1
b1100000100001011 a
b1100000100001011 t
b111000000000001 0
b111000000000001 s
b111000000000001 $"
b1001011 <
b1001011 {
b1001011 !"
b1001011 #"
1'
#10730000
0'
#10740000
b1 -
b1 z
b1 ~
b1 |
b1 A
b1 O
b1 Y
b1 P
b1 8
b1 E
b1 x
b111 `
bx 9
bx X
bx w
b0 3
b0 Z
b0 ^
b0 n
b0 4
b0 [
b0 ]
b0 m
b1 =
b1 b
b1 k
b1 v
b1 /
b1 _
b1 y
b1 p
02
0o
1;
1l
1.
1q
0,
0r
07
b0 ("
bx :
bx F
bx W
b1110111 !
b1110111 B
b1110111 V
b1001011100001100 0
b1001011100001100 s
b1001011100001100 $"
b1001100 <
b1001100 {
b1001100 !"
b1001100 #"
b111000000000001 1
b111000000000001 a
b111000000000001 t
1'
#10750000
0'
#10760000
b0 ("
1u
1""
b1000000101000110 0
b1000000101000110 s
b1000000101000110 $"
b1 <
b1 {
b1 !"
b1 #"
1'
#10770000
0'
#10780000
b1001000 -
b1001000 z
b1001000 ~
b1001000 |
b1000 `
b1 9
b1 X
b1 w
b100110 3
b100110 Z
b100110 ^
b100110 n
b1 :
b1 F
b1 W
b10100 4
b10100 [
b10100 ]
b10100 m
b10110 =
b10110 b
b10110 k
b10110 v
b1000110 /
b1000110 _
b1000110 y
b1000110 p
12
1o
0;
0l
0.
0q
1,
1r
17
b0 ("
0""
b100000001000001 0
b100000001000001 s
b100000001000001 $"
b10 <
b10 {
b10 !"
b10 #"
0u
b1000000101000110 1
b1000000101000110 a
b1000000101000110 t
1'
#10790000
0'
#10800000
b100 `
bx 9
bx X
bx w
b0 3
b0 Z
b0 ^
b0 n
b1 =
b1 b
b1 k
b1 v
b0 /
b0 _
b0 y
b0 p
b10 >
b10 G
b10 \
b10 j
07
b11 -
b11 z
b11 ~
b11 |
b0 ("
b100000001000001 1
b100000001000001 a
b100000001000001 t
b110000001000000 0
b110000001000000 s
b110000001000000 $"
b11 <
b11 {
b11 !"
b11 #"
1'
#10810000
0'
#10820000
b0 8
b0 E
b0 x
05
b1 A
b1 O
b1 Y
b1 P
b100 -
b100 z
b100 ~
b100 |
b110 `
b0 =
b0 b
b0 k
b0 v
b11 >
b11 G
b11 \
b11 j
0,
0r
b0 ("
b101000000001001 0
b101000000001001 s
b101000000001001 $"
b100 <
b100 {
b100 !"
b100 #"
b110000001000000 1
b110000001000000 a
b110000001000000 t
1'
#10830000
0'
#10840000
b101 `
b101 -
b101 z
b101 ~
b101 |
b0 ("
b101000000001001 1
b101000000001001 a
b101000000001001 t
b111000000001000 0
b111000000001000 s
b111000000001000 $"
b101 <
b101 {
b101 !"
b101 #"
1'
#10850000
0'
#10860000
b1000 -
b1000 z
b1000 ~
b1000 |
b1000 8
b1000 E
b1000 x
05
b1000 A
b1000 O
b1000 Y
b1000 P
b111 `
bx :
bx F
bx W
b0 4
b0 [
b0 ]
b0 m
b1000 =
b1000 b
b1000 k
b1000 v
b1000 /
b1000 _
b1000 y
b1000 p
b0 >
b0 G
b0 \
b0 j
02
0o
1;
1l
1.
1q
b0 ("
b1100000101011011 0
b1100000101011011 s
b1100000101011011 $"
b110 <
b110 {
b110 !"
b110 #"
b111000000001000 1
b111000000001000 a
b111000000001000 t
1'
#10870000
0'
#10880000
b0 ("
1u
1""
b1000000100100011 0
b1000000100100011 s
b1000000100100011 $"
b1000 <
b1000 {
b1000 !"
b1000 #"
1'
#10890000
0'
#10900000
b1010 A
b1010 O
b1010 Y
b1010 P
b1010 8
b1010 E
b1010 x
b101100 -
b101100 z
b101100 ~
b101100 |
b1000 `
b1010 9
b1010 X
b1010 w
b100011 3
b100011 Z
b100011 ^
b100011 n
b1010 :
b1010 F
b1010 W
b10010 4
b10010 [
b10010 ]
b10010 m
b10011 =
b10011 b
b10011 k
b10011 v
b100011 /
b100011 _
b100011 y
b100011 p
12
1o
0;
0l
0.
0q
1,
1r
17
b0 ("
0""
b100000000101111 0
b100000000101111 s
b100000000101111 $"
b1001 <
b1001 {
b1001 !"
b1001 #"
0u
b1000000100100011 1
b1000000100100011 a
b1000000100100011 t
1'
#10910000
0'
#10920000
b1111 8
b1111 E
b1111 x
b100 `
bx 9
bx X
bx w
b0 3
b0 Z
b0 ^
b0 n
b1111 =
b1111 b
b1111 k
b1111 v
b0 /
b0 _
b0 y
b0 p
b10 >
b10 G
b10 \
b10 j
07
b1010 -
b1010 z
b1010 ~
b1010 |
b0 ("
b1010 '"
b100000000101111 1
b100000000101111 a
b100000000101111 t
b110000000100000 0
b110000000100000 s
b110000000100000 $"
b1010 <
b1010 {
b1010 !"
b1010 #"
1'
#10930000
0'
#10940000
b0 8
b0 E
b0 x
0?
b1010 A
b1010 O
b1010 Y
b1010 P
b1011 -
b1011 z
b1011 ~
b1011 |
b110 `
b0 =
b0 b
b0 k
b0 v
b11 >
b11 G
b11 \
b11 j
0,
0r
b0 ("
b1010 '"
b101000011111001 0
b101000011111001 s
b101000011111001 $"
b1011 <
b1011 {
b1011 !"
b1011 #"
b110000000100000 1
b110000000100000 a
b110000000100000 t
1'
#10950000
0'
#10960000
b101 `
b1100 -
b1100 z
b1100 ~
b1100 |
b0 ("
b101000011111001 1
b101000011111001 a
b101000011111001 t
b110000000100001 0
b110000000100001 s
b110000000100001 $"
b1100 <
b1100 {
b1100 !"
b1100 #"
1'
#10970000
0'
#10980000
b1001 A
b1001 O
b1001 Y
b1001 P
b1 8
b1 E
b1 x
b1101 -
b1101 z
b1101 ~
b1101 |
b110 `
b1 =
b1 b
b1 k
b1 v
b0 ("
b101000100000001 0
b101000100000001 s
b101000100000001 $"
b1101 <
b1101 {
b1101 !"
b1101 #"
b110000000100001 1
b110000000100001 a
b110000000100001 t
1'
#10990000
0'
#11000000
b101 `
b1110 -
b1110 z
b1110 ~
b1110 |
b0 ("
b101000100000001 1
b101000100000001 a
b101000100000001 t
b110000000100010 0
b110000000100010 s
b110000000100010 $"
b1110 <
b1110 {
b1110 !"
b1110 #"
1'
#11010000
0'
#11020000
b1000 A
b1000 O
b1000 Y
b1000 P
b10 8
b10 E
b10 x
b1111 -
b1111 z
b1111 ~
b1111 |
b110 `
b10 =
b10 b
b10 k
b10 v
b0 ("
b101000100001001 0
b101000100001001 s
b101000100001001 $"
b1111 <
b1111 {
b1111 !"
b1111 #"
b110000000100010 1
b110000000100010 a
b110000000100010 t
1'
#11030000
0'
#11040000
b101 `
b10000 -
b10000 z
b10000 ~
b10000 |
b0 ("
b101000100001001 1
b101000100001001 a
b101000100001001 t
b110000000100011 0
b110000000100011 s
b110000000100011 $"
b10000 <
b10000 {
b10000 !"
b10000 #"
1'
#11050000
0'
#11060000
b111 A
b111 O
b111 Y
b111 P
b11 8
b11 E
b11 x
b10001 -
b10001 z
b10001 ~
b10001 |
b110 `
b11 =
b11 b
b11 k
b11 v
b0 ("
b101000100010001 0
b101000100010001 s
b101000100010001 $"
b10001 <
b10001 {
b10001 !"
b10001 #"
b110000000100011 1
b110000000100011 a
b110000000100011 t
1'
#11070000
0'
#11080000
b101 `
b10010 -
b10010 z
b10010 ~
b10010 |
b0 ("
b101000100010001 1
b101000100010001 a
b101000100010001 t
b110000000100100 0
b110000000100100 s
b110000000100100 $"
b10010 <
b10010 {
b10010 !"
b10010 #"
1'
#11090000
0'
#11100000
b110 A
b110 O
b110 Y
b110 P
b100 8
b100 E
b100 x
b10011 -
b10011 z
b10011 ~
b10011 |
b110 `
b100 =
b100 b
b100 k
b100 v
b0 ("
b101000100011001 0
b101000100011001 s
b101000100011001 $"
b10011 <
b10011 {
b10011 !"
b10011 #"
b110000000100100 1
b110000000100100 a
b110000000100100 t
1'
#11110000
0'
#11120000
b101 `
b10100 -
b10100 z
b10100 ~
b10100 |
b0 ("
b101000100011001 1
b101000100011001 a
b101000100011001 t
b110000000100101 0
b110000000100101 s
b110000000100101 $"
b10100 <
b10100 {
b10100 !"
b10100 #"
1'
#11130000
0'
#11140000
b101 A
b101 O
b101 Y
b101 P
b101 8
b101 E
b101 x
b10101 -
b10101 z
b10101 ~
b10101 |
b110 `
b101 =
b101 b
b101 k
b101 v
b0 ("
b101000100100001 0
b101000100100001 s
b101000100100001 $"
b10101 <
b10101 {
b10101 !"
b10101 #"
b110000000100101 1
b110000000100101 a
b110000000100101 t
1'
#11150000
0'
#11160000
b101 `
b10110 -
b10110 z
b10110 ~
b10110 |
b0 ("
b101000100100001 1
b101000100100001 a
b101000100100001 t
b110000000100110 0
b110000000100110 s
b110000000100110 $"
b10110 <
b10110 {
b10110 !"
b10110 #"
1'
#11170000
0'
#11180000
b100 A
b100 O
b100 Y
b100 P
b110 8
b110 E
b110 x
b10111 -
b10111 z
b10111 ~
b10111 |
b110 `
b110 =
b110 b
b110 k
b110 v
b0 ("
b101000100101001 0
b101000100101001 s
b101000100101001 $"
b10111 <
b10111 {
b10111 !"
b10111 #"
b110000000100110 1
b110000000100110 a
b110000000100110 t
1'
#11190000
0'
#11200000
b101 `
b11000 -
b11000 z
b11000 ~
b11000 |
b0 ("
b101000100101001 1
b101000100101001 a
b101000100101001 t
b110000000100111 0
b110000000100111 s
b110000000100111 $"
b11000 <
b11000 {
b11000 !"
b11000 #"
1'
#11205000
b1011 $
b1011 )
b1011 Q
#11210000
0'
#11220000
b11 A
b11 O
b11 Y
b11 P
b111 8
b111 E
b111 x
b11001 -
b11001 z
b11001 ~
b11001 |
b110 `
b111 =
b111 b
b111 k
b111 v
b0 ("
b101000100110001 0
b101000100110001 s
b101000100110001 $"
b11001 <
b11001 {
b11001 !"
b11001 #"
b110000000100111 1
b110000000100111 a
b110000000100111 t
1'
#11230000
0'
#11240000
b101 `
b11010 -
b11010 z
b11010 ~
b11010 |
b0 ("
b101000100110001 1
b101000100110001 a
b101000100110001 t
b110000000101000 0
b110000000101000 s
b110000000101000 $"
b11010 <
b11010 {
b11010 !"
b11010 #"
1'
#11250000
0'
#11260000
b10 A
b10 O
b10 Y
b10 P
b1000 8
b1000 E
b1000 x
b11011 -
b11011 z
b11011 ~
b11011 |
b110 `
b1000 =
b1000 b
b1000 k
b1000 v
b0 ("
b101000100111001 0
b101000100111001 s
b101000100111001 $"
b11011 <
b11011 {
b11011 !"
b11011 #"
b110000000101000 1
b110000000101000 a
b110000000101000 t
1'
#11270000
0'
#11280000
b101 `
b11100 -
b11100 z
b11100 ~
b11100 |
b0 ("
b101000100111001 1
b101000100111001 a
b101000100111001 t
b110000000101001 0
b110000000101001 s
b110000000101001 $"
b11100 <
b11100 {
b11100 !"
b11100 #"
1'
#11290000
0'
#11300000
b1 A
b1 O
b1 Y
b1 P
b1001 8
b1001 E
b1001 x
b11101 -
b11101 z
b11101 ~
b11101 |
b110 `
b1001 =
b1001 b
b1001 k
b1001 v
b0 ("
b101000101000001 0
b101000101000001 s
b101000101000001 $"
b11101 <
b11101 {
b11101 !"
b11101 #"
b110000000101001 1
b110000000101001 a
b110000000101001 t
1'
#11310000
0'
#11320000
b101 `
b11110 -
b11110 z
b11110 ~
b11110 |
b0 ("
b101000101000001 1
b101000101000001 a
b101000101000001 t
b110000000101010 0
b110000000101010 s
b110000000101010 $"
b11110 <
b11110 {
b11110 !"
b11110 #"
1'
#11330000
0'
#11340000
15
b0 A
b0 O
b0 Y
b0 P
b1010 8
b1010 E
b1010 x
b11111 -
b11111 z
b11111 ~
b11111 |
b110 `
b1010 =
b1010 b
b1010 k
b1010 v
b0 ("
b101000101001001 0
b101000101001001 s
b101000101001001 $"
b11111 <
b11111 {
b11111 !"
b11111 #"
b110000000101010 1
b110000000101010 a
b110000000101010 t
1'
#11350000
0'
#11360000
b11001 8
b11001 E
b11001 x
05
b11001 A
b11001 O
b11001 Y
b11001 P
bx :
bx F
bx W
b0 4
b0 [
b0 ]
b0 m
b11001 =
b11001 b
b11001 k
b11001 v
b101001 /
b101001 _
b101001 y
b101001 p
b0 >
b0 G
b0 \
b0 j
02
0o
1.
1q
16
b101 `
b1001001 -
b1001001 z
b1001001 ~
b1001001 |
b10 ("
b101000101001001 1
b101000101001001 a
b101000101001001 t
b110000000101011 0
b110000000101011 s
b110000000101011 $"
b100000 <
b100000 {
b100000 !"
b100000 #"
1'
#11370000
0'
#11380000
06
b1110010 -
b1110010 z
b1110010 ~
b1110010 |
b0 ("
1""
b1001011100000111 0
b1001011100000111 s
b1001011100000111 $"
b1001001 <
b1001001 {
b1001001 !"
b1001001 #"
1u
1'
#11390000
0'
#11400000
b1110111 A
b1110111 O
b1110111 Y
b1110111 P
b1110111 8
b1110111 E
b1110111 x
b1001 `
b1110111 :
b1110111 F
b1110111 W
b10000 4
b10000 [
b10000 ]
b10000 m
b1110111 =
b1110111 b
b1110111 k
b1110111 v
b0 /
b0 _
b0 y
b0 p
12
1o
0.
0q
1,
1r
b1001010 -
b1001010 z
b1001010 ~
b1001010 |
b0 ("
0u
b1001011100000111 1
b1001011100000111 a
b1001011100000111 t
0""
b1100000100001011 0
b1100000100001011 s
b1100000100001011 $"
b1001010 <
b1001010 {
b1001010 !"
b1001010 #"
1'
#11410000
0'
#11420000
b1001011 -
b1001011 z
b1001011 ~
b1001011 |
b1100 `
b1110111 9
b1110111 X
b1110111 w
b10000 3
b10000 Z
b10000 ^
b10000 n
b101011 4
b101011 [
b101011 ]
b101011 m
b11011 =
b11011 b
b11011 k
b11011 v
17
b0 ("
b1110111 %"
b111000000000001 0
b111000000000001 s
b111000000000001 $"
b1001011 <
b1001011 {
b1001011 !"
b1001011 #"
b1100000100001011 1
b1100000100001011 a
b1100000100001011 t
1'
#11430000
0'
#11440000
b1 A
b1 O
b1 Y
b1 P
b1 8
b1 E
b1 x
b111 `
bx 9
bx X
bx w
b0 3
b0 Z
b0 ^
b0 n
bx :
bx F
bx W
b0 4
b0 [
b0 ]
b0 m
b1 =
b1 b
b1 k
b1 v
b1 /
b1 _
b1 y
b1 p
02
0o
1;
1l
1.
1q
0,
0r
07
b1 -
b1 z
b1 ~
b1 |
b0 ("
b111000000000001 1
b111000000000001 a
b111000000000001 t
b1001011100001100 0
b1001011100001100 s
b1001011100001100 $"
b1001100 <
b1001100 {
b1001100 !"
b1001100 #"
1'
#11450000
0'
#11460000
b0 ("
1""
b1000000101000110 0
b1000000101000110 s
b1000000101000110 $"
b1 <
b1 {
b1 !"
b1 #"
1u
1'
#11470000
0'
#11480000
b1 -
b1 z
b1 ~
b1 |
b1000 `
b1 9
b1 X
b1 w
b100110 3
b100110 Z
b100110 ^
b100110 n
b1 :
b1 F
b1 W
b10100 4
b10100 [
b10100 ]
b10100 m
b10110 =
b10110 b
b10110 k
b10110 v
b1000110 /
b1000110 _
b1000110 y
b1000110 p
12
1o
0;
0l
0.
0q
1,
1r
17
b0 ("
0u
b1000000101000110 1
b1000000101000110 a
b1000000101000110 t
0""
b100000001000001 0
b100000001000001 s
b100000001000001 $"
b10 <
b10 {
b10 !"
b10 #"
1'
#11490000
0'
#11500000
b11 -
b11 z
b11 ~
b11 |
b100 `
bx 9
bx X
bx w
b0 3
b0 Z
b0 ^
b0 n
b1 =
b1 b
b1 k
b1 v
b0 /
b0 _
b0 y
b0 p
b10 >
b10 G
b10 \
b10 j
07
b0 ("
b110000001000000 0
b110000001000000 s
b110000001000000 $"
b11 <
b11 {
b11 !"
b11 #"
b100000001000001 1
b100000001000001 a
b100000001000001 t
1'
#11510000
0'
#11520000
b0 8
b0 E
b0 x
05
b1 A
b1 O
b1 Y
b1 P
b110 `
b0 =
b0 b
b0 k
b0 v
b11 >
b11 G
b11 \
b11 j
0,
0r
b100 -
b100 z
b100 ~
b100 |
b0 ("
b110000001000000 1
b110000001000000 a
b110000001000000 t
b101000000001001 0
b101000000001001 s
b101000000001001 $"
b100 <
b100 {
b100 !"
b100 #"
1'
#11530000
0'
#11540000
b101 -
b101 z
b101 ~
b101 |
b101 `
b0 ("
b111000000001000 0
b111000000001000 s
b111000000001000 $"
b101 <
b101 {
b101 !"
b101 #"
b101000000001001 1
b101000000001001 a
b101000000001001 t
1'
#11550000
0'
#11560000
b1000 8
b1000 E
b1000 x
05
b1000 A
b1000 O
b1000 Y
b1000 P
b111 `
bx :
bx F
bx W
b0 4
b0 [
b0 ]
b0 m
b1000 =
b1000 b
b1000 k
b1000 v
b1000 /
b1000 _
b1000 y
b1000 p
b0 >
b0 G
b0 \
b0 j
02
0o
1;
1l
1.
1q
b1000 -
b1000 z
b1000 ~
b1000 |
b0 ("
b111000000001000 1
b111000000001000 a
b111000000001000 t
b1100000101011011 0
b1100000101011011 s
b1100000101011011 $"
b110 <
b110 {
b110 !"
b110 #"
1'
#11570000
0'
#11580000
b0 ("
1""
b1000000100100011 0
b1000000100100011 s
b1000000100100011 $"
b1000 <
b1000 {
b1000 !"
b1000 #"
1u
1'
#11590000
0'
#11600000
b1011 A
b1011 O
b1011 Y
b1011 P
b1000 -
b1000 z
b1000 ~
b1000 |
b1011 8
b1011 E
b1011 x
b1000 `
b1011 9
b1011 X
b1011 w
b100011 3
b100011 Z
b100011 ^
b100011 n
b1010 :
b1010 F
b1010 W
b10010 4
b10010 [
b10010 ]
b10010 m
b10011 =
b10011 b
b10011 k
b10011 v
b100011 /
b100011 _
b100011 y
b100011 p
12
1o
0;
0l
0.
0q
1,
1r
17
b0 ("
0u
b1000000100100011 1
b1000000100100011 a
b1000000100100011 t
0""
b100000000101111 0
b100000000101111 s
b100000000101111 $"
b1001 <
b1001 {
b1001 !"
b1001 #"
1'
#11610000
0'
#11620000
b1111 8
b1111 E
b1111 x
b1010 -
b1010 z
b1010 ~
b1010 |
b100 `
bx 9
bx X
bx w
b0 3
b0 Z
b0 ^
b0 n
b1111 =
b1111 b
b1111 k
b1111 v
b0 /
b0 _
b0 y
b0 p
b10 >
b10 G
b10 \
b10 j
07
b0 ("
b1011 '"
b1011 :
b1011 F
b1011 W
b110000000100000 0
b110000000100000 s
b110000000100000 $"
b1010 <
b1010 {
b1010 !"
b1010 #"
b100000000101111 1
b100000000101111 a
b100000000101111 t
1'
#11630000
0'
#11640000
b0 8
b0 E
b0 x
0?
b1011 A
b1011 O
b1011 Y
b1011 P
b110 `
b0 =
b0 b
b0 k
b0 v
b11 >
b11 G
b11 \
b11 j
0,
0r
b1011 -
b1011 z
b1011 ~
b1011 |
b0 ("
b1011 '"
b110000000100000 1
b110000000100000 a
b110000000100000 t
b101000011111001 0
b101000011111001 s
b101000011111001 $"
b1011 <
b1011 {
b1011 !"
b1011 #"
1'
#11650000
0'
#11660000
b1100 -
b1100 z
b1100 ~
b1100 |
b101 `
b0 ("
b110000000100001 0
b110000000100001 s
b110000000100001 $"
b1100 <
b1100 {
b1100 !"
b1100 #"
b101000011111001 1
b101000011111001 a
b101000011111001 t
1'
#11670000
0'
#11680000
b1010 A
b1010 O
b1010 Y
b1010 P
b1 8
b1 E
b1 x
b110 `
b1 =
b1 b
b1 k
b1 v
b1101 -
b1101 z
b1101 ~
b1101 |
b0 ("
b110000000100001 1
b110000000100001 a
b110000000100001 t
b101000100000001 0
b101000100000001 s
b101000100000001 $"
b1101 <
b1101 {
b1101 !"
b1101 #"
1'
#11690000
0'
#11700000
b1110 -
b1110 z
b1110 ~
b1110 |
b101 `
b0 ("
b110000000100010 0
b110000000100010 s
b110000000100010 $"
b1110 <
b1110 {
b1110 !"
b1110 #"
b101000100000001 1
b101000100000001 a
b101000100000001 t
1'
#11710000
0'
#11720000
b1001 A
b1001 O
b1001 Y
b1001 P
b10 8
b10 E
b10 x
b110 `
b10 =
b10 b
b10 k
b10 v
b1111 -
b1111 z
b1111 ~
b1111 |
b0 ("
b110000000100010 1
b110000000100010 a
b110000000100010 t
b101000100001001 0
b101000100001001 s
b101000100001001 $"
b1111 <
b1111 {
b1111 !"
b1111 #"
1'
#11730000
0'
#11740000
b10000 -
b10000 z
b10000 ~
b10000 |
b101 `
b0 ("
b110000000100011 0
b110000000100011 s
b110000000100011 $"
b10000 <
b10000 {
b10000 !"
b10000 #"
b101000100001001 1
b101000100001001 a
b101000100001001 t
1'
#11750000
0'
#11760000
b1000 A
b1000 O
b1000 Y
b1000 P
b11 8
b11 E
b11 x
b110 `
b11 =
b11 b
b11 k
b11 v
b10001 -
b10001 z
b10001 ~
b10001 |
b0 ("
b110000000100011 1
b110000000100011 a
b110000000100011 t
b101000100010001 0
b101000100010001 s
b101000100010001 $"
b10001 <
b10001 {
b10001 !"
b10001 #"
1'
#11770000
0'
#11780000
b10010 -
b10010 z
b10010 ~
b10010 |
b101 `
b0 ("
b110000000100100 0
b110000000100100 s
b110000000100100 $"
b10010 <
b10010 {
b10010 !"
b10010 #"
b101000100010001 1
b101000100010001 a
b101000100010001 t
1'
#11790000
0'
#11800000
b111 A
b111 O
b111 Y
b111 P
b100 8
b100 E
b100 x
b110 `
b100 =
b100 b
b100 k
b100 v
b10011 -
b10011 z
b10011 ~
b10011 |
b0 ("
b110000000100100 1
b110000000100100 a
b110000000100100 t
b101000100011001 0
b101000100011001 s
b101000100011001 $"
b10011 <
b10011 {
b10011 !"
b10011 #"
1'
#11810000
0'
#11820000
b10100 -
b10100 z
b10100 ~
b10100 |
b101 `
b0 ("
b110000000100101 0
b110000000100101 s
b110000000100101 $"
b10100 <
b10100 {
b10100 !"
b10100 #"
b101000100011001 1
b101000100011001 a
b101000100011001 t
1'
#11830000
0'
#11840000
b110 A
b110 O
b110 Y
b110 P
b101 8
b101 E
b101 x
b110 `
b101 =
b101 b
b101 k
b101 v
b10101 -
b10101 z
b10101 ~
b10101 |
b0 ("
b110000000100101 1
b110000000100101 a
b110000000100101 t
b101000100100001 0
b101000100100001 s
b101000100100001 $"
b10101 <
b10101 {
b10101 !"
b10101 #"
1'
#11850000
0'
#11860000
b10110 -
b10110 z
b10110 ~
b10110 |
b101 `
b0 ("
b110000000100110 0
b110000000100110 s
b110000000100110 $"
b10110 <
b10110 {
b10110 !"
b10110 #"
b101000100100001 1
b101000100100001 a
b101000100100001 t
1'
#11870000
0'
#11880000
b101 A
b101 O
b101 Y
b101 P
b110 8
b110 E
b110 x
b110 `
b110 =
b110 b
b110 k
b110 v
b10111 -
b10111 z
b10111 ~
b10111 |
b0 ("
b110000000100110 1
b110000000100110 a
b110000000100110 t
b101000100101001 0
b101000100101001 s
b101000100101001 $"
b10111 <
b10111 {
b10111 !"
b10111 #"
1'
#11890000
0'
#11900000
b11000 -
b11000 z
b11000 ~
b11000 |
b101 `
b0 ("
b110000000100111 0
b110000000100111 s
b110000000100111 $"
b11000 <
b11000 {
b11000 !"
b11000 #"
b101000100101001 1
b101000100101001 a
b101000100101001 t
1'
#11910000
0'
#11920000
b100 A
b100 O
b100 Y
b100 P
b111 8
b111 E
b111 x
b110 `
b111 =
b111 b
b111 k
b111 v
b11001 -
b11001 z
b11001 ~
b11001 |
b0 ("
b110000000100111 1
b110000000100111 a
b110000000100111 t
b101000100110001 0
b101000100110001 s
b101000100110001 $"
b11001 <
b11001 {
b11001 !"
b11001 #"
1'
#11930000
0'
#11940000
b11010 -
b11010 z
b11010 ~
b11010 |
b101 `
b0 ("
b110000000101000 0
b110000000101000 s
b110000000101000 $"
b11010 <
b11010 {
b11010 !"
b11010 #"
b101000100110001 1
b101000100110001 a
b101000100110001 t
1'
#11950000
0'
#11960000
b11 A
b11 O
b11 Y
b11 P
b1000 8
b1000 E
b1000 x
b110 `
b1000 =
b1000 b
b1000 k
b1000 v
b11011 -
b11011 z
b11011 ~
b11011 |
b0 ("
b110000000101000 1
b110000000101000 a
b110000000101000 t
b101000100111001 0
b101000100111001 s
b101000100111001 $"
b11011 <
b11011 {
b11011 !"
b11011 #"
1'
#11970000
0'
#11980000
b11100 -
b11100 z
b11100 ~
b11100 |
b101 `
b0 ("
b110000000101001 0
b110000000101001 s
b110000000101001 $"
b11100 <
b11100 {
b11100 !"
b11100 #"
b101000100111001 1
b101000100111001 a
b101000100111001 t
1'
#11990000
0'
#12000000
b10 A
b10 O
b10 Y
b10 P
b1001 8
b1001 E
b1001 x
b110 `
b1001 =
b1001 b
b1001 k
b1001 v
b11101 -
b11101 z
b11101 ~
b11101 |
b0 ("
b110000000101001 1
b110000000101001 a
b110000000101001 t
b101000101000001 0
b101000101000001 s
b101000101000001 $"
b11101 <
b11101 {
b11101 !"
b11101 #"
1'
#12010000
0'
#12020000
b11110 -
b11110 z
b11110 ~
b11110 |
b101 `
b0 ("
b110000000101010 0
b110000000101010 s
b110000000101010 $"
b11110 <
b11110 {
b11110 !"
b11110 #"
b101000101000001 1
b101000101000001 a
b101000101000001 t
1'
#12030000
0'
#12040000
b1 A
b1 O
b1 Y
b1 P
b1010 8
b1010 E
b1010 x
b110 `
b1010 =
b1010 b
b1010 k
b1010 v
b11111 -
b11111 z
b11111 ~
b11111 |
b0 ("
b110000000101010 1
b110000000101010 a
b110000000101010 t
b101000101001001 0
b101000101001001 s
b101000101001001 $"
b11111 <
b11111 {
b11111 !"
b11111 #"
1'
#12050000
0'
#12060000
b100000 -
b100000 z
b100000 ~
b100000 |
b101 `
b0 ("
b110000000101011 0
b110000000101011 s
b110000000101011 $"
b100000 <
b100000 {
b100000 !"
b100000 #"
b101000101001001 1
b101000101001001 a
b101000101001001 t
1'
#12070000
0'
#12080000
15
b0 A
b0 O
b0 Y
b0 P
b1011 8
b1011 E
b1011 x
b110 `
b1011 =
b1011 b
b1011 k
b1011 v
b100001 -
b100001 z
b100001 ~
b100001 |
b0 ("
b110000000101011 1
b110000000101011 a
b110000000101011 t
b101000101010001 0
b101000101010001 s
b101000101010001 $"
b100001 <
b100001 {
b100001 !"
b100001 #"
1'
#12090000
0'
#12100000
b10001 8
b10001 E
b10001 x
05
b10001 A
b10001 O
b10001 Y
b10001 P
bx :
bx F
bx W
b0 4
b0 [
b0 ]
b0 m
b10001 =
b10001 b
b10001 k
b10001 v
b101010 /
b101010 _
b101010 y
b101010 p
b0 >
b0 G
b0 \
b0 j
02
0o
1.
1q
16
b1001100 -
b1001100 z
b1001100 ~
b1001100 |
b101 `
b10 ("
b110000000101100 0
b110000000101100 s
b110000000101100 $"
b100010 <
b100010 {
b100010 !"
b100010 #"
b101000101010001 1
b101000101010001 a
b101000101010001 t
1'
#12110000
0'
#12120000
06
b1110110 -
b1110110 z
b1110110 ~
b1110110 |
b0 ("
1u
1""
b1001011100001100 0
b1001011100001100 s
b1001011100001100 $"
b1001100 <
b1001100 {
b1001100 !"
b1001100 #"
1'
#12130000
0'
#12140000
b1111100 A
b1111100 O
b1111100 Y
b1111100 P
b1111100 8
b1111100 E
b1111100 x
b1001101 -
b1001101 z
b1001101 ~
b1001101 |
b1001 `
b1110111 :
b1110111 F
b1110111 W
b10000 4
b10000 [
b10000 ]
b10000 m
b1111100 =
b1111100 b
b1111100 k
b1111100 v
b0 /
b0 _
b0 y
b0 p
12
1o
0.
0q
1,
1r
b0 ("
0""
b1100000100001011 0
b1100000100001011 s
b1100000100001011 $"
b1001101 <
b1001101 {
b1001101 !"
b1001101 #"
0u
b1001011100001100 1
b1001011100001100 a
b1001011100001100 t
1'
#12150000
0'
#12160000
b1100 `
b1111100 9
b1111100 X
b1111100 w
b10000 3
b10000 Z
b10000 ^
b10000 n
b101011 4
b101011 [
b101011 ]
b101011 m
b11011 =
b11011 b
b11011 k
b11011 v
17
b1001110 -
b1001110 z
b1001110 ~
b1001110 |
b0 ("
b1111100 %"
b1110111 :
b1110111 F
b1110111 W
b1100000100001011 1
b1100000100001011 a
b1100000100001011 t
b111000000000001 0
b111000000000001 s
b111000000000001 $"
b1001110 <
b1001110 {
b1001110 !"
b1001110 #"
1'
#12170000
0'
#12180000
b1 -
b1 z
b1 ~
b1 |
b1 A
b1 O
b1 Y
b1 P
b1 8
b1 E
b1 x
b111 `
bx 9
bx X
bx w
b0 3
b0 Z
b0 ^
b0 n
b0 4
b0 [
b0 ]
b0 m
b1 =
b1 b
b1 k
b1 v
b1 /
b1 _
b1 y
b1 p
02
0o
1;
1l
1.
1q
0,
0r
07
b0 ("
bx :
bx F
bx W
b1111100 !
b1111100 B
b1111100 V
b1001001100001001 0
b1001001100001001 s
b1001001100001001 $"
b1001111 <
b1001111 {
b1001111 !"
b1001111 #"
b111000000000001 1
b111000000000001 a
b111000000000001 t
1'
#12190000
0'
#12200000
b0 ("
1u
1""
b1000000101000110 0
b1000000101000110 s
b1000000101000110 $"
b1 <
b1 {
b1 !"
b1 #"
1'
#12205000
b1100 $
b1100 )
b1100 Q
#12210000
0'
#12220000
b1001000 -
b1001000 z
b1001000 ~
b1001000 |
b1000 `
b1 9
b1 X
b1 w
b100110 3
b100110 Z
b100110 ^
b100110 n
b1 :
b1 F
b1 W
b10100 4
b10100 [
b10100 ]
b10100 m
b10110 =
b10110 b
b10110 k
b10110 v
b1000110 /
b1000110 _
b1000110 y
b1000110 p
12
1o
0;
0l
0.
0q
1,
1r
17
b0 ("
0""
b100000001000001 0
b100000001000001 s
b100000001000001 $"
b10 <
b10 {
b10 !"
b10 #"
0u
b1000000101000110 1
b1000000101000110 a
b1000000101000110 t
1'
#12230000
0'
#12240000
b100 `
bx 9
bx X
bx w
b0 3
b0 Z
b0 ^
b0 n
b1 =
b1 b
b1 k
b1 v
b0 /
b0 _
b0 y
b0 p
b10 >
b10 G
b10 \
b10 j
07
b11 -
b11 z
b11 ~
b11 |
b0 ("
b100000001000001 1
b100000001000001 a
b100000001000001 t
b110000001000000 0
b110000001000000 s
b110000001000000 $"
b11 <
b11 {
b11 !"
b11 #"
1'
#12250000
0'
#12260000
b0 8
b0 E
b0 x
05
b1 A
b1 O
b1 Y
b1 P
b100 -
b100 z
b100 ~
b100 |
b110 `
b0 =
b0 b
b0 k
b0 v
b11 >
b11 G
b11 \
b11 j
0,
0r
b0 ("
b101000000001001 0
b101000000001001 s
b101000000001001 $"
b100 <
b100 {
b100 !"
b100 #"
b110000001000000 1
b110000001000000 a
b110000001000000 t
1'
#12270000
0'
#12280000
b101 `
b101 -
b101 z
b101 ~
b101 |
b0 ("
b101000000001001 1
b101000000001001 a
b101000000001001 t
b111000000001000 0
b111000000001000 s
b111000000001000 $"
b101 <
b101 {
b101 !"
b101 #"
1'
#12290000
0'
#12300000
b1000 -
b1000 z
b1000 ~
b1000 |
b1000 8
b1000 E
b1000 x
05
b1000 A
b1000 O
b1000 Y
b1000 P
b111 `
bx :
bx F
bx W
b0 4
b0 [
b0 ]
b0 m
b1000 =
b1000 b
b1000 k
b1000 v
b1000 /
b1000 _
b1000 y
b1000 p
b0 >
b0 G
b0 \
b0 j
02
0o
1;
1l
1.
1q
b0 ("
b1100000101011011 0
b1100000101011011 s
b1100000101011011 $"
b110 <
b110 {
b110 !"
b110 #"
b111000000001000 1
b111000000001000 a
b111000000001000 t
1'
#12310000
0'
#12320000
b0 ("
1u
1""
b1000000100100011 0
b1000000100100011 s
b1000000100100011 $"
b1000 <
b1000 {
b1000 !"
b1000 #"
1'
#12330000
0'
#12340000
b1100 A
b1100 O
b1100 Y
b1100 P
b1100 8
b1100 E
b1100 x
b101100 -
b101100 z
b101100 ~
b101100 |
b1000 `
b1100 9
b1100 X
b1100 w
b100011 3
b100011 Z
b100011 ^
b100011 n
b1011 :
b1011 F
b1011 W
b10010 4
b10010 [
b10010 ]
b10010 m
b10011 =
b10011 b
b10011 k
b10011 v
b100011 /
b100011 _
b100011 y
b100011 p
12
1o
0;
0l
0.
0q
1,
1r
17
b0 ("
0""
b100000000101111 0
b100000000101111 s
b100000000101111 $"
b1001 <
b1001 {
b1001 !"
b1001 #"
0u
b1000000100100011 1
b1000000100100011 a
b1000000100100011 t
1'
#12350000
0'
#12360000
b1111 8
b1111 E
b1111 x
b100 `
bx 9
bx X
bx w
b0 3
b0 Z
b0 ^
b0 n
b1111 =
b1111 b
b1111 k
b1111 v
b0 /
b0 _
b0 y
b0 p
b10 >
b10 G
b10 \
b10 j
07
b1010 -
b1010 z
b1010 ~
b1010 |
b0 ("
b1100 '"
b1100 :
b1100 F
b1100 W
b100000000101111 1
b100000000101111 a
b100000000101111 t
b110000000100000 0
b110000000100000 s
b110000000100000 $"
b1010 <
b1010 {
b1010 !"
b1010 #"
1'
#12370000
0'
#12380000
b0 8
b0 E
b0 x
0?
b1100 A
b1100 O
b1100 Y
b1100 P
b1011 -
b1011 z
b1011 ~
b1011 |
b110 `
b0 =
b0 b
b0 k
b0 v
b11 >
b11 G
b11 \
b11 j
0,
0r
b0 ("
b1100 '"
b101000011111001 0
b101000011111001 s
b101000011111001 $"
b1011 <
b1011 {
b1011 !"
b1011 #"
b110000000100000 1
b110000000100000 a
b110000000100000 t
1'
#12390000
0'
#12400000
b101 `
b1100 -
b1100 z
b1100 ~
b1100 |
b0 ("
b101000011111001 1
b101000011111001 a
b101000011111001 t
b110000000100001 0
b110000000100001 s
b110000000100001 $"
b1100 <
b1100 {
b1100 !"
b1100 #"
1'
#12410000
0'
#12420000
b1011 A
b1011 O
b1011 Y
b1011 P
b1 8
b1 E
b1 x
b1101 -
b1101 z
b1101 ~
b1101 |
b110 `
b1 =
b1 b
b1 k
b1 v
b0 ("
b101000100000001 0
b101000100000001 s
b101000100000001 $"
b1101 <
b1101 {
b1101 !"
b1101 #"
b110000000100001 1
b110000000100001 a
b110000000100001 t
1'
#12430000
0'
#12440000
b101 `
b1110 -
b1110 z
b1110 ~
b1110 |
b0 ("
b101000100000001 1
b101000100000001 a
b101000100000001 t
b110000000100010 0
b110000000100010 s
b110000000100010 $"
b1110 <
b1110 {
b1110 !"
b1110 #"
1'
#12450000
0'
#12460000
b1010 A
b1010 O
b1010 Y
b1010 P
b10 8
b10 E
b10 x
b1111 -
b1111 z
b1111 ~
b1111 |
b110 `
b10 =
b10 b
b10 k
b10 v
b0 ("
b101000100001001 0
b101000100001001 s
b101000100001001 $"
b1111 <
b1111 {
b1111 !"
b1111 #"
b110000000100010 1
b110000000100010 a
b110000000100010 t
1'
#12470000
0'
#12480000
b101 `
b10000 -
b10000 z
b10000 ~
b10000 |
b0 ("
b101000100001001 1
b101000100001001 a
b101000100001001 t
b110000000100011 0
b110000000100011 s
b110000000100011 $"
b10000 <
b10000 {
b10000 !"
b10000 #"
1'
#12490000
0'
#12500000
b1001 A
b1001 O
b1001 Y
b1001 P
b11 8
b11 E
b11 x
b10001 -
b10001 z
b10001 ~
b10001 |
b110 `
b11 =
b11 b
b11 k
b11 v
b0 ("
b101000100010001 0
b101000100010001 s
b101000100010001 $"
b10001 <
b10001 {
b10001 !"
b10001 #"
b110000000100011 1
b110000000100011 a
b110000000100011 t
1'
#12510000
0'
#12520000
b101 `
b10010 -
b10010 z
b10010 ~
b10010 |
b0 ("
b101000100010001 1
b101000100010001 a
b101000100010001 t
b110000000100100 0
b110000000100100 s
b110000000100100 $"
b10010 <
b10010 {
b10010 !"
b10010 #"
1'
#12530000
0'
#12540000
b1000 A
b1000 O
b1000 Y
b1000 P
b100 8
b100 E
b100 x
b10011 -
b10011 z
b10011 ~
b10011 |
b110 `
b100 =
b100 b
b100 k
b100 v
b0 ("
b101000100011001 0
b101000100011001 s
b101000100011001 $"
b10011 <
b10011 {
b10011 !"
b10011 #"
b110000000100100 1
b110000000100100 a
b110000000100100 t
1'
#12550000
0'
#12560000
b101 `
b10100 -
b10100 z
b10100 ~
b10100 |
b0 ("
b101000100011001 1
b101000100011001 a
b101000100011001 t
b110000000100101 0
b110000000100101 s
b110000000100101 $"
b10100 <
b10100 {
b10100 !"
b10100 #"
1'
#12570000
0'
#12580000
b111 A
b111 O
b111 Y
b111 P
b101 8
b101 E
b101 x
b10101 -
b10101 z
b10101 ~
b10101 |
b110 `
b101 =
b101 b
b101 k
b101 v
b0 ("
b101000100100001 0
b101000100100001 s
b101000100100001 $"
b10101 <
b10101 {
b10101 !"
b10101 #"
b110000000100101 1
b110000000100101 a
b110000000100101 t
1'
#12590000
0'
#12600000
b101 `
b10110 -
b10110 z
b10110 ~
b10110 |
b0 ("
b101000100100001 1
b101000100100001 a
b101000100100001 t
b110000000100110 0
b110000000100110 s
b110000000100110 $"
b10110 <
b10110 {
b10110 !"
b10110 #"
1'
#12610000
0'
#12620000
b110 A
b110 O
b110 Y
b110 P
b110 8
b110 E
b110 x
b10111 -
b10111 z
b10111 ~
b10111 |
b110 `
b110 =
b110 b
b110 k
b110 v
b0 ("
b101000100101001 0
b101000100101001 s
b101000100101001 $"
b10111 <
b10111 {
b10111 !"
b10111 #"
b110000000100110 1
b110000000100110 a
b110000000100110 t
1'
#12630000
0'
#12640000
b101 `
b11000 -
b11000 z
b11000 ~
b11000 |
b0 ("
b101000100101001 1
b101000100101001 a
b101000100101001 t
b110000000100111 0
b110000000100111 s
b110000000100111 $"
b11000 <
b11000 {
b11000 !"
b11000 #"
1'
#12650000
0'
#12660000
b101 A
b101 O
b101 Y
b101 P
b111 8
b111 E
b111 x
b11001 -
b11001 z
b11001 ~
b11001 |
b110 `
b111 =
b111 b
b111 k
b111 v
b0 ("
b101000100110001 0
b101000100110001 s
b101000100110001 $"
b11001 <
b11001 {
b11001 !"
b11001 #"
b110000000100111 1
b110000000100111 a
b110000000100111 t
1'
#12670000
0'
#12680000
b101 `
b11010 -
b11010 z
b11010 ~
b11010 |
b0 ("
b101000100110001 1
b101000100110001 a
b101000100110001 t
b110000000101000 0
b110000000101000 s
b110000000101000 $"
b11010 <
b11010 {
b11010 !"
b11010 #"
1'
#12690000
0'
#12700000
b100 A
b100 O
b100 Y
b100 P
b1000 8
b1000 E
b1000 x
b11011 -
b11011 z
b11011 ~
b11011 |
b110 `
b1000 =
b1000 b
b1000 k
b1000 v
b0 ("
b101000100111001 0
b101000100111001 s
b101000100111001 $"
b11011 <
b11011 {
b11011 !"
b11011 #"
b110000000101000 1
b110000000101000 a
b110000000101000 t
1'
#12710000
0'
#12720000
b101 `
b11100 -
b11100 z
b11100 ~
b11100 |
b0 ("
b101000100111001 1
b101000100111001 a
b101000100111001 t
b110000000101001 0
b110000000101001 s
b110000000101001 $"
b11100 <
b11100 {
b11100 !"
b11100 #"
1'
#12730000
0'
#12740000
b11 A
b11 O
b11 Y
b11 P
b1001 8
b1001 E
b1001 x
b11101 -
b11101 z
b11101 ~
b11101 |
b110 `
b1001 =
b1001 b
b1001 k
b1001 v
b0 ("
b101000101000001 0
b101000101000001 s
b101000101000001 $"
b11101 <
b11101 {
b11101 !"
b11101 #"
b110000000101001 1
b110000000101001 a
b110000000101001 t
1'
#12750000
0'
#12760000
b101 `
b11110 -
b11110 z
b11110 ~
b11110 |
b0 ("
b101000101000001 1
b101000101000001 a
b101000101000001 t
b110000000101010 0
b110000000101010 s
b110000000101010 $"
b11110 <
b11110 {
b11110 !"
b11110 #"
1'
#12770000
0'
#12780000
b10 A
b10 O
b10 Y
b10 P
b1010 8
b1010 E
b1010 x
b11111 -
b11111 z
b11111 ~
b11111 |
b110 `
b1010 =
b1010 b
b1010 k
b1010 v
b0 ("
b101000101001001 0
b101000101001001 s
b101000101001001 $"
b11111 <
b11111 {
b11111 !"
b11111 #"
b110000000101010 1
b110000000101010 a
b110000000101010 t
1'
#12790000
0'
#12800000
b101 `
b100000 -
b100000 z
b100000 ~
b100000 |
b0 ("
b101000101001001 1
b101000101001001 a
b101000101001001 t
b110000000101011 0
b110000000101011 s
b110000000101011 $"
b100000 <
b100000 {
b100000 !"
b100000 #"
1'
#12810000
0'
#12820000
b1 A
b1 O
b1 Y
b1 P
b1011 8
b1011 E
b1011 x
b100001 -
b100001 z
b100001 ~
b100001 |
b110 `
b1011 =
b1011 b
b1011 k
b1011 v
b0 ("
b101000101010001 0
b101000101010001 s
b101000101010001 $"
b100001 <
b100001 {
b100001 !"
b100001 #"
b110000000101011 1
b110000000101011 a
b110000000101011 t
1'
#12830000
0'
#12840000
b101 `
b100010 -
b100010 z
b100010 ~
b100010 |
b0 ("
b101000101010001 1
b101000101010001 a
b101000101010001 t
b110000000101100 0
b110000000101100 s
b110000000101100 $"
b100010 <
b100010 {
b100010 !"
b100010 #"
1'
#12850000
0'
#12860000
15
b0 A
b0 O
b0 Y
b0 P
b1100 8
b1100 E
b1100 x
b100011 -
b100011 z
b100011 ~
b100011 |
b110 `
b1100 =
b1100 b
b1100 k
b1100 v
b0 ("
b101000101011001 0
b101000101011001 s
b101000101011001 $"
b100011 <
b100011 {
b100011 !"
b100011 #"
b110000000101100 1
b110000000101100 a
b110000000101100 t
1'
#12870000
0'
#12880000
b11001 8
b11001 E
b11001 x
05
b11001 A
b11001 O
b11001 Y
b11001 P
bx :
bx F
bx W
b0 4
b0 [
b0 ]
b0 m
b11001 =
b11001 b
b11001 k
b11001 v
b101011 /
b101011 _
b101011 y
b101011 p
b0 >
b0 G
b0 \
b0 j
02
0o
1.
1q
16
b101 `
b1001111 -
b1001111 z
b1001111 ~
b1001111 |
b10 ("
b101000101011001 1
b101000101011001 a
b101000101011001 t
b110000000101101 0
b110000000101101 s
b110000000101101 $"
b100100 <
b100100 {
b100100 !"
b100100 #"
1'
#12890000
0'
#12900000
06
b1111010 -
b1111010 z
b1111010 ~
b1111010 |
b0 ("
1""
b1001001100001001 0
b1001001100001001 s
b1001001100001001 $"
b1001111 <
b1001111 {
b1001111 !"
b1001111 #"
1u
1'
#12910000
0'
#12920000
b111001 A
b111001 O
b111001 Y
b111001 P
b111001 8
b111001 E
b111001 x
b1001 `
b1111100 :
b1111100 F
b1111100 W
b10000 4
b10000 [
b10000 ]
b10000 m
b111001 =
b111001 b
b111001 k
b111001 v
b0 /
b0 _
b0 y
b0 p
12
1o
0.
0q
1,
1r
b1010000 -
b1010000 z
b1010000 ~
b1010000 |
b0 ("
0u
b1001001100001001 1
b1001001100001001 a
b1001001100001001 t
0""
b1100000100001011 0
b1100000100001011 s
b1100000100001011 $"
b1010000 <
b1010000 {
b1010000 !"
b1010000 #"
1'
#12930000
0'
#12940000
b1010001 -
b1010001 z
b1010001 ~
b1010001 |
b1100 `
b111001 9
b111001 X
b111001 w
b10000 3
b10000 Z
b10000 ^
b10000 n
b101011 4
b101011 [
b101011 ]
b101011 m
b11011 =
b11011 b
b11011 k
b11011 v
17
b0 ("
b111001 %"
b1111100 :
b1111100 F
b1111100 W
b111000000000001 0
b111000000000001 s
b111000000000001 $"
b1010001 <
b1010001 {
b1010001 !"
b1010001 #"
b1100000100001011 1
b1100000100001011 a
b1100000100001011 t
1'
#12950000
0'
#12960000
b1 A
b1 O
b1 Y
b1 P
b1 8
b1 E
b1 x
b111 `
bx 9
bx X
bx w
b0 3
b0 Z
b0 ^
b0 n
b0 4
b0 [
b0 ]
b0 m
b1 =
b1 b
b1 k
b1 v
b1 /
b1 _
b1 y
b1 p
02
0o
1;
1l
1.
1q
0,
0r
07
b1 -
b1 z
b1 ~
b1 |
b0 ("
bx :
bx F
bx W
b111001 !
b111001 B
b111001 V
b111000000000001 1
b111000000000001 a
b111000000000001 t
b1001010100001110 0
b1001010100001110 s
b1001010100001110 $"
b1010010 <
b1010010 {
b1010010 !"
b1010010 #"
1'
#12970000
0'
#12980000
b0 ("
1""
b1000000101000110 0
b1000000101000110 s
b1000000101000110 $"
b1 <
b1 {
b1 !"
b1 #"
1u
1'
#12990000
0'
#13000000
b1 -
b1 z
b1 ~
b1 |
b1000 `
b1 9
b1 X
b1 w
b100110 3
b100110 Z
b100110 ^
b100110 n
b1 :
b1 F
b1 W
b10100 4
b10100 [
b10100 ]
b10100 m
b10110 =
b10110 b
b10110 k
b10110 v
b1000110 /
b1000110 _
b1000110 y
b1000110 p
12
1o
0;
0l
0.
0q
1,
1r
17
b0 ("
0u
b1000000101000110 1
b1000000101000110 a
b1000000101000110 t
0""
b100000001000001 0
b100000001000001 s
b100000001000001 $"
b10 <
b10 {
b10 !"
b10 #"
1'
#13010000
0'
#13020000
b11 -
b11 z
b11 ~
b11 |
b100 `
bx 9
bx X
bx w
b0 3
b0 Z
b0 ^
b0 n
b1 =
b1 b
b1 k
b1 v
b0 /
b0 _
b0 y
b0 p
b10 >
b10 G
b10 \
b10 j
07
b0 ("
b110000001000000 0
b110000001000000 s
b110000001000000 $"
b11 <
b11 {
b11 !"
b11 #"
b100000001000001 1
b100000001000001 a
b100000001000001 t
1'
#13030000
0'
#13040000
b0 8
b0 E
b0 x
05
b1 A
b1 O
b1 Y
b1 P
b110 `
b0 =
b0 b
b0 k
b0 v
b11 >
b11 G
b11 \
b11 j
0,
0r
b100 -
b100 z
b100 ~
b100 |
b0 ("
b110000001000000 1
b110000001000000 a
b110000001000000 t
b101000000001001 0
b101000000001001 s
b101000000001001 $"
b100 <
b100 {
b100 !"
b100 #"
1'
#13050000
0'
#13060000
b101 -
b101 z
b101 ~
b101 |
b101 `
b0 ("
b111000000001000 0
b111000000001000 s
b111000000001000 $"
b101 <
b101 {
b101 !"
b101 #"
b101000000001001 1
b101000000001001 a
b101000000001001 t
1'
#13070000
0'
#13080000
b1000 8
b1000 E
b1000 x
05
b1000 A
b1000 O
b1000 Y
b1000 P
b111 `
bx :
bx F
bx W
b0 4
b0 [
b0 ]
b0 m
b1000 =
b1000 b
b1000 k
b1000 v
b1000 /
b1000 _
b1000 y
b1000 p
b0 >
b0 G
b0 \
b0 j
02
0o
1;
1l
1.
1q
b1000 -
b1000 z
b1000 ~
b1000 |
b0 ("
b111000000001000 1
b111000000001000 a
b111000000001000 t
b1100000101011011 0
b1100000101011011 s
b1100000101011011 $"
b110 <
b110 {
b110 !"
b110 #"
1'
#13090000
0'
#13100000
b0 ("
1""
b1000000100100011 0
b1000000100100011 s
b1000000100100011 $"
b1000 <
b1000 {
b1000 !"
b1000 #"
1u
1'
#13110000
0'
#13120000
b1100 A
b1100 O
b1100 Y
b1100 P
b1000 -
b1000 z
b1000 ~
b1000 |
b1100 8
b1100 E
b1100 x
b1000 `
b1100 9
b1100 X
b1100 w
b100011 3
b100011 Z
b100011 ^
b100011 n
b1100 :
b1100 F
b1100 W
b10010 4
b10010 [
b10010 ]
b10010 m
b10011 =
b10011 b
b10011 k
b10011 v
b100011 /
b100011 _
b100011 y
b100011 p
12
1o
0;
0l
0.
0q
1,
1r
17
b0 ("
0u
b1000000100100011 1
b1000000100100011 a
b1000000100100011 t
0""
b100000000101111 0
b100000000101111 s
b100000000101111 $"
b1001 <
b1001 {
b1001 !"
b1001 #"
1'
#13130000
0'
#13140000
b1111 8
b1111 E
b1111 x
b1010 -
b1010 z
b1010 ~
b1010 |
b100 `
bx 9
bx X
bx w
b0 3
b0 Z
b0 ^
b0 n
b1111 =
b1111 b
b1111 k
b1111 v
b0 /
b0 _
b0 y
b0 p
b10 >
b10 G
b10 \
b10 j
07
b0 ("
b1100 '"
b110000000100000 0
b110000000100000 s
b110000000100000 $"
b1010 <
b1010 {
b1010 !"
b1010 #"
b100000000101111 1
b100000000101111 a
b100000000101111 t
1'
#13150000
0'
#13160000
b0 8
b0 E
b0 x
0?
b1100 A
b1100 O
b1100 Y
b1100 P
b110 `
b0 =
b0 b
b0 k
b0 v
b11 >
b11 G
b11 \
b11 j
0,
0r
b1011 -
b1011 z
b1011 ~
b1011 |
b0 ("
b1100 '"
b110000000100000 1
b110000000100000 a
b110000000100000 t
b101000011111001 0
b101000011111001 s
b101000011111001 $"
b1011 <
b1011 {
b1011 !"
b1011 #"
1'
#13170000
0'
#13180000
b1100 -
b1100 z
b1100 ~
b1100 |
b101 `
b0 ("
b110000000100001 0
b110000000100001 s
b110000000100001 $"
b1100 <
b1100 {
b1100 !"
b1100 #"
b101000011111001 1
b101000011111001 a
b101000011111001 t
1'
#13190000
0'
#13200000
b1011 A
b1011 O
b1011 Y
b1011 P
b1 8
b1 E
b1 x
b110 `
b1 =
b1 b
b1 k
b1 v
b1101 -
b1101 z
b1101 ~
b1101 |
b0 ("
b110000000100001 1
b110000000100001 a
b110000000100001 t
b101000100000001 0
b101000100000001 s
b101000100000001 $"
b1101 <
b1101 {
b1101 !"
b1101 #"
1'
#13205000
b1101 $
b1101 )
b1101 Q
#13210000
0'
#13220000
b1110 -
b1110 z
b1110 ~
b1110 |
b101 `
b0 ("
b110000000100010 0
b110000000100010 s
b110000000100010 $"
b1110 <
b1110 {
b1110 !"
b1110 #"
b101000100000001 1
b101000100000001 a
b101000100000001 t
1'
#13230000
0'
#13240000
b1010 A
b1010 O
b1010 Y
b1010 P
b10 8
b10 E
b10 x
b110 `
b10 =
b10 b
b10 k
b10 v
b1111 -
b1111 z
b1111 ~
b1111 |
b0 ("
b110000000100010 1
b110000000100010 a
b110000000100010 t
b101000100001001 0
b101000100001001 s
b101000100001001 $"
b1111 <
b1111 {
b1111 !"
b1111 #"
1'
#13250000
0'
#13260000
b10000 -
b10000 z
b10000 ~
b10000 |
b101 `
b0 ("
b110000000100011 0
b110000000100011 s
b110000000100011 $"
b10000 <
b10000 {
b10000 !"
b10000 #"
b101000100001001 1
b101000100001001 a
b101000100001001 t
1'
#13270000
0'
#13280000
b1001 A
b1001 O
b1001 Y
b1001 P
b11 8
b11 E
b11 x
b110 `
b11 =
b11 b
b11 k
b11 v
b10001 -
b10001 z
b10001 ~
b10001 |
b0 ("
b110000000100011 1
b110000000100011 a
b110000000100011 t
b101000100010001 0
b101000100010001 s
b101000100010001 $"
b10001 <
b10001 {
b10001 !"
b10001 #"
1'
#13290000
0'
#13300000
b10010 -
b10010 z
b10010 ~
b10010 |
b101 `
b0 ("
b110000000100100 0
b110000000100100 s
b110000000100100 $"
b10010 <
b10010 {
b10010 !"
b10010 #"
b101000100010001 1
b101000100010001 a
b101000100010001 t
1'
#13310000
0'
#13320000
b1000 A
b1000 O
b1000 Y
b1000 P
b100 8
b100 E
b100 x
b110 `
b100 =
b100 b
b100 k
b100 v
b10011 -
b10011 z
b10011 ~
b10011 |
b0 ("
b110000000100100 1
b110000000100100 a
b110000000100100 t
b101000100011001 0
b101000100011001 s
b101000100011001 $"
b10011 <
b10011 {
b10011 !"
b10011 #"
1'
#13330000
0'
#13340000
b10100 -
b10100 z
b10100 ~
b10100 |
b101 `
b0 ("
b110000000100101 0
b110000000100101 s
b110000000100101 $"
b10100 <
b10100 {
b10100 !"
b10100 #"
b101000100011001 1
b101000100011001 a
b101000100011001 t
1'
#13350000
0'
#13360000
b111 A
b111 O
b111 Y
b111 P
b101 8
b101 E
b101 x
b110 `
b101 =
b101 b
b101 k
b101 v
b10101 -
b10101 z
b10101 ~
b10101 |
b0 ("
b110000000100101 1
b110000000100101 a
b110000000100101 t
b101000100100001 0
b101000100100001 s
b101000100100001 $"
b10101 <
b10101 {
b10101 !"
b10101 #"
1'
#13370000
0'
#13380000
b10110 -
b10110 z
b10110 ~
b10110 |
b101 `
b0 ("
b110000000100110 0
b110000000100110 s
b110000000100110 $"
b10110 <
b10110 {
b10110 !"
b10110 #"
b101000100100001 1
b101000100100001 a
b101000100100001 t
1'
#13390000
0'
#13400000
b110 A
b110 O
b110 Y
b110 P
b110 8
b110 E
b110 x
b110 `
b110 =
b110 b
b110 k
b110 v
b10111 -
b10111 z
b10111 ~
b10111 |
b0 ("
b110000000100110 1
b110000000100110 a
b110000000100110 t
b101000100101001 0
b101000100101001 s
b101000100101001 $"
b10111 <
b10111 {
b10111 !"
b10111 #"
1'
#13410000
0'
#13420000
b11000 -
b11000 z
b11000 ~
b11000 |
b101 `
b0 ("
b110000000100111 0
b110000000100111 s
b110000000100111 $"
b11000 <
b11000 {
b11000 !"
b11000 #"
b101000100101001 1
b101000100101001 a
b101000100101001 t
1'
#13430000
0'
#13440000
b101 A
b101 O
b101 Y
b101 P
b111 8
b111 E
b111 x
b110 `
b111 =
b111 b
b111 k
b111 v
b11001 -
b11001 z
b11001 ~
b11001 |
b0 ("
b110000000100111 1
b110000000100111 a
b110000000100111 t
b101000100110001 0
b101000100110001 s
b101000100110001 $"
b11001 <
b11001 {
b11001 !"
b11001 #"
1'
#13450000
0'
#13460000
b11010 -
b11010 z
b11010 ~
b11010 |
b101 `
b0 ("
b110000000101000 0
b110000000101000 s
b110000000101000 $"
b11010 <
b11010 {
b11010 !"
b11010 #"
b101000100110001 1
b101000100110001 a
b101000100110001 t
1'
#13470000
0'
#13480000
b100 A
b100 O
b100 Y
b100 P
b1000 8
b1000 E
b1000 x
b110 `
b1000 =
b1000 b
b1000 k
b1000 v
b11011 -
b11011 z
b11011 ~
b11011 |
b0 ("
b110000000101000 1
b110000000101000 a
b110000000101000 t
b101000100111001 0
b101000100111001 s
b101000100111001 $"
b11011 <
b11011 {
b11011 !"
b11011 #"
1'
#13490000
0'
#13500000
b11100 -
b11100 z
b11100 ~
b11100 |
b101 `
b0 ("
b110000000101001 0
b110000000101001 s
b110000000101001 $"
b11100 <
b11100 {
b11100 !"
b11100 #"
b101000100111001 1
b101000100111001 a
b101000100111001 t
1'
#13510000
0'
#13520000
b11 A
b11 O
b11 Y
b11 P
b1001 8
b1001 E
b1001 x
b110 `
b1001 =
b1001 b
b1001 k
b1001 v
b11101 -
b11101 z
b11101 ~
b11101 |
b0 ("
b110000000101001 1
b110000000101001 a
b110000000101001 t
b101000101000001 0
b101000101000001 s
b101000101000001 $"
b11101 <
b11101 {
b11101 !"
b11101 #"
1'
#13530000
0'
#13540000
b11110 -
b11110 z
b11110 ~
b11110 |
b101 `
b0 ("
b110000000101010 0
b110000000101010 s
b110000000101010 $"
b11110 <
b11110 {
b11110 !"
b11110 #"
b101000101000001 1
b101000101000001 a
b101000101000001 t
1'
#13550000
0'
#13560000
b10 A
b10 O
b10 Y
b10 P
b1010 8
b1010 E
b1010 x
b110 `
b1010 =
b1010 b
b1010 k
b1010 v
b11111 -
b11111 z
b11111 ~
b11111 |
b0 ("
b110000000101010 1
b110000000101010 a
b110000000101010 t
b101000101001001 0
b101000101001001 s
b101000101001001 $"
b11111 <
b11111 {
b11111 !"
b11111 #"
1'
#13570000
0'
#13580000
b100000 -
b100000 z
b100000 ~
b100000 |
b101 `
b0 ("
b110000000101011 0
b110000000101011 s
b110000000101011 $"
b100000 <
b100000 {
b100000 !"
b100000 #"
b101000101001001 1
b101000101001001 a
b101000101001001 t
1'
#13590000
0'
#13600000
b1 A
b1 O
b1 Y
b1 P
b1011 8
b1011 E
b1011 x
b110 `
b1011 =
b1011 b
b1011 k
b1011 v
b100001 -
b100001 z
b100001 ~
b100001 |
b0 ("
b110000000101011 1
b110000000101011 a
b110000000101011 t
b101000101010001 0
b101000101010001 s
b101000101010001 $"
b100001 <
b100001 {
b100001 !"
b100001 #"
1'
#13610000
0'
#13620000
b100010 -
b100010 z
b100010 ~
b100010 |
b101 `
b0 ("
b110000000101100 0
b110000000101100 s
b110000000101100 $"
b100010 <
b100010 {
b100010 !"
b100010 #"
b101000101010001 1
b101000101010001 a
b101000101010001 t
1'
#13630000
0'
#13640000
15
b0 A
b0 O
b0 Y
b0 P
b1100 8
b1100 E
b1100 x
b110 `
b1100 =
b1100 b
b1100 k
b1100 v
b100011 -
b100011 z
b100011 ~
b100011 |
b0 ("
b110000000101100 1
b110000000101100 a
b110000000101100 t
b101000101011001 0
b101000101011001 s
b101000101011001 $"
b100011 <
b100011 {
b100011 !"
b100011 #"
1'
#13650000
0'
#13660000
b11001 8
b11001 E
b11001 x
05
b11001 A
b11001 O
b11001 Y
b11001 P
bx :
bx F
bx W
b0 4
b0 [
b0 ]
b0 m
b11001 =
b11001 b
b11001 k
b11001 v
b101011 /
b101011 _
b101011 y
b101011 p
b0 >
b0 G
b0 \
b0 j
02
0o
1.
1q
16
b1001111 -
b1001111 z
b1001111 ~
b1001111 |
b101 `
b10 ("
b110000000101101 0
b110000000101101 s
b110000000101101 $"
b100100 <
b100100 {
b100100 !"
b100100 #"
b101000101011001 1
b101000101011001 a
b101000101011001 t
1'
#13670000
0'
#13680000
06
b1111010 -
b1111010 z
b1111010 ~
b1111010 |
b0 ("
1u
1""
b1001001100001001 0
b1001001100001001 s
b1001001100001001 $"
b1001111 <
b1001111 {
b1001111 !"
b1001111 #"
1'
#13690000
0'
#13700000
b111001 A
b111001 O
b111001 Y
b111001 P
b111001 8
b111001 E
b111001 x
b1010000 -
b1010000 z
b1010000 ~
b1010000 |
b1001 `
b111001 :
b111001 F
b111001 W
b10000 4
b10000 [
b10000 ]
b10000 m
b111001 =
b111001 b
b111001 k
b111001 v
b0 /
b0 _
b0 y
b0 p
12
1o
0.
0q
1,
1r
b0 ("
0""
b1100000100001011 0
b1100000100001011 s
b1100000100001011 $"
b1010000 <
b1010000 {
b1010000 !"
b1010000 #"
0u
b1001001100001001 1
b1001001100001001 a
b1001001100001001 t
1'
#13710000
0'
#13720000
b1100 `
b111001 9
b111001 X
b111001 w
b10000 3
b10000 Z
b10000 ^
b10000 n
b101011 4
b101011 [
b101011 ]
b101011 m
b11011 =
b11011 b
b11011 k
b11011 v
17
b1010001 -
b1010001 z
b1010001 ~
b1010001 |
b0 ("
b111001 %"
b1100000100001011 1
b1100000100001011 a
b1100000100001011 t
b111000000000001 0
b111000000000001 s
b111000000000001 $"
b1010001 <
b1010001 {
b1010001 !"
b1010001 #"
1'
#13730000
0'
#13740000
b1 -
b1 z
b1 ~
b1 |
b1 A
b1 O
b1 Y
b1 P
b1 8
b1 E
b1 x
b111 `
bx 9
bx X
bx w
b0 3
b0 Z
b0 ^
b0 n
bx :
bx F
bx W
b0 4
b0 [
b0 ]
b0 m
b1 =
b1 b
b1 k
b1 v
b1 /
b1 _
b1 y
b1 p
02
0o
1;
1l
1.
1q
0,
0r
07
b0 ("
b1001010100001110 0
b1001010100001110 s
b1001010100001110 $"
b1010010 <
b1010010 {
b1010010 !"
b1010010 #"
b111000000000001 1
b111000000000001 a
b111000000000001 t
1'
#13750000
0'
#13760000
b0 ("
1u
1""
b1000000101000110 0
b1000000101000110 s
b1000000101000110 $"
b1 <
b1 {
b1 !"
b1 #"
1'
#13770000
0'
#13780000
b1001000 -
b1001000 z
b1001000 ~
b1001000 |
b1000 `
b1 9
b1 X
b1 w
b100110 3
b100110 Z
b100110 ^
b100110 n
b1 :
b1 F
b1 W
b10100 4
b10100 [
b10100 ]
b10100 m
b10110 =
b10110 b
b10110 k
b10110 v
b1000110 /
b1000110 _
b1000110 y
b1000110 p
12
1o
0;
0l
0.
0q
1,
1r
17
b0 ("
0""
b100000001000001 0
b100000001000001 s
b100000001000001 $"
b10 <
b10 {
b10 !"
b10 #"
0u
b1000000101000110 1
b1000000101000110 a
b1000000101000110 t
1'
#13790000
0'
#13800000
b100 `
bx 9
bx X
bx w
b0 3
b0 Z
b0 ^
b0 n
b1 =
b1 b
b1 k
b1 v
b0 /
b0 _
b0 y
b0 p
b10 >
b10 G
b10 \
b10 j
07
b11 -
b11 z
b11 ~
b11 |
b0 ("
b100000001000001 1
b100000001000001 a
b100000001000001 t
b110000001000000 0
b110000001000000 s
b110000001000000 $"
b11 <
b11 {
b11 !"
b11 #"
1'
#13810000
0'
#13820000
b0 8
b0 E
b0 x
05
b1 A
b1 O
b1 Y
b1 P
b100 -
b100 z
b100 ~
b100 |
b110 `
b0 =
b0 b
b0 k
b0 v
b11 >
b11 G
b11 \
b11 j
0,
0r
b0 ("
b101000000001001 0
b101000000001001 s
b101000000001001 $"
b100 <
b100 {
b100 !"
b100 #"
b110000001000000 1
b110000001000000 a
b110000001000000 t
1'
#13830000
0'
#13840000
b101 `
b101 -
b101 z
b101 ~
b101 |
b0 ("
b101000000001001 1
b101000000001001 a
b101000000001001 t
b111000000001000 0
b111000000001000 s
b111000000001000 $"
b101 <
b101 {
b101 !"
b101 #"
1'
#13850000
0'
#13860000
b1000 -
b1000 z
b1000 ~
b1000 |
b1000 8
b1000 E
b1000 x
05
b1000 A
b1000 O
b1000 Y
b1000 P
b111 `
bx :
bx F
bx W
b0 4
b0 [
b0 ]
b0 m
b1000 =
b1000 b
b1000 k
b1000 v
b1000 /
b1000 _
b1000 y
b1000 p
b0 >
b0 G
b0 \
b0 j
02
0o
1;
1l
1.
1q
b0 ("
b1100000101011011 0
b1100000101011011 s
b1100000101011011 $"
b110 <
b110 {
b110 !"
b110 #"
b111000000001000 1
b111000000001000 a
b111000000001000 t
1'
#13870000
0'
#13880000
b0 ("
1u
1""
b1000000100100011 0
b1000000100100011 s
b1000000100100011 $"
b1000 <
b1000 {
b1000 !"
b1000 #"
1'
#13890000
0'
#13900000
b1101 A
b1101 O
b1101 Y
b1101 P
b1101 8
b1101 E
b1101 x
b101100 -
b101100 z
b101100 ~
b101100 |
b1000 `
b1101 9
b1101 X
b1101 w
b100011 3
b100011 Z
b100011 ^
b100011 n
b1100 :
b1100 F
b1100 W
b10010 4
b10010 [
b10010 ]
b10010 m
b10011 =
b10011 b
b10011 k
b10011 v
b100011 /
b100011 _
b100011 y
b100011 p
12
1o
0;
0l
0.
0q
1,
1r
17
b0 ("
0""
b100000000101111 0
b100000000101111 s
b100000000101111 $"
b1001 <
b1001 {
b1001 !"
b1001 #"
0u
b1000000100100011 1
b1000000100100011 a
b1000000100100011 t
1'
#13910000
0'
#13920000
b1111 8
b1111 E
b1111 x
b100 `
bx 9
bx X
bx w
b0 3
b0 Z
b0 ^
b0 n
b1111 =
b1111 b
b1111 k
b1111 v
b0 /
b0 _
b0 y
b0 p
b10 >
b10 G
b10 \
b10 j
07
b1010 -
b1010 z
b1010 ~
b1010 |
b0 ("
b1101 '"
b1101 :
b1101 F
b1101 W
b100000000101111 1
b100000000101111 a
b100000000101111 t
b110000000100000 0
b110000000100000 s
b110000000100000 $"
b1010 <
b1010 {
b1010 !"
b1010 #"
1'
#13930000
0'
#13940000
b0 8
b0 E
b0 x
0?
b1101 A
b1101 O
b1101 Y
b1101 P
b1011 -
b1011 z
b1011 ~
b1011 |
b110 `
b0 =
b0 b
b0 k
b0 v
b11 >
b11 G
b11 \
b11 j
0,
0r
b0 ("
b1101 '"
b101000011111001 0
b101000011111001 s
b101000011111001 $"
b1011 <
b1011 {
b1011 !"
b1011 #"
b110000000100000 1
b110000000100000 a
b110000000100000 t
1'
#13950000
0'
#13960000
b101 `
b1100 -
b1100 z
b1100 ~
b1100 |
b0 ("
b101000011111001 1
b101000011111001 a
b101000011111001 t
b110000000100001 0
b110000000100001 s
b110000000100001 $"
b1100 <
b1100 {
b1100 !"
b1100 #"
1'
#13970000
0'
#13980000
b1100 A
b1100 O
b1100 Y
b1100 P
b1 8
b1 E
b1 x
b1101 -
b1101 z
b1101 ~
b1101 |
b110 `
b1 =
b1 b
b1 k
b1 v
b0 ("
b101000100000001 0
b101000100000001 s
b101000100000001 $"
b1101 <
b1101 {
b1101 !"
b1101 #"
b110000000100001 1
b110000000100001 a
b110000000100001 t
1'
#13990000
0'
#14000000
b101 `
b1110 -
b1110 z
b1110 ~
b1110 |
b0 ("
b101000100000001 1
b101000100000001 a
b101000100000001 t
b110000000100010 0
b110000000100010 s
b110000000100010 $"
b1110 <
b1110 {
b1110 !"
b1110 #"
1'
#14010000
0'
#14020000
b1011 A
b1011 O
b1011 Y
b1011 P
b10 8
b10 E
b10 x
b1111 -
b1111 z
b1111 ~
b1111 |
b110 `
b10 =
b10 b
b10 k
b10 v
b0 ("
b101000100001001 0
b101000100001001 s
b101000100001001 $"
b1111 <
b1111 {
b1111 !"
b1111 #"
b110000000100010 1
b110000000100010 a
b110000000100010 t
1'
#14030000
0'
#14040000
b101 `
b10000 -
b10000 z
b10000 ~
b10000 |
b0 ("
b101000100001001 1
b101000100001001 a
b101000100001001 t
b110000000100011 0
b110000000100011 s
b110000000100011 $"
b10000 <
b10000 {
b10000 !"
b10000 #"
1'
#14050000
0'
#14060000
b1010 A
b1010 O
b1010 Y
b1010 P
b11 8
b11 E
b11 x
b10001 -
b10001 z
b10001 ~
b10001 |
b110 `
b11 =
b11 b
b11 k
b11 v
b0 ("
b101000100010001 0
b101000100010001 s
b101000100010001 $"
b10001 <
b10001 {
b10001 !"
b10001 #"
b110000000100011 1
b110000000100011 a
b110000000100011 t
1'
#14070000
0'
#14080000
b101 `
b10010 -
b10010 z
b10010 ~
b10010 |
b0 ("
b101000100010001 1
b101000100010001 a
b101000100010001 t
b110000000100100 0
b110000000100100 s
b110000000100100 $"
b10010 <
b10010 {
b10010 !"
b10010 #"
1'
#14090000
0'
#14100000
b1001 A
b1001 O
b1001 Y
b1001 P
b100 8
b100 E
b100 x
b10011 -
b10011 z
b10011 ~
b10011 |
b110 `
b100 =
b100 b
b100 k
b100 v
b0 ("
b101000100011001 0
b101000100011001 s
b101000100011001 $"
b10011 <
b10011 {
b10011 !"
b10011 #"
b110000000100100 1
b110000000100100 a
b110000000100100 t
1'
#14110000
0'
#14120000
b101 `
b10100 -
b10100 z
b10100 ~
b10100 |
b0 ("
b101000100011001 1
b101000100011001 a
b101000100011001 t
b110000000100101 0
b110000000100101 s
b110000000100101 $"
b10100 <
b10100 {
b10100 !"
b10100 #"
1'
#14130000
0'
#14140000
b1000 A
b1000 O
b1000 Y
b1000 P
b101 8
b101 E
b101 x
b10101 -
b10101 z
b10101 ~
b10101 |
b110 `
b101 =
b101 b
b101 k
b101 v
b0 ("
b101000100100001 0
b101000100100001 s
b101000100100001 $"
b10101 <
b10101 {
b10101 !"
b10101 #"
b110000000100101 1
b110000000100101 a
b110000000100101 t
1'
#14150000
0'
#14160000
b101 `
b10110 -
b10110 z
b10110 ~
b10110 |
b0 ("
b101000100100001 1
b101000100100001 a
b101000100100001 t
b110000000100110 0
b110000000100110 s
b110000000100110 $"
b10110 <
b10110 {
b10110 !"
b10110 #"
1'
#14170000
0'
#14180000
b111 A
b111 O
b111 Y
b111 P
b110 8
b110 E
b110 x
b10111 -
b10111 z
b10111 ~
b10111 |
b110 `
b110 =
b110 b
b110 k
b110 v
b0 ("
b101000100101001 0
b101000100101001 s
b101000100101001 $"
b10111 <
b10111 {
b10111 !"
b10111 #"
b110000000100110 1
b110000000100110 a
b110000000100110 t
1'
#14190000
0'
#14200000
b101 `
b11000 -
b11000 z
b11000 ~
b11000 |
b0 ("
b101000100101001 1
b101000100101001 a
b101000100101001 t
b110000000100111 0
b110000000100111 s
b110000000100111 $"
b11000 <
b11000 {
b11000 !"
b11000 #"
1'
#14210000
0'
#14220000
b110 A
b110 O
b110 Y
b110 P
b111 8
b111 E
b111 x
b11001 -
b11001 z
b11001 ~
b11001 |
b110 `
b111 =
b111 b
b111 k
b111 v
b0 ("
b101000100110001 0
b101000100110001 s
b101000100110001 $"
b11001 <
b11001 {
b11001 !"
b11001 #"
b110000000100111 1
b110000000100111 a
b110000000100111 t
1'
#14230000
0'
#14240000
b101 `
b11010 -
b11010 z
b11010 ~
b11010 |
b0 ("
b101000100110001 1
b101000100110001 a
b101000100110001 t
b110000000101000 0
b110000000101000 s
b110000000101000 $"
b11010 <
b11010 {
b11010 !"
b11010 #"
1'
#14250000
0'
#14260000
b101 A
b101 O
b101 Y
b101 P
b1000 8
b1000 E
b1000 x
b11011 -
b11011 z
b11011 ~
b11011 |
b110 `
b1000 =
b1000 b
b1000 k
b1000 v
b0 ("
b101000100111001 0
b101000100111001 s
b101000100111001 $"
b11011 <
b11011 {
b11011 !"
b11011 #"
b110000000101000 1
b110000000101000 a
b110000000101000 t
1'
#14270000
0'
#14280000
b101 `
b11100 -
b11100 z
b11100 ~
b11100 |
b0 ("
b101000100111001 1
b101000100111001 a
b101000100111001 t
b110000000101001 0
b110000000101001 s
b110000000101001 $"
b11100 <
b11100 {
b11100 !"
b11100 #"
1'
#14290000
0'
#14300000
b100 A
b100 O
b100 Y
b100 P
b1001 8
b1001 E
b1001 x
b11101 -
b11101 z
b11101 ~
b11101 |
b110 `
b1001 =
b1001 b
b1001 k
b1001 v
b0 ("
b101000101000001 0
b101000101000001 s
b101000101000001 $"
b11101 <
b11101 {
b11101 !"
b11101 #"
b110000000101001 1
b110000000101001 a
b110000000101001 t
1'
#14310000
0'
#14320000
b101 `
b11110 -
b11110 z
b11110 ~
b11110 |
b0 ("
b101000101000001 1
b101000101000001 a
b101000101000001 t
b110000000101010 0
b110000000101010 s
b110000000101010 $"
b11110 <
b11110 {
b11110 !"
b11110 #"
1'
#14330000
0'
#14340000
b11 A
b11 O
b11 Y
b11 P
b1010 8
b1010 E
b1010 x
b11111 -
b11111 z
b11111 ~
b11111 |
b110 `
b1010 =
b1010 b
b1010 k
b1010 v
b0 ("
b101000101001001 0
b101000101001001 s
b101000101001001 $"
b11111 <
b11111 {
b11111 !"
b11111 #"
b110000000101010 1
b110000000101010 a
b110000000101010 t
1'
#14350000
0'
#14360000
b101 `
b100000 -
b100000 z
b100000 ~
b100000 |
b0 ("
b101000101001001 1
b101000101001001 a
b101000101001001 t
b110000000101011 0
b110000000101011 s
b110000000101011 $"
b100000 <
b100000 {
b100000 !"
b100000 #"
1'
#14370000
0'
#14380000
b10 A
b10 O
b10 Y
b10 P
b1011 8
b1011 E
b1011 x
b100001 -
b100001 z
b100001 ~
b100001 |
b110 `
b1011 =
b1011 b
b1011 k
b1011 v
b0 ("
b101000101010001 0
b101000101010001 s
b101000101010001 $"
b100001 <
b100001 {
b100001 !"
b100001 #"
b110000000101011 1
b110000000101011 a
b110000000101011 t
1'
#14390000
0'
#14400000
b101 `
b100010 -
b100010 z
b100010 ~
b100010 |
b0 ("
b101000101010001 1
b101000101010001 a
b101000101010001 t
b110000000101100 0
b110000000101100 s
b110000000101100 $"
b100010 <
b100010 {
b100010 !"
b100010 #"
1'
#14410000
0'
#14420000
b1 A
b1 O
b1 Y
b1 P
b1100 8
b1100 E
b1100 x
b100011 -
b100011 z
b100011 ~
b100011 |
b110 `
b1100 =
b1100 b
b1100 k
b1100 v
b0 ("
b101000101011001 0
b101000101011001 s
b101000101011001 $"
b100011 <
b100011 {
b100011 !"
b100011 #"
b110000000101100 1
b110000000101100 a
b110000000101100 t
1'
#14430000
0'
#14440000
b101 `
b100100 -
b100100 z
b100100 ~
b100100 |
b0 ("
b101000101011001 1
b101000101011001 a
b101000101011001 t
b110000000101101 0
b110000000101101 s
b110000000101101 $"
b100100 <
b100100 {
b100100 !"
b100100 #"
1'
#14450000
0'
#14460000
15
b0 A
b0 O
b0 Y
b0 P
b1101 8
b1101 E
b1101 x
b100101 -
b100101 z
b100101 ~
b100101 |
b110 `
b1101 =
b1101 b
b1101 k
b1101 v
b0 ("
b101000101100001 0
b101000101100001 s
b101000101100001 $"
b100101 <
b100101 {
b100101 !"
b100101 #"
b110000000101101 1
b110000000101101 a
b110000000101101 t
1'
#14470000
0'
#14480000
b10001 8
b10001 E
b10001 x
05
b10001 A
b10001 O
b10001 Y
b10001 P
bx :
bx F
bx W
b0 4
b0 [
b0 ]
b0 m
b10001 =
b10001 b
b10001 k
b10001 v
b101100 /
b101100 _
b101100 y
b101100 p
b0 >
b0 G
b0 \
b0 j
02
0o
1.
1q
16
b101 `
b1010010 -
b1010010 z
b1010010 ~
b1010010 |
b10 ("
b101000101100001 1
b101000101100001 a
b101000101100001 t
b110000000101110 0
b110000000101110 s
b110000000101110 $"
b100110 <
b100110 {
b100110 !"
b100110 #"
1'
#14490000
0'
#14500000
06
b1111110 -
b1111110 z
b1111110 ~
b1111110 |
b0 ("
1""
b1001010100001110 0
b1001010100001110 s
b1001010100001110 $"
b1010010 <
b1010010 {
b1010010 !"
b1010010 #"
1u
1'
#14510000
0'
#14520000
b1011110 A
b1011110 O
b1011110 Y
b1011110 P
b1011110 8
b1011110 E
b1011110 x
b1001 `
b111001 :
b111001 F
b111001 W
b10000 4
b10000 [
b10000 ]
b10000 m
b1011110 =
b1011110 b
b1011110 k
b1011110 v
b0 /
b0 _
b0 y
b0 p
12
1o
0.
0q
1,
1r
b1010011 -
b1010011 z
b1010011 ~
b1010011 |
b0 ("
0u
b1001010100001110 1
b1001010100001110 a
b1001010100001110 t
0""
b1100000100001011 0
b1100000100001011 s
b1100000100001011 $"
b1010011 <
b1010011 {
b1010011 !"
b1010011 #"
1'
#14530000
0'
#14540000
b1010100 -
b1010100 z
b1010100 ~
b1010100 |
b1100 `
b1011110 9
b1011110 X
b1011110 w
b10000 3
b10000 Z
b10000 ^
b10000 n
b101011 4
b101011 [
b101011 ]
b101011 m
b11011 =
b11011 b
b11011 k
b11011 v
17
b0 ("
b1011110 %"
b111001 :
b111001 F
b111001 W
b111000000000001 0
b111000000000001 s
b111000000000001 $"
b1010100 <
b1010100 {
b1010100 !"
b1010100 #"
b1100000100001011 1
b1100000100001011 a
b1100000100001011 t
1'
#14550000
0'
#14560000
b1 A
b1 O
b1 Y
b1 P
b1 8
b1 E
b1 x
b111 `
bx 9
bx X
bx w
b0 3
b0 Z
b0 ^
b0 n
b0 4
b0 [
b0 ]
b0 m
b1 =
b1 b
b1 k
b1 v
b1 /
b1 _
b1 y
b1 p
02
0o
1;
1l
1.
1q
0,
0r
07
b1 -
b1 z
b1 ~
b1 |
b0 ("
bx :
bx F
bx W
b1011110 !
b1011110 B
b1011110 V
b111000000000001 1
b111000000000001 a
b111000000000001 t
b1001011100001001 0
b1001011100001001 s
b1001011100001001 $"
b1010101 <
b1010101 {
b1010101 !"
b1010101 #"
1'
#14570000
0'
#14580000
b0 ("
1""
b1000000101000110 0
b1000000101000110 s
b1000000101000110 $"
b1 <
b1 {
b1 !"
b1 #"
1u
1'
#14590000
0'
#14600000
b1 -
b1 z
b1 ~
b1 |
b1000 `
b1 9
b1 X
b1 w
b100110 3
b100110 Z
b100110 ^
b100110 n
b1 :
b1 F
b1 W
b10100 4
b10100 [
b10100 ]
b10100 m
b10110 =
b10110 b
b10110 k
b10110 v
b1000110 /
b1000110 _
b1000110 y
b1000110 p
12
1o
0;
0l
0.
0q
1,
1r
17
b0 ("
0u
b1000000101000110 1
b1000000101000110 a
b1000000101000110 t
0""
b100000001000001 0
b100000001000001 s
b100000001000001 $"
b10 <
b10 {
b10 !"
b10 #"
1'
#14610000
0'
#14620000
b11 -
b11 z
b11 ~
b11 |
b100 `
bx 9
bx X
bx w
b0 3
b0 Z
b0 ^
b0 n
b1 =
b1 b
b1 k
b1 v
b0 /
b0 _
b0 y
b0 p
b10 >
b10 G
b10 \
b10 j
07
b0 ("
b110000001000000 0
b110000001000000 s
b110000001000000 $"
b11 <
b11 {
b11 !"
b11 #"
b100000001000001 1
b100000001000001 a
b100000001000001 t
1'
#14630000
0'
#14640000
b0 8
b0 E
b0 x
05
b1 A
b1 O
b1 Y
b1 P
b110 `
b0 =
b0 b
b0 k
b0 v
b11 >
b11 G
b11 \
b11 j
0,
0r
b100 -
b100 z
b100 ~
b100 |
b0 ("
b110000001000000 1
b110000001000000 a
b110000001000000 t
b101000000001001 0
b101000000001001 s
b101000000001001 $"
b100 <
b100 {
b100 !"
b100 #"
1'
#14650000
0'
#14660000
b101 -
b101 z
b101 ~
b101 |
b101 `
b0 ("
b111000000001000 0
b111000000001000 s
b111000000001000 $"
b101 <
b101 {
b101 !"
b101 #"
b101000000001001 1
b101000000001001 a
b101000000001001 t
1'
#14670000
0'
#14680000
b1000 8
b1000 E
b1000 x
05
b1000 A
b1000 O
b1000 Y
b1000 P
b111 `
bx :
bx F
bx W
b0 4
b0 [
b0 ]
b0 m
b1000 =
b1000 b
b1000 k
b1000 v
b1000 /
b1000 _
b1000 y
b1000 p
b0 >
b0 G
b0 \
b0 j
02
0o
1;
1l
1.
1q
b1000 -
b1000 z
b1000 ~
b1000 |
b0 ("
b111000000001000 1
b111000000001000 a
b111000000001000 t
b1100000101011011 0
b1100000101011011 s
b1100000101011011 $"
b110 <
b110 {
b110 !"
b110 #"
1'
#14690000
0'
#14700000
b0 ("
1""
b1000000100100011 0
b1000000100100011 s
b1000000100100011 $"
b1000 <
b1000 {
b1000 !"
b1000 #"
1u
1'
#14710000
0'
#14720000
b1101 A
b1101 O
b1101 Y
b1101 P
b1000 -
b1000 z
b1000 ~
b1000 |
b1101 8
b1101 E
b1101 x
b1000 `
b1101 9
b1101 X
b1101 w
b100011 3
b100011 Z
b100011 ^
b100011 n
b1101 :
b1101 F
b1101 W
b10010 4
b10010 [
b10010 ]
b10010 m
b10011 =
b10011 b
b10011 k
b10011 v
b100011 /
b100011 _
b100011 y
b100011 p
12
1o
0;
0l
0.
0q
1,
1r
17
b0 ("
0u
b1000000100100011 1
b1000000100100011 a
b1000000100100011 t
0""
b100000000101111 0
b100000000101111 s
b100000000101111 $"
b1001 <
b1001 {
b1001 !"
b1001 #"
1'
#14730000
0'
#14740000
b1111 8
b1111 E
b1111 x
b1010 -
b1010 z
b1010 ~
b1010 |
b100 `
bx 9
bx X
bx w
b0 3
b0 Z
b0 ^
b0 n
b1111 =
b1111 b
b1111 k
b1111 v
b0 /
b0 _
b0 y
b0 p
b10 >
b10 G
b10 \
b10 j
07
b0 ("
b1101 '"
b110000000100000 0
b110000000100000 s
b110000000100000 $"
b1010 <
b1010 {
b1010 !"
b1010 #"
b100000000101111 1
b100000000101111 a
b100000000101111 t
1'
#14750000
0'
#14760000
b0 8
b0 E
b0 x
0?
b1101 A
b1101 O
b1101 Y
b1101 P
b110 `
b0 =
b0 b
b0 k
b0 v
b11 >
b11 G
b11 \
b11 j
0,
0r
b1011 -
b1011 z
b1011 ~
b1011 |
b0 ("
b1101 '"
b110000000100000 1
b110000000100000 a
b110000000100000 t
b101000011111001 0
b101000011111001 s
b101000011111001 $"
b1011 <
b1011 {
b1011 !"
b1011 #"
1'
#14770000
0'
#14780000
b1100 -
b1100 z
b1100 ~
b1100 |
b101 `
b0 ("
b110000000100001 0
b110000000100001 s
b110000000100001 $"
b1100 <
b1100 {
b1100 !"
b1100 #"
b101000011111001 1
b101000011111001 a
b101000011111001 t
1'
#14790000
0'
#14800000
b1100 A
b1100 O
b1100 Y
b1100 P
b1 8
b1 E
b1 x
b110 `
b1 =
b1 b
b1 k
b1 v
b1101 -
b1101 z
b1101 ~
b1101 |
b0 ("
b110000000100001 1
b110000000100001 a
b110000000100001 t
b101000100000001 0
b101000100000001 s
b101000100000001 $"
b1101 <
b1101 {
b1101 !"
b1101 #"
1'
#14810000
0'
#14820000
b1110 -
b1110 z
b1110 ~
b1110 |
b101 `
b0 ("
b110000000100010 0
b110000000100010 s
b110000000100010 $"
b1110 <
b1110 {
b1110 !"
b1110 #"
b101000100000001 1
b101000100000001 a
b101000100000001 t
1'
#14830000
0'
#14840000
b1011 A
b1011 O
b1011 Y
b1011 P
b10 8
b10 E
b10 x
b110 `
b10 =
b10 b
b10 k
b10 v
b1111 -
b1111 z
b1111 ~
b1111 |
b0 ("
b110000000100010 1
b110000000100010 a
b110000000100010 t
b101000100001001 0
b101000100001001 s
b101000100001001 $"
b1111 <
b1111 {
b1111 !"
b1111 #"
1'
#14850000
0'
#14860000
b10000 -
b10000 z
b10000 ~
b10000 |
b101 `
b0 ("
b110000000100011 0
b110000000100011 s
b110000000100011 $"
b10000 <
b10000 {
b10000 !"
b10000 #"
b101000100001001 1
b101000100001001 a
b101000100001001 t
1'
#14870000
0'
#14880000
b1010 A
b1010 O
b1010 Y
b1010 P
b11 8
b11 E
b11 x
b110 `
b11 =
b11 b
b11 k
b11 v
b10001 -
b10001 z
b10001 ~
b10001 |
b0 ("
b110000000100011 1
b110000000100011 a
b110000000100011 t
b101000100010001 0
b101000100010001 s
b101000100010001 $"
b10001 <
b10001 {
b10001 !"
b10001 #"
1'
#14890000
0'
#14900000
b10010 -
b10010 z
b10010 ~
b10010 |
b101 `
b0 ("
b110000000100100 0
b110000000100100 s
b110000000100100 $"
b10010 <
b10010 {
b10010 !"
b10010 #"
b101000100010001 1
b101000100010001 a
b101000100010001 t
1'
#14910000
0'
#14920000
b1001 A
b1001 O
b1001 Y
b1001 P
b100 8
b100 E
b100 x
b110 `
b100 =
b100 b
b100 k
b100 v
b10011 -
b10011 z
b10011 ~
b10011 |
b0 ("
b110000000100100 1
b110000000100100 a
b110000000100100 t
b101000100011001 0
b101000100011001 s
b101000100011001 $"
b10011 <
b10011 {
b10011 !"
b10011 #"
1'
#14930000
0'
#14940000
b10100 -
b10100 z
b10100 ~
b10100 |
b101 `
b0 ("
b110000000100101 0
b110000000100101 s
b110000000100101 $"
b10100 <
b10100 {
b10100 !"
b10100 #"
b101000100011001 1
b101000100011001 a
b101000100011001 t
1'
#14950000
0'
#14960000
b1000 A
b1000 O
b1000 Y
b1000 P
b101 8
b101 E
b101 x
b110 `
b101 =
b101 b
b101 k
b101 v
b10101 -
b10101 z
b10101 ~
b10101 |
b0 ("
b110000000100101 1
b110000000100101 a
b110000000100101 t
b101000100100001 0
b101000100100001 s
b101000100100001 $"
b10101 <
b10101 {
b10101 !"
b10101 #"
1'
#14970000
0'
#14980000
b10110 -
b10110 z
b10110 ~
b10110 |
b101 `
b0 ("
b110000000100110 0
b110000000100110 s
b110000000100110 $"
b10110 <
b10110 {
b10110 !"
b10110 #"
b101000100100001 1
b101000100100001 a
b101000100100001 t
1'
#14990000
0'
#15000000
b111 A
b111 O
b111 Y
b111 P
b110 8
b110 E
b110 x
b110 `
b110 =
b110 b
b110 k
b110 v
b10111 -
b10111 z
b10111 ~
b10111 |
b0 ("
b110000000100110 1
b110000000100110 a
b110000000100110 t
b101000100101001 0
b101000100101001 s
b101000100101001 $"
b10111 <
b10111 {
b10111 !"
b10111 #"
1'
#15010000
0'
#15020000
b11000 -
b11000 z
b11000 ~
b11000 |
b101 `
b0 ("
b110000000100111 0
b110000000100111 s
b110000000100111 $"
b11000 <
b11000 {
b11000 !"
b11000 #"
b101000100101001 1
b101000100101001 a
b101000100101001 t
1'
#15030000
0'
#15040000
b110 A
b110 O
b110 Y
b110 P
b111 8
b111 E
b111 x
b110 `
b111 =
b111 b
b111 k
b111 v
b11001 -
b11001 z
b11001 ~
b11001 |
b0 ("
b110000000100111 1
b110000000100111 a
b110000000100111 t
b101000100110001 0
b101000100110001 s
b101000100110001 $"
b11001 <
b11001 {
b11001 !"
b11001 #"
1'
#15050000
0'
#15060000
b11010 -
b11010 z
b11010 ~
b11010 |
b101 `
b0 ("
b110000000101000 0
b110000000101000 s
b110000000101000 $"
b11010 <
b11010 {
b11010 !"
b11010 #"
b101000100110001 1
b101000100110001 a
b101000100110001 t
1'
#15070000
0'
#15080000
b101 A
b101 O
b101 Y
b101 P
b1000 8
b1000 E
b1000 x
b110 `
b1000 =
b1000 b
b1000 k
b1000 v
b11011 -
b11011 z
b11011 ~
b11011 |
b0 ("
b110000000101000 1
b110000000101000 a
b110000000101000 t
b101000100111001 0
b101000100111001 s
b101000100111001 $"
b11011 <
b11011 {
b11011 !"
b11011 #"
1'
#15090000
0'
#15100000
b11100 -
b11100 z
b11100 ~
b11100 |
b101 `
b0 ("
b110000000101001 0
b110000000101001 s
b110000000101001 $"
b11100 <
b11100 {
b11100 !"
b11100 #"
b101000100111001 1
b101000100111001 a
b101000100111001 t
1'
#15110000
0'
#15120000
b100 A
b100 O
b100 Y
b100 P
b1001 8
b1001 E
b1001 x
b110 `
b1001 =
b1001 b
b1001 k
b1001 v
b11101 -
b11101 z
b11101 ~
b11101 |
b0 ("
b110000000101001 1
b110000000101001 a
b110000000101001 t
b101000101000001 0
b101000101000001 s
b101000101000001 $"
b11101 <
b11101 {
b11101 !"
b11101 #"
1'
#15130000
0'
#15140000
b11110 -
b11110 z
b11110 ~
b11110 |
b101 `
b0 ("
b110000000101010 0
b110000000101010 s
b110000000101010 $"
b11110 <
b11110 {
b11110 !"
b11110 #"
b101000101000001 1
b101000101000001 a
b101000101000001 t
1'
#15150000
0'
#15160000
b11 A
b11 O
b11 Y
b11 P
b1010 8
b1010 E
b1010 x
b110 `
b1010 =
b1010 b
b1010 k
b1010 v
b11111 -
b11111 z
b11111 ~
b11111 |
b0 ("
b110000000101010 1
b110000000101010 a
b110000000101010 t
b101000101001001 0
b101000101001001 s
b101000101001001 $"
b11111 <
b11111 {
b11111 !"
b11111 #"
1'
#15170000
0'
#15180000
b100000 -
b100000 z
b100000 ~
b100000 |
b101 `
b0 ("
b110000000101011 0
b110000000101011 s
b110000000101011 $"
b100000 <
b100000 {
b100000 !"
b100000 #"
b101000101001001 1
b101000101001001 a
b101000101001001 t
1'
#15190000
0'
#15200000
b10 A
b10 O
b10 Y
b10 P
b1011 8
b1011 E
b1011 x
b110 `
b1011 =
b1011 b
b1011 k
b1011 v
b100001 -
b100001 z
b100001 ~
b100001 |
b0 ("
b110000000101011 1
b110000000101011 a
b110000000101011 t
b101000101010001 0
b101000101010001 s
b101000101010001 $"
b100001 <
b100001 {
b100001 !"
b100001 #"
1'
#15205000
b0 %
b0 *
b0 R
#15210000
0'
#15220000
b100010 -
b100010 z
b100010 ~
b100010 |
b101 `
b0 ("
b110000000101100 0
b110000000101100 s
b110000000101100 $"
b100010 <
b100010 {
b100010 !"
b100010 #"
b101000101010001 1
b101000101010001 a
b101000101010001 t
1'
#15230000
0'
#15240000
b1 A
b1 O
b1 Y
b1 P
b1100 8
b1100 E
b1100 x
b110 `
b1100 =
b1100 b
b1100 k
b1100 v
b100011 -
b100011 z
b100011 ~
b100011 |
b0 ("
b110000000101100 1
b110000000101100 a
b110000000101100 t
b101000101011001 0
b101000101011001 s
b101000101011001 $"
b100011 <
b100011 {
b100011 !"
b100011 #"
1'
#15250000
0'
#15260000
b100100 -
b100100 z
b100100 ~
b100100 |
b101 `
b0 ("
b110000000101101 0
b110000000101101 s
b110000000101101 $"
b100100 <
b100100 {
b100100 !"
b100100 #"
b101000101011001 1
b101000101011001 a
b101000101011001 t
1'
#15270000
0'
#15280000
15
b0 A
b0 O
b0 Y
b0 P
b1101 8
b1101 E
b1101 x
b110 `
b1101 =
b1101 b
b1101 k
b1101 v
b100101 -
b100101 z
b100101 ~
b100101 |
b0 ("
b110000000101101 1
b110000000101101 a
b110000000101101 t
b101000101100001 0
b101000101100001 s
b101000101100001 $"
b100101 <
b100101 {
b100101 !"
b100101 #"
1'
#15290000
0'
#15300000
b10001 8
b10001 E
b10001 x
05
b10001 A
b10001 O
b10001 Y
b10001 P
bx :
bx F
bx W
b0 4
b0 [
b0 ]
b0 m
b10001 =
b10001 b
b10001 k
b10001 v
b101100 /
b101100 _
b101100 y
b101100 p
b0 >
b0 G
b0 \
b0 j
02
0o
1.
1q
16
b1010010 -
b1010010 z
b1010010 ~
b1010010 |
b101 `
b10 ("
b110000000101110 0
b110000000101110 s
b110000000101110 $"
b100110 <
b100110 {
b100110 !"
b100110 #"
b101000101100001 1
b101000101100001 a
b101000101100001 t
1'
#15310000
0'
#15320000
06
b1111110 -
b1111110 z
b1111110 ~
b1111110 |
b0 ("
1u
1""
b1001010100001110 0
b1001010100001110 s
b1001010100001110 $"
b1010010 <
b1010010 {
b1010010 !"
b1010010 #"
1'
#15330000
0'
#15340000
b1011110 A
b1011110 O
b1011110 Y
b1011110 P
b1011110 8
b1011110 E
b1011110 x
b1010011 -
b1010011 z
b1010011 ~
b1010011 |
b1001 `
b1011110 :
b1011110 F
b1011110 W
b10000 4
b10000 [
b10000 ]
b10000 m
b1011110 =
b1011110 b
b1011110 k
b1011110 v
b0 /
b0 _
b0 y
b0 p
12
1o
0.
0q
1,
1r
b0 ("
0""
b1100000100001011 0
b1100000100001011 s
b1100000100001011 $"
b1010011 <
b1010011 {
b1010011 !"
b1010011 #"
0u
b1001010100001110 1
b1001010100001110 a
b1001010100001110 t
1'
#15350000
0'
#15360000
b1100 `
b1011110 9
b1011110 X
b1011110 w
b10000 3
b10000 Z
b10000 ^
b10000 n
b101011 4
b101011 [
b101011 ]
b101011 m
b11011 =
b11011 b
b11011 k
b11011 v
17
b1010100 -
b1010100 z
b1010100 ~
b1010100 |
b0 ("
b1011110 %"
b1100000100001011 1
b1100000100001011 a
b1100000100001011 t
b111000000000001 0
b111000000000001 s
b111000000000001 $"
b1010100 <
b1010100 {
b1010100 !"
b1010100 #"
1'
#15370000
0'
#15380000
b1 -
b1 z
b1 ~
b1 |
b1 A
b1 O
b1 Y
b1 P
b1 8
b1 E
b1 x
b111 `
bx 9
bx X
bx w
b0 3
b0 Z
b0 ^
b0 n
bx :
bx F
bx W
b0 4
b0 [
b0 ]
b0 m
b1 =
b1 b
b1 k
b1 v
b1 /
b1 _
b1 y
b1 p
02
0o
1;
1l
1.
1q
0,
0r
07
b0 ("
b1001011100001001 0
b1001011100001001 s
b1001011100001001 $"
b1010101 <
b1010101 {
b1010101 !"
b1010101 #"
b111000000000001 1
b111000000000001 a
b111000000000001 t
1'
#15390000
0'
#15400000
b0 ("
1u
1""
b1000000101000110 0
b1000000101000110 s
b1000000101000110 $"
b1 <
b1 {
b1 !"
b1 #"
1'
#15410000
0'
#15420000
15
b0 A
b0 O
b0 Y
b0 P
b0 8
b0 E
b0 x
b1001000 -
b1001000 z
b1001000 ~
b1001000 |
b1000 `
b0 9
b0 X
b0 w
b100110 3
b100110 Z
b100110 ^
b100110 n
b1 :
b1 F
b1 W
b10100 4
b10100 [
b10100 ]
b10100 m
b10110 =
b10110 b
b10110 k
b10110 v
b1000110 /
b1000110 _
b1000110 y
b1000110 p
12
1o
0;
0l
0.
0q
1,
1r
17
b0 ("
0""
b100000001000001 0
b100000001000001 s
b100000001000001 $"
b10 <
b10 {
b10 !"
b10 #"
0u
b1000000101000110 1
b1000000101000110 a
b1000000101000110 t
1'
#15430000
0'
#15440000
b1 8
b1 E
b1 x
16
b100 `
bx 9
bx X
bx w
b0 3
b0 Z
b0 ^
b0 n
b1 =
b1 b
b1 k
b1 v
b0 /
b0 _
b0 y
b0 p
b10 >
b10 G
b10 \
b10 j
07
b11 -
b11 z
b11 ~
b11 |
b10 ("
b0 :
b0 F
b0 W
b100000001000001 1
b100000001000001 a
b100000001000001 t
b110000001000000 0
b110000001000000 s
b110000001000000 $"
b11 <
b11 {
b11 !"
b11 #"
1'
#15450000
0'
#15460000
b0 8
b0 E
b0 x
0?
15
b0 A
b0 O
b0 Y
b0 P
b100 -
b100 z
b100 ~
b100 |
b110 `
b0 =
b0 b
b0 k
b0 v
b11 >
b11 G
b11 \
b11 j
0,
0r
b10 ("
b101000000001001 0
b101000000001001 s
b101000000001001 $"
b100 <
b100 {
b100 !"
b100 #"
b110000001000000 1
b110000001000000 a
b110000001000000 t
1'
#15470000
0'
#15480000
05
b1001 A
b1001 O
b1001 Y
b1001 P
b1001 8
b1001 E
b1001 x
b101 `
bx :
bx F
bx W
b0 4
b0 [
b0 ]
b0 m
b1001 =
b1001 b
b1001 k
b1001 v
b1 /
b1 _
b1 y
b1 p
b0 >
b0 G
b0 \
b0 j
02
0o
1.
1q
b110 -
b110 z
b110 ~
b110 |
b10 ("
b101000000001001 1
b101000000001001 a
b101000000001001 t
b111000000001000 0
b111000000001000 s
b111000000001000 $"
b101 <
b101 {
b101 !"
b101 #"
1'
#15490000
0'
#15500000
06
b111 -
b111 z
b111 ~
b111 |
b0 ("
1""
b1100000101011011 0
b1100000101011011 s
b1100000101011011 $"
b110 <
b110 {
b110 !"
b110 #"
1u
1'
#15510000
0'
#15520000
15
b0 A
b0 O
b0 Y
b0 P
b0 8
b0 E
b0 x
b1100 `
b0 9
b0 X
b0 w
b10101 3
b10101 Z
b10101 ^
b10101 n
b1011110 :
b1011110 F
b1011110 W
b101011 4
b101011 [
b101011 ]
b101011 m
b11011 =
b11011 b
b11011 k
b11011 v
b0 /
b0 _
b0 y
b0 p
12
1o
0.
0q
1,
1r
17
b111 -
b111 z
b111 ~
b111 |
b0 ("
0u
b1100000101011011 1
b1100000101011011 a
b1100000101011011 t
0""
b111000000000001 0
b111000000000001 s
b111000000000001 $"
b111 <
b111 {
b111 !"
b111 #"
1'
#15530000
0'
#15540000
b1 -
b1 z
b1 ~
b1 |
05
b1 A
b1 O
b1 Y
b1 P
b1 8
b1 E
b1 x
16
b111 `
bx 9
bx X
bx w
b0 3
b0 Z
b0 ^
b0 n
b0 4
b0 [
b0 ]
b0 m
b1 =
b1 b
b1 k
b1 v
b1 /
b1 _
b1 y
b1 p
02
0o
1;
1l
1.
1q
0,
0r
07
b10 ("
bx :
bx F
bx W
b0 !
b0 B
b0 V
b1000000100100011 0
b1000000100100011 s
b1000000100100011 $"
b1000 <
b1000 {
b1000 !"
b1000 #"
b111000000000001 1
b111000000000001 a
b111000000000001 t
1'
#15550000
0'
#15560000
06
b0 ("
1u
1""
b1000000101000110 0
b1000000101000110 s
b1000000101000110 $"
b1 <
b1 {
b1 !"
b1 #"
1'
#15570000
0'
#15580000
15
b0 A
b0 O
b0 Y
b0 P
b0 8
b0 E
b0 x
b1001000 -
b1001000 z
b1001000 ~
b1001000 |
b1000 `
b0 9
b0 X
b0 w
b100110 3
b100110 Z
b100110 ^
b100110 n
b0 :
b0 F
b0 W
b10100 4
b10100 [
b10100 ]
b10100 m
b10110 =
b10110 b
b10110 k
b10110 v
b1000110 /
b1000110 _
b1000110 y
b1000110 p
12
1o
0;
0l
0.
0q
1,
1r
17
b0 ("
0""
b100000001000001 0
b100000001000001 s
b100000001000001 $"
b10 <
b10 {
b10 !"
b10 #"
0u
b1000000101000110 1
b1000000101000110 a
b1000000101000110 t
1'
#15590000
0'
#15600000
b1 8
b1 E
b1 x
16
b100 `
bx 9
bx X
bx w
b0 3
b0 Z
b0 ^
b0 n
b1 =
b1 b
b1 k
b1 v
b0 /
b0 _
b0 y
b0 p
b10 >
b10 G
b10 \
b10 j
07
b11 -
b11 z
b11 ~
b11 |
b10 ("
b100000001000001 1
b100000001000001 a
b100000001000001 t
b110000001000000 0
b110000001000000 s
b110000001000000 $"
b11 <
b11 {
b11 !"
b11 #"
1'
#15610000
0'
#15620000
b0 8
b0 E
b0 x
0?
15
b0 A
b0 O
b0 Y
b0 P
b100 -
b100 z
b100 ~
b100 |
b110 `
b0 =
b0 b
b0 k
b0 v
b11 >
b11 G
b11 \
b11 j
0,
0r
b10 ("
b101000000001001 0
b101000000001001 s
b101000000001001 $"
b100 <
b100 {
b100 !"
b100 #"
b110000001000000 1
b110000001000000 a
b110000001000000 t
1'
#15630000
0'
#15640000
05
b1001 A
b1001 O
b1001 Y
b1001 P
b1001 8
b1001 E
b1001 x
b101 `
bx :
bx F
bx W
b0 4
b0 [
b0 ]
b0 m
b1001 =
b1001 b
b1001 k
b1001 v
b1 /
b1 _
b1 y
b1 p
b0 >
b0 G
b0 \
b0 j
02
0o
1.
1q
b110 -
b110 z
b110 ~
b110 |
b10 ("
b101000000001001 1
b101000000001001 a
b101000000001001 t
b111000000001000 0
b111000000001000 s
b111000000001000 $"
b101 <
b101 {
b101 !"
b101 #"
1'
#15650000
0'
#15660000
06
b111 -
b111 z
b111 ~
b111 |
b0 ("
1""
b1100000101011011 0
b1100000101011011 s
b1100000101011011 $"
b110 <
b110 {
b110 !"
b110 #"
1u
1'
#15670000
0'
#15680000
15
b0 A
b0 O
b0 Y
b0 P
b0 8
b0 E
b0 x
b1100 `
b0 9
b0 X
b0 w
b10101 3
b10101 Z
b10101 ^
b10101 n
b0 :
b0 F
b0 W
b101011 4
b101011 [
b101011 ]
b101011 m
b11011 =
b11011 b
b11011 k
b11011 v
b0 /
b0 _
b0 y
b0 p
12
1o
0.
0q
1,
1r
17
b111 -
b111 z
b111 ~
b111 |
b0 ("
0u
b1100000101011011 1
b1100000101011011 a
b1100000101011011 t
0""
b111000000000001 0
b111000000000001 s
b111000000000001 $"
b111 <
b111 {
b111 !"
b111 #"
1'
#15690000
0'
#15700000
b1 -
b1 z
b1 ~
b1 |
05
b1 A
b1 O
b1 Y
b1 P
b1 8
b1 E
b1 x
16
b111 `
bx 9
bx X
bx w
b0 3
b0 Z
b0 ^
b0 n
bx :
bx F
bx W
b0 4
b0 [
b0 ]
b0 m
b1 =
b1 b
b1 k
b1 v
b1 /
b1 _
b1 y
b1 p
02
0o
1;
1l
1.
1q
0,
0r
07
b10 ("
b1000000100100011 0
b1000000100100011 s
b1000000100100011 $"
b1000 <
b1000 {
b1000 !"
b1000 #"
b111000000000001 1
b111000000000001 a
b111000000000001 t
1'
#15710000
0'
#15720000
06
b0 ("
1u
1""
b1000000101000110 0
b1000000101000110 s
b1000000101000110 $"
b1 <
b1 {
b1 !"
b1 #"
1'
#15730000
0'
#15740000
15
b0 A
b0 O
b0 Y
b0 P
b0 8
b0 E
b0 x
b1001000 -
b1001000 z
b1001000 ~
b1001000 |
b1000 `
b0 9
b0 X
b0 w
b100110 3
b100110 Z
b100110 ^
b100110 n
b0 :
b0 F
b0 W
b10100 4
b10100 [
b10100 ]
b10100 m
b10110 =
b10110 b
b10110 k
b10110 v
b1000110 /
b1000110 _
b1000110 y
b1000110 p
12
1o
0;
0l
0.
0q
1,
1r
17
b0 ("
0""
b100000001000001 0
b100000001000001 s
b100000001000001 $"
b10 <
b10 {
b10 !"
b10 #"
0u
b1000000101000110 1
b1000000101000110 a
b1000000101000110 t
1'
#15750000
0'
#15760000
b1 8
b1 E
b1 x
16
b100 `
bx 9
bx X
bx w
b0 3
b0 Z
b0 ^
b0 n
b1 =
b1 b
b1 k
b1 v
b0 /
b0 _
b0 y
b0 p
b10 >
b10 G
b10 \
b10 j
07
b11 -
b11 z
b11 ~
b11 |
b10 ("
b100000001000001 1
b100000001000001 a
b100000001000001 t
b110000001000000 0
b110000001000000 s
b110000001000000 $"
b11 <
b11 {
b11 !"
b11 #"
1'
#15770000
0'
#15780000
b0 8
b0 E
b0 x
0?
15
b0 A
b0 O
b0 Y
b0 P
b100 -
b100 z
b100 ~
b100 |
b110 `
b0 =
b0 b
b0 k
b0 v
b11 >
b11 G
b11 \
b11 j
0,
0r
b10 ("
b101000000001001 0
b101000000001001 s
b101000000001001 $"
b100 <
b100 {
b100 !"
b100 #"
b110000001000000 1
b110000001000000 a
b110000001000000 t
1'
#15790000
0'
#15800000
05
b1001 A
b1001 O
b1001 Y
b1001 P
b1001 8
b1001 E
b1001 x
b101 `
bx :
bx F
bx W
b0 4
b0 [
b0 ]
b0 m
b1001 =
b1001 b
b1001 k
b1001 v
b1 /
b1 _
b1 y
b1 p
b0 >
b0 G
b0 \
b0 j
02
0o
1.
1q
b110 -
b110 z
b110 ~
b110 |
b10 ("
b101000000001001 1
b101000000001001 a
b101000000001001 t
b111000000001000 0
b111000000001000 s
b111000000001000 $"
b101 <
b101 {
b101 !"
b101 #"
1'
#15810000
0'
#15820000
06
b111 -
b111 z
b111 ~
b111 |
b0 ("
1""
b1100000101011011 0
b1100000101011011 s
b1100000101011011 $"
b110 <
b110 {
b110 !"
b110 #"
1u
1'
#15830000
0'
#15840000
15
b0 A
b0 O
b0 Y
b0 P
b0 8
b0 E
b0 x
b1100 `
b0 9
b0 X
b0 w
b10101 3
b10101 Z
b10101 ^
b10101 n
b0 :
b0 F
b0 W
b101011 4
b101011 [
b101011 ]
b101011 m
b11011 =
b11011 b
b11011 k
b11011 v
b0 /
b0 _
b0 y
b0 p
12
1o
0.
0q
1,
1r
17
b111 -
b111 z
b111 ~
b111 |
b0 ("
0u
b1100000101011011 1
b1100000101011011 a
b1100000101011011 t
0""
b111000000000001 0
b111000000000001 s
b111000000000001 $"
b111 <
b111 {
b111 !"
b111 #"
1'
#15850000
0'
#15860000
b1 -
b1 z
b1 ~
b1 |
05
b1 A
b1 O
b1 Y
b1 P
b1 8
b1 E
b1 x
16
b111 `
bx 9
bx X
bx w
b0 3
b0 Z
b0 ^
b0 n
bx :
bx F
bx W
b0 4
b0 [
b0 ]
b0 m
b1 =
b1 b
b1 k
b1 v
b1 /
b1 _
b1 y
b1 p
02
0o
1;
1l
1.
1q
0,
0r
07
b10 ("
b1000000100100011 0
b1000000100100011 s
b1000000100100011 $"
b1000 <
b1000 {
b1000 !"
b1000 #"
b111000000000001 1
b111000000000001 a
b111000000000001 t
1'
#15870000
0'
#15880000
06
b0 ("
1u
1""
b1000000101000110 0
b1000000101000110 s
b1000000101000110 $"
b1 <
b1 {
b1 !"
b1 #"
1'
#15890000
0'
#15900000
15
b0 A
b0 O
b0 Y
b0 P
b0 8
b0 E
b0 x
b1001000 -
b1001000 z
b1001000 ~
b1001000 |
b1000 `
b0 9
b0 X
b0 w
b100110 3
b100110 Z
b100110 ^
b100110 n
b0 :
b0 F
b0 W
b10100 4
b10100 [
b10100 ]
b10100 m
b10110 =
b10110 b
b10110 k
b10110 v
b1000110 /
b1000110 _
b1000110 y
b1000110 p
12
1o
0;
0l
0.
0q
1,
1r
17
b0 ("
0""
b100000001000001 0
b100000001000001 s
b100000001000001 $"
b10 <
b10 {
b10 !"
b10 #"
0u
b1000000101000110 1
b1000000101000110 a
b1000000101000110 t
1'
#15910000
0'
#15920000
b1 8
b1 E
b1 x
16
b100 `
bx 9
bx X
bx w
b0 3
b0 Z
b0 ^
b0 n
b1 =
b1 b
b1 k
b1 v
b0 /
b0 _
b0 y
b0 p
b10 >
b10 G
b10 \
b10 j
07
b11 -
b11 z
b11 ~
b11 |
b10 ("
b100000001000001 1
b100000001000001 a
b100000001000001 t
b110000001000000 0
b110000001000000 s
b110000001000000 $"
b11 <
b11 {
b11 !"
b11 #"
1'
#15930000
0'
#15940000
b0 8
b0 E
b0 x
0?
15
b0 A
b0 O
b0 Y
b0 P
b100 -
b100 z
b100 ~
b100 |
b110 `
b0 =
b0 b
b0 k
b0 v
b11 >
b11 G
b11 \
b11 j
0,
0r
b10 ("
b101000000001001 0
b101000000001001 s
b101000000001001 $"
b100 <
b100 {
b100 !"
b100 #"
b110000001000000 1
b110000001000000 a
b110000001000000 t
1'
#15950000
0'
#15960000
05
b1001 A
b1001 O
b1001 Y
b1001 P
b1001 8
b1001 E
b1001 x
b101 `
bx :
bx F
bx W
b0 4
b0 [
b0 ]
b0 m
b1001 =
b1001 b
b1001 k
b1001 v
b1 /
b1 _
b1 y
b1 p
b0 >
b0 G
b0 \
b0 j
02
0o
1.
1q
b110 -
b110 z
b110 ~
b110 |
b10 ("
b101000000001001 1
b101000000001001 a
b101000000001001 t
b111000000001000 0
b111000000001000 s
b111000000001000 $"
b101 <
b101 {
b101 !"
b101 #"
1'
#15970000
0'
#15980000
06
b111 -
b111 z
b111 ~
b111 |
b0 ("
1""
b1100000101011011 0
b1100000101011011 s
b1100000101011011 $"
b110 <
b110 {
b110 !"
b110 #"
1u
1'
#15990000
0'
#16000000
15
b0 A
b0 O
b0 Y
b0 P
b0 8
b0 E
b0 x
b1100 `
b0 9
b0 X
b0 w
b10101 3
b10101 Z
b10101 ^
b10101 n
b0 :
b0 F
b0 W
b101011 4
b101011 [
b101011 ]
b101011 m
b11011 =
b11011 b
b11011 k
b11011 v
b0 /
b0 _
b0 y
b0 p
12
1o
0.
0q
1,
1r
17
b111 -
b111 z
b111 ~
b111 |
b0 ("
0u
b1100000101011011 1
b1100000101011011 a
b1100000101011011 t
0""
b111000000000001 0
b111000000000001 s
b111000000000001 $"
b111 <
b111 {
b111 !"
b111 #"
1'
#16010000
0'
#16020000
b1 -
b1 z
b1 ~
b1 |
05
b1 A
b1 O
b1 Y
b1 P
b1 8
b1 E
b1 x
16
b111 `
bx 9
bx X
bx w
b0 3
b0 Z
b0 ^
b0 n
bx :
bx F
bx W
b0 4
b0 [
b0 ]
b0 m
b1 =
b1 b
b1 k
b1 v
b1 /
b1 _
b1 y
b1 p
02
0o
1;
1l
1.
1q
0,
0r
07
b10 ("
b1000000100100011 0
b1000000100100011 s
b1000000100100011 $"
b1000 <
b1000 {
b1000 !"
b1000 #"
b111000000000001 1
b111000000000001 a
b111000000000001 t
1'
#16030000
0'
#16040000
06
b0 ("
1u
1""
b1000000101000110 0
b1000000101000110 s
b1000000101000110 $"
b1 <
b1 {
b1 !"
b1 #"
1'
#16050000
0'
#16060000
15
b0 A
b0 O
b0 Y
b0 P
b0 8
b0 E
b0 x
b1001000 -
b1001000 z
b1001000 ~
b1001000 |
b1000 `
b0 9
b0 X
b0 w
b100110 3
b100110 Z
b100110 ^
b100110 n
b0 :
b0 F
b0 W
b10100 4
b10100 [
b10100 ]
b10100 m
b10110 =
b10110 b
b10110 k
b10110 v
b1000110 /
b1000110 _
b1000110 y
b1000110 p
12
1o
0;
0l
0.
0q
1,
1r
17
b0 ("
0""
b100000001000001 0
b100000001000001 s
b100000001000001 $"
b10 <
b10 {
b10 !"
b10 #"
0u
b1000000101000110 1
b1000000101000110 a
b1000000101000110 t
1'
#16070000
0'
#16080000
b1 8
b1 E
b1 x
16
b100 `
bx 9
bx X
bx w
b0 3
b0 Z
b0 ^
b0 n
b1 =
b1 b
b1 k
b1 v
b0 /
b0 _
b0 y
b0 p
b10 >
b10 G
b10 \
b10 j
07
b11 -
b11 z
b11 ~
b11 |
b10 ("
b100000001000001 1
b100000001000001 a
b100000001000001 t
b110000001000000 0
b110000001000000 s
b110000001000000 $"
b11 <
b11 {
b11 !"
b11 #"
1'
#16090000
0'
#16100000
b0 8
b0 E
b0 x
0?
15
b0 A
b0 O
b0 Y
b0 P
b100 -
b100 z
b100 ~
b100 |
b110 `
b0 =
b0 b
b0 k
b0 v
b11 >
b11 G
b11 \
b11 j
0,
0r
b10 ("
b101000000001001 0
b101000000001001 s
b101000000001001 $"
b100 <
b100 {
b100 !"
b100 #"
b110000001000000 1
b110000001000000 a
b110000001000000 t
1'
#16110000
0'
#16120000
05
b1001 A
b1001 O
b1001 Y
b1001 P
b1001 8
b1001 E
b1001 x
b101 `
bx :
bx F
bx W
b0 4
b0 [
b0 ]
b0 m
b1001 =
b1001 b
b1001 k
b1001 v
b1 /
b1 _
b1 y
b1 p
b0 >
b0 G
b0 \
b0 j
02
0o
1.
1q
b110 -
b110 z
b110 ~
b110 |
b10 ("
b101000000001001 1
b101000000001001 a
b101000000001001 t
b111000000001000 0
b111000000001000 s
b111000000001000 $"
b101 <
b101 {
b101 !"
b101 #"
1'
#16130000
0'
#16140000
06
b111 -
b111 z
b111 ~
b111 |
b0 ("
1""
b1100000101011011 0
b1100000101011011 s
b1100000101011011 $"
b110 <
b110 {
b110 !"
b110 #"
1u
1'
#16150000
0'
#16160000
15
b0 A
b0 O
b0 Y
b0 P
b0 8
b0 E
b0 x
b1100 `
b0 9
b0 X
b0 w
b10101 3
b10101 Z
b10101 ^
b10101 n
b0 :
b0 F
b0 W
b101011 4
b101011 [
b101011 ]
b101011 m
b11011 =
b11011 b
b11011 k
b11011 v
b0 /
b0 _
b0 y
b0 p
12
1o
0.
0q
1,
1r
17
b111 -
b111 z
b111 ~
b111 |
b0 ("
0u
b1100000101011011 1
b1100000101011011 a
b1100000101011011 t
0""
b111000000000001 0
b111000000000001 s
b111000000000001 $"
b111 <
b111 {
b111 !"
b111 #"
1'
#16170000
0'
#16180000
b1 -
b1 z
b1 ~
b1 |
05
b1 A
b1 O
b1 Y
b1 P
b1 8
b1 E
b1 x
16
b111 `
bx 9
bx X
bx w
b0 3
b0 Z
b0 ^
b0 n
bx :
bx F
bx W
b0 4
b0 [
b0 ]
b0 m
b1 =
b1 b
b1 k
b1 v
b1 /
b1 _
b1 y
b1 p
02
0o
1;
1l
1.
1q
0,
0r
07
b10 ("
b1000000100100011 0
b1000000100100011 s
b1000000100100011 $"
b1000 <
b1000 {
b1000 !"
b1000 #"
b111000000000001 1
b111000000000001 a
b111000000000001 t
1'
#16190000
0'
#16200000
06
b0 ("
1u
1""
b1000000101000110 0
b1000000101000110 s
b1000000101000110 $"
b1 <
b1 {
b1 !"
b1 #"
1'
#16210000
0'
#16220000
15
b0 A
b0 O
b0 Y
b0 P
b0 8
b0 E
b0 x
b1001000 -
b1001000 z
b1001000 ~
b1001000 |
b1000 `
b0 9
b0 X
b0 w
b100110 3
b100110 Z
b100110 ^
b100110 n
b0 :
b0 F
b0 W
b10100 4
b10100 [
b10100 ]
b10100 m
b10110 =
b10110 b
b10110 k
b10110 v
b1000110 /
b1000110 _
b1000110 y
b1000110 p
12
1o
0;
0l
0.
0q
1,
1r
17
b0 ("
0""
b100000001000001 0
b100000001000001 s
b100000001000001 $"
b10 <
b10 {
b10 !"
b10 #"
0u
b1000000101000110 1
b1000000101000110 a
b1000000101000110 t
1'
#16230000
0'
#16240000
b1 8
b1 E
b1 x
16
b100 `
bx 9
bx X
bx w
b0 3
b0 Z
b0 ^
b0 n
b1 =
b1 b
b1 k
b1 v
b0 /
b0 _
b0 y
b0 p
b10 >
b10 G
b10 \
b10 j
07
b11 -
b11 z
b11 ~
b11 |
b10 ("
b100000001000001 1
b100000001000001 a
b100000001000001 t
b110000001000000 0
b110000001000000 s
b110000001000000 $"
b11 <
b11 {
b11 !"
b11 #"
1'
#16250000
0'
#16260000
b0 8
b0 E
b0 x
0?
15
b0 A
b0 O
b0 Y
b0 P
b100 -
b100 z
b100 ~
b100 |
b110 `
b0 =
b0 b
b0 k
b0 v
b11 >
b11 G
b11 \
b11 j
0,
0r
b10 ("
b101000000001001 0
b101000000001001 s
b101000000001001 $"
b100 <
b100 {
b100 !"
b100 #"
b110000001000000 1
b110000001000000 a
b110000001000000 t
1'
#16270000
0'
#16280000
05
b1001 A
b1001 O
b1001 Y
b1001 P
b1001 8
b1001 E
b1001 x
b101 `
bx :
bx F
bx W
b0 4
b0 [
b0 ]
b0 m
b1001 =
b1001 b
b1001 k
b1001 v
b1 /
b1 _
b1 y
b1 p
b0 >
b0 G
b0 \
b0 j
02
0o
1.
1q
b110 -
b110 z
b110 ~
b110 |
b10 ("
b101000000001001 1
b101000000001001 a
b101000000001001 t
b111000000001000 0
b111000000001000 s
b111000000001000 $"
b101 <
b101 {
b101 !"
b101 #"
1'
#16290000
0'
#16300000
06
b111 -
b111 z
b111 ~
b111 |
b0 ("
1""
b1100000101011011 0
b1100000101011011 s
b1100000101011011 $"
b110 <
b110 {
b110 !"
b110 #"
1u
1'
#16310000
0'
#16320000
15
b0 A
b0 O
b0 Y
b0 P
b0 8
b0 E
b0 x
b1100 `
b0 9
b0 X
b0 w
b10101 3
b10101 Z
b10101 ^
b10101 n
b0 :
b0 F
b0 W
b101011 4
b101011 [
b101011 ]
b101011 m
b11011 =
b11011 b
b11011 k
b11011 v
b0 /
b0 _
b0 y
b0 p
12
1o
0.
0q
1,
1r
17
b111 -
b111 z
b111 ~
b111 |
b0 ("
0u
b1100000101011011 1
b1100000101011011 a
b1100000101011011 t
0""
b111000000000001 0
b111000000000001 s
b111000000000001 $"
b111 <
b111 {
b111 !"
b111 #"
1'
#16330000
0'
#16340000
b1 -
b1 z
b1 ~
b1 |
05
b1 A
b1 O
b1 Y
b1 P
b1 8
b1 E
b1 x
16
b111 `
bx 9
bx X
bx w
b0 3
b0 Z
b0 ^
b0 n
bx :
bx F
bx W
b0 4
b0 [
b0 ]
b0 m
b1 =
b1 b
b1 k
b1 v
b1 /
b1 _
b1 y
b1 p
02
0o
1;
1l
1.
1q
0,
0r
07
b10 ("
b1000000100100011 0
b1000000100100011 s
b1000000100100011 $"
b1000 <
b1000 {
b1000 !"
b1000 #"
b111000000000001 1
b111000000000001 a
b111000000000001 t
1'
#16350000
0'
#16360000
06
b0 ("
1u
1""
b1000000101000110 0
b1000000101000110 s
b1000000101000110 $"
b1 <
b1 {
b1 !"
b1 #"
1'
#16370000
0'
#16380000
15
b0 A
b0 O
b0 Y
b0 P
b0 8
b0 E
b0 x
b1001000 -
b1001000 z
b1001000 ~
b1001000 |
b1000 `
b0 9
b0 X
b0 w
b100110 3
b100110 Z
b100110 ^
b100110 n
b0 :
b0 F
b0 W
b10100 4
b10100 [
b10100 ]
b10100 m
b10110 =
b10110 b
b10110 k
b10110 v
b1000110 /
b1000110 _
b1000110 y
b1000110 p
12
1o
0;
0l
0.
0q
1,
1r
17
b0 ("
0""
b100000001000001 0
b100000001000001 s
b100000001000001 $"
b10 <
b10 {
b10 !"
b10 #"
0u
b1000000101000110 1
b1000000101000110 a
b1000000101000110 t
1'
#16390000
0'
#16400000
b1 8
b1 E
b1 x
16
b100 `
bx 9
bx X
bx w
b0 3
b0 Z
b0 ^
b0 n
b1 =
b1 b
b1 k
b1 v
b0 /
b0 _
b0 y
b0 p
b10 >
b10 G
b10 \
b10 j
07
b11 -
b11 z
b11 ~
b11 |
b10 ("
b100000001000001 1
b100000001000001 a
b100000001000001 t
b110000001000000 0
b110000001000000 s
b110000001000000 $"
b11 <
b11 {
b11 !"
b11 #"
1'
#16410000
0'
#16420000
b0 8
b0 E
b0 x
0?
15
b0 A
b0 O
b0 Y
b0 P
b100 -
b100 z
b100 ~
b100 |
b110 `
b0 =
b0 b
b0 k
b0 v
b11 >
b11 G
b11 \
b11 j
0,
0r
b10 ("
b101000000001001 0
b101000000001001 s
b101000000001001 $"
b100 <
b100 {
b100 !"
b100 #"
b110000001000000 1
b110000001000000 a
b110000001000000 t
1'
#16430000
0'
#16440000
05
b1001 A
b1001 O
b1001 Y
b1001 P
b1001 8
b1001 E
b1001 x
b101 `
bx :
bx F
bx W
b0 4
b0 [
b0 ]
b0 m
b1001 =
b1001 b
b1001 k
b1001 v
b1 /
b1 _
b1 y
b1 p
b0 >
b0 G
b0 \
b0 j
02
0o
1.
1q
b110 -
b110 z
b110 ~
b110 |
b10 ("
b101000000001001 1
b101000000001001 a
b101000000001001 t
b111000000001000 0
b111000000001000 s
b111000000001000 $"
b101 <
b101 {
b101 !"
b101 #"
1'
#16450000
0'
#16460000
06
b111 -
b111 z
b111 ~
b111 |
b0 ("
1""
b1100000101011011 0
b1100000101011011 s
b1100000101011011 $"
b110 <
b110 {
b110 !"
b110 #"
1u
1'
#16470000
0'
#16480000
15
b0 A
b0 O
b0 Y
b0 P
b0 8
b0 E
b0 x
b1100 `
b0 9
b0 X
b0 w
b10101 3
b10101 Z
b10101 ^
b10101 n
b0 :
b0 F
b0 W
b101011 4
b101011 [
b101011 ]
b101011 m
b11011 =
b11011 b
b11011 k
b11011 v
b0 /
b0 _
b0 y
b0 p
12
1o
0.
0q
1,
1r
17
b111 -
b111 z
b111 ~
b111 |
b0 ("
0u
b1100000101011011 1
b1100000101011011 a
b1100000101011011 t
0""
b111000000000001 0
b111000000000001 s
b111000000000001 $"
b111 <
b111 {
b111 !"
b111 #"
1'
#16490000
0'
#16500000
b1 -
b1 z
b1 ~
b1 |
05
b1 A
b1 O
b1 Y
b1 P
b1 8
b1 E
b1 x
16
b111 `
bx 9
bx X
bx w
b0 3
b0 Z
b0 ^
b0 n
bx :
bx F
bx W
b0 4
b0 [
b0 ]
b0 m
b1 =
b1 b
b1 k
b1 v
b1 /
b1 _
b1 y
b1 p
02
0o
1;
1l
1.
1q
0,
0r
07
b10 ("
b1000000100100011 0
b1000000100100011 s
b1000000100100011 $"
b1000 <
b1000 {
b1000 !"
b1000 #"
b111000000000001 1
b111000000000001 a
b111000000000001 t
1'
#16510000
0'
#16520000
06
b0 ("
1u
1""
b1000000101000110 0
b1000000101000110 s
b1000000101000110 $"
b1 <
b1 {
b1 !"
b1 #"
1'
#16530000
0'
#16540000
15
b0 A
b0 O
b0 Y
b0 P
b0 8
b0 E
b0 x
b1001000 -
b1001000 z
b1001000 ~
b1001000 |
b1000 `
b0 9
b0 X
b0 w
b100110 3
b100110 Z
b100110 ^
b100110 n
b0 :
b0 F
b0 W
b10100 4
b10100 [
b10100 ]
b10100 m
b10110 =
b10110 b
b10110 k
b10110 v
b1000110 /
b1000110 _
b1000110 y
b1000110 p
12
1o
0;
0l
0.
0q
1,
1r
17
b0 ("
0""
b100000001000001 0
b100000001000001 s
b100000001000001 $"
b10 <
b10 {
b10 !"
b10 #"
0u
b1000000101000110 1
b1000000101000110 a
b1000000101000110 t
1'
#16550000
0'
#16560000
b1 8
b1 E
b1 x
16
b100 `
bx 9
bx X
bx w
b0 3
b0 Z
b0 ^
b0 n
b1 =
b1 b
b1 k
b1 v
b0 /
b0 _
b0 y
b0 p
b10 >
b10 G
b10 \
b10 j
07
b11 -
b11 z
b11 ~
b11 |
b10 ("
b100000001000001 1
b100000001000001 a
b100000001000001 t
b110000001000000 0
b110000001000000 s
b110000001000000 $"
b11 <
b11 {
b11 !"
b11 #"
1'
#16570000
0'
#16580000
b0 8
b0 E
b0 x
0?
15
b0 A
b0 O
b0 Y
b0 P
b100 -
b100 z
b100 ~
b100 |
b110 `
b0 =
b0 b
b0 k
b0 v
b11 >
b11 G
b11 \
b11 j
0,
0r
b10 ("
b101000000001001 0
b101000000001001 s
b101000000001001 $"
b100 <
b100 {
b100 !"
b100 #"
b110000001000000 1
b110000001000000 a
b110000001000000 t
1'
#16590000
0'
#16600000
05
b1001 A
b1001 O
b1001 Y
b1001 P
b1001 8
b1001 E
b1001 x
b101 `
bx :
bx F
bx W
b0 4
b0 [
b0 ]
b0 m
b1001 =
b1001 b
b1001 k
b1001 v
b1 /
b1 _
b1 y
b1 p
b0 >
b0 G
b0 \
b0 j
02
0o
1.
1q
b110 -
b110 z
b110 ~
b110 |
b10 ("
b101000000001001 1
b101000000001001 a
b101000000001001 t
b111000000001000 0
b111000000001000 s
b111000000001000 $"
b101 <
b101 {
b101 !"
b101 #"
1'
#16610000
0'
#16620000
06
b111 -
b111 z
b111 ~
b111 |
b0 ("
1""
b1100000101011011 0
b1100000101011011 s
b1100000101011011 $"
b110 <
b110 {
b110 !"
b110 #"
1u
1'
#16630000
0'
#16640000
15
b0 A
b0 O
b0 Y
b0 P
b0 8
b0 E
b0 x
b1100 `
b0 9
b0 X
b0 w
b10101 3
b10101 Z
b10101 ^
b10101 n
b0 :
b0 F
b0 W
b101011 4
b101011 [
b101011 ]
b101011 m
b11011 =
b11011 b
b11011 k
b11011 v
b0 /
b0 _
b0 y
b0 p
12
1o
0.
0q
1,
1r
17
b111 -
b111 z
b111 ~
b111 |
b0 ("
0u
b1100000101011011 1
b1100000101011011 a
b1100000101011011 t
0""
b111000000000001 0
b111000000000001 s
b111000000000001 $"
b111 <
b111 {
b111 !"
b111 #"
1'
#16650000
0'
#16660000
b1 -
b1 z
b1 ~
b1 |
05
b1 A
b1 O
b1 Y
b1 P
b1 8
b1 E
b1 x
16
b111 `
bx 9
bx X
bx w
b0 3
b0 Z
b0 ^
b0 n
bx :
bx F
bx W
b0 4
b0 [
b0 ]
b0 m
b1 =
b1 b
b1 k
b1 v
b1 /
b1 _
b1 y
b1 p
02
0o
1;
1l
1.
1q
0,
0r
07
b10 ("
b1000000100100011 0
b1000000100100011 s
b1000000100100011 $"
b1000 <
b1000 {
b1000 !"
b1000 #"
b111000000000001 1
b111000000000001 a
b111000000000001 t
1'
#16670000
0'
#16680000
06
b0 ("
1u
1""
b1000000101000110 0
b1000000101000110 s
b1000000101000110 $"
b1 <
b1 {
b1 !"
b1 #"
1'
#16690000
0'
#16700000
15
b0 A
b0 O
b0 Y
b0 P
b0 8
b0 E
b0 x
b1001000 -
b1001000 z
b1001000 ~
b1001000 |
b1000 `
b0 9
b0 X
b0 w
b100110 3
b100110 Z
b100110 ^
b100110 n
b0 :
b0 F
b0 W
b10100 4
b10100 [
b10100 ]
b10100 m
b10110 =
b10110 b
b10110 k
b10110 v
b1000110 /
b1000110 _
b1000110 y
b1000110 p
12
1o
0;
0l
0.
0q
1,
1r
17
b0 ("
0""
b100000001000001 0
b100000001000001 s
b100000001000001 $"
b10 <
b10 {
b10 !"
b10 #"
0u
b1000000101000110 1
b1000000101000110 a
b1000000101000110 t
1'
#16710000
0'
#16720000
b1 8
b1 E
b1 x
16
b100 `
bx 9
bx X
bx w
b0 3
b0 Z
b0 ^
b0 n
b1 =
b1 b
b1 k
b1 v
b0 /
b0 _
b0 y
b0 p
b10 >
b10 G
b10 \
b10 j
07
b11 -
b11 z
b11 ~
b11 |
b10 ("
b100000001000001 1
b100000001000001 a
b100000001000001 t
b110000001000000 0
b110000001000000 s
b110000001000000 $"
b11 <
b11 {
b11 !"
b11 #"
1'
#16730000
0'
#16740000
b0 8
b0 E
b0 x
0?
15
b0 A
b0 O
b0 Y
b0 P
b100 -
b100 z
b100 ~
b100 |
b110 `
b0 =
b0 b
b0 k
b0 v
b11 >
b11 G
b11 \
b11 j
0,
0r
b10 ("
b101000000001001 0
b101000000001001 s
b101000000001001 $"
b100 <
b100 {
b100 !"
b100 #"
b110000001000000 1
b110000001000000 a
b110000001000000 t
1'
#16750000
0'
#16760000
05
b1001 A
b1001 O
b1001 Y
b1001 P
b1001 8
b1001 E
b1001 x
b101 `
bx :
bx F
bx W
b0 4
b0 [
b0 ]
b0 m
b1001 =
b1001 b
b1001 k
b1001 v
b1 /
b1 _
b1 y
b1 p
b0 >
b0 G
b0 \
b0 j
02
0o
1.
1q
b110 -
b110 z
b110 ~
b110 |
b10 ("
b101000000001001 1
b101000000001001 a
b101000000001001 t
b111000000001000 0
b111000000001000 s
b111000000001000 $"
b101 <
b101 {
b101 !"
b101 #"
1'
#16770000
0'
#16780000
06
b111 -
b111 z
b111 ~
b111 |
b0 ("
1""
b1100000101011011 0
b1100000101011011 s
b1100000101011011 $"
b110 <
b110 {
b110 !"
b110 #"
1u
1'
#16790000
0'
#16800000
15
b0 A
b0 O
b0 Y
b0 P
b0 8
b0 E
b0 x
b1100 `
b0 9
b0 X
b0 w
b10101 3
b10101 Z
b10101 ^
b10101 n
b0 :
b0 F
b0 W
b101011 4
b101011 [
b101011 ]
b101011 m
b11011 =
b11011 b
b11011 k
b11011 v
b0 /
b0 _
b0 y
b0 p
12
1o
0.
0q
1,
1r
17
b111 -
b111 z
b111 ~
b111 |
b0 ("
0u
b1100000101011011 1
b1100000101011011 a
b1100000101011011 t
0""
b111000000000001 0
b111000000000001 s
b111000000000001 $"
b111 <
b111 {
b111 !"
b111 #"
1'
#16810000
0'
#16820000
b1 -
b1 z
b1 ~
b1 |
05
b1 A
b1 O
b1 Y
b1 P
b1 8
b1 E
b1 x
16
b111 `
bx 9
bx X
bx w
b0 3
b0 Z
b0 ^
b0 n
bx :
bx F
bx W
b0 4
b0 [
b0 ]
b0 m
b1 =
b1 b
b1 k
b1 v
b1 /
b1 _
b1 y
b1 p
02
0o
1;
1l
1.
1q
0,
0r
07
b10 ("
b1000000100100011 0
b1000000100100011 s
b1000000100100011 $"
b1000 <
b1000 {
b1000 !"
b1000 #"
b111000000000001 1
b111000000000001 a
b111000000000001 t
1'
#16830000
0'
#16840000
06
b0 ("
1u
1""
b1000000101000110 0
b1000000101000110 s
b1000000101000110 $"
b1 <
b1 {
b1 !"
b1 #"
1'
#16850000
0'
#16860000
15
b0 A
b0 O
b0 Y
b0 P
b0 8
b0 E
b0 x
b1001000 -
b1001000 z
b1001000 ~
b1001000 |
b1000 `
b0 9
b0 X
b0 w
b100110 3
b100110 Z
b100110 ^
b100110 n
b0 :
b0 F
b0 W
b10100 4
b10100 [
b10100 ]
b10100 m
b10110 =
b10110 b
b10110 k
b10110 v
b1000110 /
b1000110 _
b1000110 y
b1000110 p
12
1o
0;
0l
0.
0q
1,
1r
17
b0 ("
0""
b100000001000001 0
b100000001000001 s
b100000001000001 $"
b10 <
b10 {
b10 !"
b10 #"
0u
b1000000101000110 1
b1000000101000110 a
b1000000101000110 t
1'
#16870000
0'
#16880000
b1 8
b1 E
b1 x
16
b100 `
bx 9
bx X
bx w
b0 3
b0 Z
b0 ^
b0 n
b1 =
b1 b
b1 k
b1 v
b0 /
b0 _
b0 y
b0 p
b10 >
b10 G
b10 \
b10 j
07
b11 -
b11 z
b11 ~
b11 |
b10 ("
b100000001000001 1
b100000001000001 a
b100000001000001 t
b110000001000000 0
b110000001000000 s
b110000001000000 $"
b11 <
b11 {
b11 !"
b11 #"
1'
#16890000
0'
#16900000
b0 8
b0 E
b0 x
0?
15
b0 A
b0 O
b0 Y
b0 P
b100 -
b100 z
b100 ~
b100 |
b110 `
b0 =
b0 b
b0 k
b0 v
b11 >
b11 G
b11 \
b11 j
0,
0r
b10 ("
b101000000001001 0
b101000000001001 s
b101000000001001 $"
b100 <
b100 {
b100 !"
b100 #"
b110000001000000 1
b110000001000000 a
b110000001000000 t
1'
#16910000
0'
#16920000
05
b1001 A
b1001 O
b1001 Y
b1001 P
b1001 8
b1001 E
b1001 x
b101 `
bx :
bx F
bx W
b0 4
b0 [
b0 ]
b0 m
b1001 =
b1001 b
b1001 k
b1001 v
b1 /
b1 _
b1 y
b1 p
b0 >
b0 G
b0 \
b0 j
02
0o
1.
1q
b110 -
b110 z
b110 ~
b110 |
b10 ("
b101000000001001 1
b101000000001001 a
b101000000001001 t
b111000000001000 0
b111000000001000 s
b111000000001000 $"
b101 <
b101 {
b101 !"
b101 #"
1'
#16930000
0'
#16940000
06
b111 -
b111 z
b111 ~
b111 |
b0 ("
1""
b1100000101011011 0
b1100000101011011 s
b1100000101011011 $"
b110 <
b110 {
b110 !"
b110 #"
1u
1'
#16950000
0'
#16960000
15
b0 A
b0 O
b0 Y
b0 P
b0 8
b0 E
b0 x
b1100 `
b0 9
b0 X
b0 w
b10101 3
b10101 Z
b10101 ^
b10101 n
b0 :
b0 F
b0 W
b101011 4
b101011 [
b101011 ]
b101011 m
b11011 =
b11011 b
b11011 k
b11011 v
b0 /
b0 _
b0 y
b0 p
12
1o
0.
0q
1,
1r
17
b111 -
b111 z
b111 ~
b111 |
b0 ("
0u
b1100000101011011 1
b1100000101011011 a
b1100000101011011 t
0""
b111000000000001 0
b111000000000001 s
b111000000000001 $"
b111 <
b111 {
b111 !"
b111 #"
1'
#16970000
0'
#16980000
b1 -
b1 z
b1 ~
b1 |
05
b1 A
b1 O
b1 Y
b1 P
b1 8
b1 E
b1 x
16
b111 `
bx 9
bx X
bx w
b0 3
b0 Z
b0 ^
b0 n
bx :
bx F
bx W
b0 4
b0 [
b0 ]
b0 m
b1 =
b1 b
b1 k
b1 v
b1 /
b1 _
b1 y
b1 p
02
0o
1;
1l
1.
1q
0,
0r
07
b10 ("
b1000000100100011 0
b1000000100100011 s
b1000000100100011 $"
b1000 <
b1000 {
b1000 !"
b1000 #"
b111000000000001 1
b111000000000001 a
b111000000000001 t
1'
#16990000
0'
#17000000
06
b0 ("
1u
1""
b1000000101000110 0
b1000000101000110 s
b1000000101000110 $"
b1 <
b1 {
b1 !"
b1 #"
1'
#17010000
0'
#17020000
15
b0 A
b0 O
b0 Y
b0 P
b0 8
b0 E
b0 x
b1001000 -
b1001000 z
b1001000 ~
b1001000 |
b1000 `
b0 9
b0 X
b0 w
b100110 3
b100110 Z
b100110 ^
b100110 n
b0 :
b0 F
b0 W
b10100 4
b10100 [
b10100 ]
b10100 m
b10110 =
b10110 b
b10110 k
b10110 v
b1000110 /
b1000110 _
b1000110 y
b1000110 p
12
1o
0;
0l
0.
0q
1,
1r
17
b0 ("
0""
b100000001000001 0
b100000001000001 s
b100000001000001 $"
b10 <
b10 {
b10 !"
b10 #"
0u
b1000000101000110 1
b1000000101000110 a
b1000000101000110 t
1'
#17030000
0'
#17040000
b1 8
b1 E
b1 x
16
b100 `
bx 9
bx X
bx w
b0 3
b0 Z
b0 ^
b0 n
b1 =
b1 b
b1 k
b1 v
b0 /
b0 _
b0 y
b0 p
b10 >
b10 G
b10 \
b10 j
07
b11 -
b11 z
b11 ~
b11 |
b10 ("
b100000001000001 1
b100000001000001 a
b100000001000001 t
b110000001000000 0
b110000001000000 s
b110000001000000 $"
b11 <
b11 {
b11 !"
b11 #"
1'
#17050000
0'
#17060000
b0 8
b0 E
b0 x
0?
15
b0 A
b0 O
b0 Y
b0 P
b100 -
b100 z
b100 ~
b100 |
b110 `
b0 =
b0 b
b0 k
b0 v
b11 >
b11 G
b11 \
b11 j
0,
0r
b10 ("
b101000000001001 0
b101000000001001 s
b101000000001001 $"
b100 <
b100 {
b100 !"
b100 #"
b110000001000000 1
b110000001000000 a
b110000001000000 t
1'
#17070000
0'
#17080000
05
b1001 A
b1001 O
b1001 Y
b1001 P
b1001 8
b1001 E
b1001 x
b101 `
bx :
bx F
bx W
b0 4
b0 [
b0 ]
b0 m
b1001 =
b1001 b
b1001 k
b1001 v
b1 /
b1 _
b1 y
b1 p
b0 >
b0 G
b0 \
b0 j
02
0o
1.
1q
b110 -
b110 z
b110 ~
b110 |
b10 ("
b101000000001001 1
b101000000001001 a
b101000000001001 t
b111000000001000 0
b111000000001000 s
b111000000001000 $"
b101 <
b101 {
b101 !"
b101 #"
1'
#17090000
0'
#17100000
06
b111 -
b111 z
b111 ~
b111 |
b0 ("
1""
b1100000101011011 0
b1100000101011011 s
b1100000101011011 $"
b110 <
b110 {
b110 !"
b110 #"
1u
1'
#17110000
0'
#17120000
15
b0 A
b0 O
b0 Y
b0 P
b0 8
b0 E
b0 x
b1100 `
b0 9
b0 X
b0 w
b10101 3
b10101 Z
b10101 ^
b10101 n
b0 :
b0 F
b0 W
b101011 4
b101011 [
b101011 ]
b101011 m
b11011 =
b11011 b
b11011 k
b11011 v
b0 /
b0 _
b0 y
b0 p
12
1o
0.
0q
1,
1r
17
b111 -
b111 z
b111 ~
b111 |
b0 ("
0u
b1100000101011011 1
b1100000101011011 a
b1100000101011011 t
0""
b111000000000001 0
b111000000000001 s
b111000000000001 $"
b111 <
b111 {
b111 !"
b111 #"
1'
#17130000
0'
#17140000
b1 -
b1 z
b1 ~
b1 |
05
b1 A
b1 O
b1 Y
b1 P
b1 8
b1 E
b1 x
16
b111 `
bx 9
bx X
bx w
b0 3
b0 Z
b0 ^
b0 n
bx :
bx F
bx W
b0 4
b0 [
b0 ]
b0 m
b1 =
b1 b
b1 k
b1 v
b1 /
b1 _
b1 y
b1 p
02
0o
1;
1l
1.
1q
0,
0r
07
b10 ("
b1000000100100011 0
b1000000100100011 s
b1000000100100011 $"
b1000 <
b1000 {
b1000 !"
b1000 #"
b111000000000001 1
b111000000000001 a
b111000000000001 t
1'
#17150000
0'
#17160000
06
b0 ("
1u
1""
b1000000101000110 0
b1000000101000110 s
b1000000101000110 $"
b1 <
b1 {
b1 !"
b1 #"
1'
#17170000
0'
#17180000
15
b0 A
b0 O
b0 Y
b0 P
b0 8
b0 E
b0 x
b1001000 -
b1001000 z
b1001000 ~
b1001000 |
b1000 `
b0 9
b0 X
b0 w
b100110 3
b100110 Z
b100110 ^
b100110 n
b0 :
b0 F
b0 W
b10100 4
b10100 [
b10100 ]
b10100 m
b10110 =
b10110 b
b10110 k
b10110 v
b1000110 /
b1000110 _
b1000110 y
b1000110 p
12
1o
0;
0l
0.
0q
1,
1r
17
b0 ("
0""
b100000001000001 0
b100000001000001 s
b100000001000001 $"
b10 <
b10 {
b10 !"
b10 #"
0u
b1000000101000110 1
b1000000101000110 a
b1000000101000110 t
1'
#17190000
0'
#17200000
b1 8
b1 E
b1 x
16
b100 `
bx 9
bx X
bx w
b0 3
b0 Z
b0 ^
b0 n
b1 =
b1 b
b1 k
b1 v
b0 /
b0 _
b0 y
b0 p
b10 >
b10 G
b10 \
b10 j
07
b11 -
b11 z
b11 ~
b11 |
b10 ("
b100000001000001 1
b100000001000001 a
b100000001000001 t
b110000001000000 0
b110000001000000 s
b110000001000000 $"
b11 <
b11 {
b11 !"
b11 #"
1'
#17205000
b1 %
b1 *
b1 R
#17210000
0'
#17220000
b0 8
b0 E
b0 x
0?
15
b0 A
b0 O
b0 Y
b0 P
b100 -
b100 z
b100 ~
b100 |
b110 `
b0 =
b0 b
b0 k
b0 v
b11 >
b11 G
b11 \
b11 j
0,
0r
b10 ("
b101000000001001 0
b101000000001001 s
b101000000001001 $"
b100 <
b100 {
b100 !"
b100 #"
b110000001000000 1
b110000001000000 a
b110000001000000 t
1'
#17230000
0'
#17240000
05
b1001 A
b1001 O
b1001 Y
b1001 P
b1001 8
b1001 E
b1001 x
b101 `
bx :
bx F
bx W
b0 4
b0 [
b0 ]
b0 m
b1001 =
b1001 b
b1001 k
b1001 v
b1 /
b1 _
b1 y
b1 p
b0 >
b0 G
b0 \
b0 j
02
0o
1.
1q
b110 -
b110 z
b110 ~
b110 |
b10 ("
b101000000001001 1
b101000000001001 a
b101000000001001 t
b111000000001000 0
b111000000001000 s
b111000000001000 $"
b101 <
b101 {
b101 !"
b101 #"
1'
#17250000
0'
#17260000
06
b111 -
b111 z
b111 ~
b111 |
b0 ("
1""
b1100000101011011 0
b1100000101011011 s
b1100000101011011 $"
b110 <
b110 {
b110 !"
b110 #"
1u
1'
#17270000
0'
#17280000
15
b0 A
b0 O
b0 Y
b0 P
b0 8
b0 E
b0 x
b1100 `
b0 9
b0 X
b0 w
b10101 3
b10101 Z
b10101 ^
b10101 n
b0 :
b0 F
b0 W
b101011 4
b101011 [
b101011 ]
b101011 m
b11011 =
b11011 b
b11011 k
b11011 v
b0 /
b0 _
b0 y
b0 p
12
1o
0.
0q
1,
1r
17
b111 -
b111 z
b111 ~
b111 |
b0 ("
0u
b1100000101011011 1
b1100000101011011 a
b1100000101011011 t
0""
b111000000000001 0
b111000000000001 s
b111000000000001 $"
b111 <
b111 {
b111 !"
b111 #"
1'
#17290000
0'
#17300000
b1 -
b1 z
b1 ~
b1 |
05
b1 A
b1 O
b1 Y
b1 P
b1 8
b1 E
b1 x
16
b111 `
bx 9
bx X
bx w
b0 3
b0 Z
b0 ^
b0 n
bx :
bx F
bx W
b0 4
b0 [
b0 ]
b0 m
b1 =
b1 b
b1 k
b1 v
b1 /
b1 _
b1 y
b1 p
02
0o
1;
1l
1.
1q
0,
0r
07
b10 ("
b1000000100100011 0
b1000000100100011 s
b1000000100100011 $"
b1000 <
b1000 {
b1000 !"
b1000 #"
b111000000000001 1
b111000000000001 a
b111000000000001 t
1'
#17310000
0'
#17320000
06
b0 ("
1u
1""
b1000000101000110 0
b1000000101000110 s
b1000000101000110 $"
b1 <
b1 {
b1 !"
b1 #"
1'
#17330000
0'
#17340000
b1001000 -
b1001000 z
b1001000 ~
b1001000 |
b1000 `
b1 9
b1 X
b1 w
b100110 3
b100110 Z
b100110 ^
b100110 n
b0 :
b0 F
b0 W
b10100 4
b10100 [
b10100 ]
b10100 m
b10110 =
b10110 b
b10110 k
b10110 v
b1000110 /
b1000110 _
b1000110 y
b1000110 p
12
1o
0;
0l
0.
0q
1,
1r
17
b0 ("
0""
b100000001000001 0
b100000001000001 s
b100000001000001 $"
b10 <
b10 {
b10 !"
b10 #"
0u
b1000000101000110 1
b1000000101000110 a
b1000000101000110 t
1'
#17350000
0'
#17360000
b100 `
bx 9
bx X
bx w
b0 3
b0 Z
b0 ^
b0 n
b1 =
b1 b
b1 k
b1 v
b0 /
b0 _
b0 y
b0 p
b10 >
b10 G
b10 \
b10 j
07
b11 -
b11 z
b11 ~
b11 |
b0 ("
b1 :
b1 F
b1 W
b100000001000001 1
b100000001000001 a
b100000001000001 t
b110000001000000 0
b110000001000000 s
b110000001000000 $"
b11 <
b11 {
b11 !"
b11 #"
1'
#17370000
0'
#17380000
b0 8
b0 E
b0 x
05
b1 A
b1 O
b1 Y
b1 P
b100 -
b100 z
b100 ~
b100 |
b110 `
b0 =
b0 b
b0 k
b0 v
b11 >
b11 G
b11 \
b11 j
0,
0r
b0 ("
b101000000001001 0
b101000000001001 s
b101000000001001 $"
b100 <
b100 {
b100 !"
b100 #"
b110000001000000 1
b110000001000000 a
b110000001000000 t
1'
#17390000
0'
#17400000
b101 `
b101 -
b101 z
b101 ~
b101 |
b0 ("
b101000000001001 1
b101000000001001 a
b101000000001001 t
b111000000001000 0
b111000000001000 s
b111000000001000 $"
b101 <
b101 {
b101 !"
b101 #"
1'
#17410000
0'
#17420000
b1000 -
b1000 z
b1000 ~
b1000 |
b1000 8
b1000 E
b1000 x
05
b1000 A
b1000 O
b1000 Y
b1000 P
b111 `
bx :
bx F
bx W
b0 4
b0 [
b0 ]
b0 m
b1000 =
b1000 b
b1000 k
b1000 v
b1000 /
b1000 _
b1000 y
b1000 p
b0 >
b0 G
b0 \
b0 j
02
0o
1;
1l
1.
1q
b0 ("
b1100000101011011 0
b1100000101011011 s
b1100000101011011 $"
b110 <
b110 {
b110 !"
b110 #"
b111000000001000 1
b111000000001000 a
b111000000001000 t
1'
#17430000
0'
#17440000
b0 ("
1u
1""
b1000000100100011 0
b1000000100100011 s
b1000000100100011 $"
b1000 <
b1000 {
b1000 !"
b1000 #"
1'
#17450000
0'
#17460000
b1101 A
b1101 O
b1101 Y
b1101 P
b1101 8
b1101 E
b1101 x
b101100 -
b101100 z
b101100 ~
b101100 |
b1000 `
b1101 9
b1101 X
b1101 w
b100011 3
b100011 Z
b100011 ^
b100011 n
b1101 :
b1101 F
b1101 W
b10010 4
b10010 [
b10010 ]
b10010 m
b10011 =
b10011 b
b10011 k
b10011 v
b100011 /
b100011 _
b100011 y
b100011 p
12
1o
0;
0l
0.
0q
1,
1r
17
b0 ("
0""
b100000000101111 0
b100000000101111 s
b100000000101111 $"
b1001 <
b1001 {
b1001 !"
b1001 #"
0u
b1000000100100011 1
b1000000100100011 a
b1000000100100011 t
1'
#17470000
0'
#17480000
b1111 8
b1111 E
b1111 x
b100 `
bx 9
bx X
bx w
b0 3
b0 Z
b0 ^
b0 n
b1111 =
b1111 b
b1111 k
b1111 v
b0 /
b0 _
b0 y
b0 p
b10 >
b10 G
b10 \
b10 j
07
b1010 -
b1010 z
b1010 ~
b1010 |
b0 ("
b1101 '"
b100000000101111 1
b100000000101111 a
b100000000101111 t
b110000000100000 0
b110000000100000 s
b110000000100000 $"
b1010 <
b1010 {
b1010 !"
b1010 #"
1'
#17490000
0'
#17500000
b0 8
b0 E
b0 x
0?
b1101 A
b1101 O
b1101 Y
b1101 P
b1011 -
b1011 z
b1011 ~
b1011 |
b110 `
b0 =
b0 b
b0 k
b0 v
b11 >
b11 G
b11 \
b11 j
0,
0r
b0 ("
b1101 '"
b101000011111001 0
b101000011111001 s
b101000011111001 $"
b1011 <
b1011 {
b1011 !"
b1011 #"
b110000000100000 1
b110000000100000 a
b110000000100000 t
1'
#17510000
0'
#17520000
b101 `
b1100 -
b1100 z
b1100 ~
b1100 |
b0 ("
b101000011111001 1
b101000011111001 a
b101000011111001 t
b110000000100001 0
b110000000100001 s
b110000000100001 $"
b1100 <
b1100 {
b1100 !"
b1100 #"
1'
#17530000
0'
#17540000
b1100 A
b1100 O
b1100 Y
b1100 P
b1 8
b1 E
b1 x
b1101 -
b1101 z
b1101 ~
b1101 |
b110 `
b1 =
b1 b
b1 k
b1 v
b0 ("
b101000100000001 0
b101000100000001 s
b101000100000001 $"
b1101 <
b1101 {
b1101 !"
b1101 #"
b110000000100001 1
b110000000100001 a
b110000000100001 t
1'
#17550000
0'
#17560000
b101 `
b1110 -
b1110 z
b1110 ~
b1110 |
b0 ("
b101000100000001 1
b101000100000001 a
b101000100000001 t
b110000000100010 0
b110000000100010 s
b110000000100010 $"
b1110 <
b1110 {
b1110 !"
b1110 #"
1'
#17570000
0'
#17580000
b1011 A
b1011 O
b1011 Y
b1011 P
b10 8
b10 E
b10 x
b1111 -
b1111 z
b1111 ~
b1111 |
b110 `
b10 =
b10 b
b10 k
b10 v
b0 ("
b101000100001001 0
b101000100001001 s
b101000100001001 $"
b1111 <
b1111 {
b1111 !"
b1111 #"
b110000000100010 1
b110000000100010 a
b110000000100010 t
1'
#17590000
0'
#17600000
b101 `
b10000 -
b10000 z
b10000 ~
b10000 |
b0 ("
b101000100001001 1
b101000100001001 a
b101000100001001 t
b110000000100011 0
b110000000100011 s
b110000000100011 $"
b10000 <
b10000 {
b10000 !"
b10000 #"
1'
#17610000
0'
#17620000
b1010 A
b1010 O
b1010 Y
b1010 P
b11 8
b11 E
b11 x
b10001 -
b10001 z
b10001 ~
b10001 |
b110 `
b11 =
b11 b
b11 k
b11 v
b0 ("
b101000100010001 0
b101000100010001 s
b101000100010001 $"
b10001 <
b10001 {
b10001 !"
b10001 #"
b110000000100011 1
b110000000100011 a
b110000000100011 t
1'
#17630000
0'
#17640000
b101 `
b10010 -
b10010 z
b10010 ~
b10010 |
b0 ("
b101000100010001 1
b101000100010001 a
b101000100010001 t
b110000000100100 0
b110000000100100 s
b110000000100100 $"
b10010 <
b10010 {
b10010 !"
b10010 #"
1'
#17650000
0'
#17660000
b1001 A
b1001 O
b1001 Y
b1001 P
b100 8
b100 E
b100 x
b10011 -
b10011 z
b10011 ~
b10011 |
b110 `
b100 =
b100 b
b100 k
b100 v
b0 ("
b101000100011001 0
b101000100011001 s
b101000100011001 $"
b10011 <
b10011 {
b10011 !"
b10011 #"
b110000000100100 1
b110000000100100 a
b110000000100100 t
1'
#17670000
0'
#17680000
b101 `
b10100 -
b10100 z
b10100 ~
b10100 |
b0 ("
b101000100011001 1
b101000100011001 a
b101000100011001 t
b110000000100101 0
b110000000100101 s
b110000000100101 $"
b10100 <
b10100 {
b10100 !"
b10100 #"
1'
#17690000
0'
#17700000
b1000 A
b1000 O
b1000 Y
b1000 P
b101 8
b101 E
b101 x
b10101 -
b10101 z
b10101 ~
b10101 |
b110 `
b101 =
b101 b
b101 k
b101 v
b0 ("
b101000100100001 0
b101000100100001 s
b101000100100001 $"
b10101 <
b10101 {
b10101 !"
b10101 #"
b110000000100101 1
b110000000100101 a
b110000000100101 t
1'
#17710000
0'
#17720000
b101 `
b10110 -
b10110 z
b10110 ~
b10110 |
b0 ("
b101000100100001 1
b101000100100001 a
b101000100100001 t
b110000000100110 0
b110000000100110 s
b110000000100110 $"
b10110 <
b10110 {
b10110 !"
b10110 #"
1'
#17730000
0'
#17740000
b111 A
b111 O
b111 Y
b111 P
b110 8
b110 E
b110 x
b10111 -
b10111 z
b10111 ~
b10111 |
b110 `
b110 =
b110 b
b110 k
b110 v
b0 ("
b101000100101001 0
b101000100101001 s
b101000100101001 $"
b10111 <
b10111 {
b10111 !"
b10111 #"
b110000000100110 1
b110000000100110 a
b110000000100110 t
1'
#17750000
0'
#17760000
b101 `
b11000 -
b11000 z
b11000 ~
b11000 |
b0 ("
b101000100101001 1
b101000100101001 a
b101000100101001 t
b110000000100111 0
b110000000100111 s
b110000000100111 $"
b11000 <
b11000 {
b11000 !"
b11000 #"
1'
#17770000
0'
#17780000
b110 A
b110 O
b110 Y
b110 P
b111 8
b111 E
b111 x
b11001 -
b11001 z
b11001 ~
b11001 |
b110 `
b111 =
b111 b
b111 k
b111 v
b0 ("
b101000100110001 0
b101000100110001 s
b101000100110001 $"
b11001 <
b11001 {
b11001 !"
b11001 #"
b110000000100111 1
b110000000100111 a
b110000000100111 t
1'
#17790000
0'
#17800000
b101 `
b11010 -
b11010 z
b11010 ~
b11010 |
b0 ("
b101000100110001 1
b101000100110001 a
b101000100110001 t
b110000000101000 0
b110000000101000 s
b110000000101000 $"
b11010 <
b11010 {
b11010 !"
b11010 #"
1'
#17810000
0'
#17820000
b101 A
b101 O
b101 Y
b101 P
b1000 8
b1000 E
b1000 x
b11011 -
b11011 z
b11011 ~
b11011 |
b110 `
b1000 =
b1000 b
b1000 k
b1000 v
b0 ("
b101000100111001 0
b101000100111001 s
b101000100111001 $"
b11011 <
b11011 {
b11011 !"
b11011 #"
b110000000101000 1
b110000000101000 a
b110000000101000 t
1'
#17830000
0'
#17840000
b101 `
b11100 -
b11100 z
b11100 ~
b11100 |
b0 ("
b101000100111001 1
b101000100111001 a
b101000100111001 t
b110000000101001 0
b110000000101001 s
b110000000101001 $"
b11100 <
b11100 {
b11100 !"
b11100 #"
1'
#17850000
0'
#17860000
b100 A
b100 O
b100 Y
b100 P
b1001 8
b1001 E
b1001 x
b11101 -
b11101 z
b11101 ~
b11101 |
b110 `
b1001 =
b1001 b
b1001 k
b1001 v
b0 ("
b101000101000001 0
b101000101000001 s
b101000101000001 $"
b11101 <
b11101 {
b11101 !"
b11101 #"
b110000000101001 1
b110000000101001 a
b110000000101001 t
1'
#17870000
0'
#17880000
b101 `
b11110 -
b11110 z
b11110 ~
b11110 |
b0 ("
b101000101000001 1
b101000101000001 a
b101000101000001 t
b110000000101010 0
b110000000101010 s
b110000000101010 $"
b11110 <
b11110 {
b11110 !"
b11110 #"
1'
#17890000
0'
#17900000
b11 A
b11 O
b11 Y
b11 P
b1010 8
b1010 E
b1010 x
b11111 -
b11111 z
b11111 ~
b11111 |
b110 `
b1010 =
b1010 b
b1010 k
b1010 v
b0 ("
b101000101001001 0
b101000101001001 s
b101000101001001 $"
b11111 <
b11111 {
b11111 !"
b11111 #"
b110000000101010 1
b110000000101010 a
b110000000101010 t
1'
#17910000
0'
#17920000
b101 `
b100000 -
b100000 z
b100000 ~
b100000 |
b0 ("
b101000101001001 1
b101000101001001 a
b101000101001001 t
b110000000101011 0
b110000000101011 s
b110000000101011 $"
b100000 <
b100000 {
b100000 !"
b100000 #"
1'
#17930000
0'
#17940000
b10 A
b10 O
b10 Y
b10 P
b1011 8
b1011 E
b1011 x
b100001 -
b100001 z
b100001 ~
b100001 |
b110 `
b1011 =
b1011 b
b1011 k
b1011 v
b0 ("
b101000101010001 0
b101000101010001 s
b101000101010001 $"
b100001 <
b100001 {
b100001 !"
b100001 #"
b110000000101011 1
b110000000101011 a
b110000000101011 t
1'
#17950000
0'
#17960000
b101 `
b100010 -
b100010 z
b100010 ~
b100010 |
b0 ("
b101000101010001 1
b101000101010001 a
b101000101010001 t
b110000000101100 0
b110000000101100 s
b110000000101100 $"
b100010 <
b100010 {
b100010 !"
b100010 #"
1'
#17970000
0'
#17980000
b1 A
b1 O
b1 Y
b1 P
b1100 8
b1100 E
b1100 x
b100011 -
b100011 z
b100011 ~
b100011 |
b110 `
b1100 =
b1100 b
b1100 k
b1100 v
b0 ("
b101000101011001 0
b101000101011001 s
b101000101011001 $"
b100011 <
b100011 {
b100011 !"
b100011 #"
b110000000101100 1
b110000000101100 a
b110000000101100 t
1'
#17990000
0'
#18000000
b101 `
b100100 -
b100100 z
b100100 ~
b100100 |
b0 ("
b101000101011001 1
b101000101011001 a
b101000101011001 t
b110000000101101 0
b110000000101101 s
b110000000101101 $"
b100100 <
b100100 {
b100100 !"
b100100 #"
1'
#18010000
0'
#18020000
15
b0 A
b0 O
b0 Y
b0 P
b1101 8
b1101 E
b1101 x
b100101 -
b100101 z
b100101 ~
b100101 |
b110 `
b1101 =
b1101 b
b1101 k
b1101 v
b0 ("
b101000101100001 0
b101000101100001 s
b101000101100001 $"
b100101 <
b100101 {
b100101 !"
b100101 #"
b110000000101101 1
b110000000101101 a
b110000000101101 t
1'
#18030000
0'
#18040000
b10001 8
b10001 E
b10001 x
05
b10001 A
b10001 O
b10001 Y
b10001 P
bx :
bx F
bx W
b0 4
b0 [
b0 ]
b0 m
b10001 =
b10001 b
b10001 k
b10001 v
b101100 /
b101100 _
b101100 y
b101100 p
b0 >
b0 G
b0 \
b0 j
02
0o
1.
1q
16
b101 `
b1010010 -
b1010010 z
b1010010 ~
b1010010 |
b10 ("
b101000101100001 1
b101000101100001 a
b101000101100001 t
b110000000101110 0
b110000000101110 s
b110000000101110 $"
b100110 <
b100110 {
b100110 !"
b100110 #"
1'
#18050000
0'
#18060000
06
b1111110 -
b1111110 z
b1111110 ~
b1111110 |
b0 ("
1""
b1001010100001110 0
b1001010100001110 s
b1001010100001110 $"
b1010010 <
b1010010 {
b1010010 !"
b1010010 #"
1u
1'
#18070000
0'
#18080000
b1011110 A
b1011110 O
b1011110 Y
b1011110 P
b1011110 8
b1011110 E
b1011110 x
b1001 `
b1011110 :
b1011110 F
b1011110 W
b10000 4
b10000 [
b10000 ]
b10000 m
b1011110 =
b1011110 b
b1011110 k
b1011110 v
b0 /
b0 _
b0 y
b0 p
12
1o
0.
0q
1,
1r
b1010011 -
b1010011 z
b1010011 ~
b1010011 |
b0 ("
0u
b1001010100001110 1
b1001010100001110 a
b1001010100001110 t
0""
b1100000100001011 0
b1100000100001011 s
b1100000100001011 $"
b1010011 <
b1010011 {
b1010011 !"
b1010011 #"
1'
#18090000
0'
#18100000
b1010100 -
b1010100 z
b1010100 ~
b1010100 |
b1100 `
b1011110 9
b1011110 X
b1011110 w
b10000 3
b10000 Z
b10000 ^
b10000 n
b0 :
b0 F
b0 W
b101011 4
b101011 [
b101011 ]
b101011 m
b11011 =
b11011 b
b11011 k
b11011 v
17
b0 ("
b1011110 %"
b111000000000001 0
b111000000000001 s
b111000000000001 $"
b1010100 <
b1010100 {
b1010100 !"
b1010100 #"
b1100000100001011 1
b1100000100001011 a
b1100000100001011 t
1'
#18110000
0'
#18120000
b1 A
b1 O
b1 Y
b1 P
b1 8
b1 E
b1 x
b111 `
bx 9
bx X
bx w
b0 3
b0 Z
b0 ^
b0 n
b0 4
b0 [
b0 ]
b0 m
b1 =
b1 b
b1 k
b1 v
b1 /
b1 _
b1 y
b1 p
02
0o
1;
1l
1.
1q
0,
0r
07
b1 -
b1 z
b1 ~
b1 |
b0 ("
bx :
bx F
bx W
b1011110 !
b1011110 B
b1011110 V
b111000000000001 1
b111000000000001 a
b111000000000001 t
b1001011100001001 0
b1001011100001001 s
b1001011100001001 $"
b1010101 <
b1010101 {
b1010101 !"
b1010101 #"
1'
#18130000
0'
#18140000
b0 ("
1""
b1000000101000110 0
b1000000101000110 s
b1000000101000110 $"
b1 <
b1 {
b1 !"
b1 #"
1u
1'
#18150000
0'
#18160000
b1 -
b1 z
b1 ~
b1 |
b1000 `
b1 9
b1 X
b1 w
b100110 3
b100110 Z
b100110 ^
b100110 n
b1 :
b1 F
b1 W
b10100 4
b10100 [
b10100 ]
b10100 m
b10110 =
b10110 b
b10110 k
b10110 v
b1000110 /
b1000110 _
b1000110 y
b1000110 p
12
1o
0;
0l
0.
0q
1,
1r
17
b0 ("
0u
b1000000101000110 1
b1000000101000110 a
b1000000101000110 t
0""
b100000001000001 0
b100000001000001 s
b100000001000001 $"
b10 <
b10 {
b10 !"
b10 #"
1'
#18170000
0'
#18180000
b11 -
b11 z
b11 ~
b11 |
b100 `
bx 9
bx X
bx w
b0 3
b0 Z
b0 ^
b0 n
b1 =
b1 b
b1 k
b1 v
b0 /
b0 _
b0 y
b0 p
b10 >
b10 G
b10 \
b10 j
07
b0 ("
b110000001000000 0
b110000001000000 s
b110000001000000 $"
b11 <
b11 {
b11 !"
b11 #"
b100000001000001 1
b100000001000001 a
b100000001000001 t
1'
#18190000
0'
#18200000
b0 8
b0 E
b0 x
05
b1 A
b1 O
b1 Y
b1 P
b110 `
b0 =
b0 b
b0 k
b0 v
b11 >
b11 G
b11 \
b11 j
0,
0r
b100 -
b100 z
b100 ~
b100 |
b0 ("
b110000001000000 1
b110000001000000 a
b110000001000000 t
b101000000001001 0
b101000000001001 s
b101000000001001 $"
b100 <
b100 {
b100 !"
b100 #"
1'
#18210000
0'
#18220000
b101 -
b101 z
b101 ~
b101 |
b101 `
b0 ("
b111000000001000 0
b111000000001000 s
b111000000001000 $"
b101 <
b101 {
b101 !"
b101 #"
b101000000001001 1
b101000000001001 a
b101000000001001 t
1'
#18230000
0'
#18240000
b1000 8
b1000 E
b1000 x
05
b1000 A
b1000 O
b1000 Y
b1000 P
b111 `
bx :
bx F
bx W
b0 4
b0 [
b0 ]
b0 m
b1000 =
b1000 b
b1000 k
b1000 v
b1000 /
b1000 _
b1000 y
b1000 p
b0 >
b0 G
b0 \
b0 j
02
0o
1;
1l
1.
1q
b1000 -
b1000 z
b1000 ~
b1000 |
b0 ("
b111000000001000 1
b111000000001000 a
b111000000001000 t
b1100000101011011 0
b1100000101011011 s
b1100000101011011 $"
b110 <
b110 {
b110 !"
b110 #"
1'
#18250000
0'
#18260000
b0 ("
1""
b1000000100100011 0
b1000000100100011 s
b1000000100100011 $"
b1000 <
b1000 {
b1000 !"
b1000 #"
1u
1'
#18270000
0'
#18280000
b1101 A
b1101 O
b1101 Y
b1101 P
b1000 -
b1000 z
b1000 ~
b1000 |
b1101 8
b1101 E
b1101 x
b1000 `
b1101 9
b1101 X
b1101 w
b100011 3
b100011 Z
b100011 ^
b100011 n
b1101 :
b1101 F
b1101 W
b10010 4
b10010 [
b10010 ]
b10010 m
b10011 =
b10011 b
b10011 k
b10011 v
b100011 /
b100011 _
b100011 y
b100011 p
12
1o
0;
0l
0.
0q
1,
1r
17
b0 ("
0u
b1000000100100011 1
b1000000100100011 a
b1000000100100011 t
0""
b100000000101111 0
b100000000101111 s
b100000000101111 $"
b1001 <
b1001 {
b1001 !"
b1001 #"
1'
#18290000
0'
#18300000
b1111 8
b1111 E
b1111 x
b1010 -
b1010 z
b1010 ~
b1010 |
b100 `
bx 9
bx X
bx w
b0 3
b0 Z
b0 ^
b0 n
b1111 =
b1111 b
b1111 k
b1111 v
b0 /
b0 _
b0 y
b0 p
b10 >
b10 G
b10 \
b10 j
07
b0 ("
b1101 '"
b110000000100000 0
b110000000100000 s
b110000000100000 $"
b1010 <
b1010 {
b1010 !"
b1010 #"
b100000000101111 1
b100000000101111 a
b100000000101111 t
1'
#18310000
0'
#18320000
b0 8
b0 E
b0 x
0?
b1101 A
b1101 O
b1101 Y
b1101 P
b110 `
b0 =
b0 b
b0 k
b0 v
b11 >
b11 G
b11 \
b11 j
0,
0r
b1011 -
b1011 z
b1011 ~
b1011 |
b0 ("
b1101 '"
b110000000100000 1
b110000000100000 a
b110000000100000 t
b101000011111001 0
b101000011111001 s
b101000011111001 $"
b1011 <
b1011 {
b1011 !"
b1011 #"
1'
#18330000
0'
#18340000
b1100 -
b1100 z
b1100 ~
b1100 |
b101 `
b0 ("
b110000000100001 0
b110000000100001 s
b110000000100001 $"
b1100 <
b1100 {
b1100 !"
b1100 #"
b101000011111001 1
b101000011111001 a
b101000011111001 t
1'
#18350000
0'
#18360000
b1100 A
b1100 O
b1100 Y
b1100 P
b1 8
b1 E
b1 x
b110 `
b1 =
b1 b
b1 k
b1 v
b1101 -
b1101 z
b1101 ~
b1101 |
b0 ("
b110000000100001 1
b110000000100001 a
b110000000100001 t
b101000100000001 0
b101000100000001 s
b101000100000001 $"
b1101 <
b1101 {
b1101 !"
b1101 #"
1'
#18370000
0'
#18380000
b1110 -
b1110 z
b1110 ~
b1110 |
b101 `
b0 ("
b110000000100010 0
b110000000100010 s
b110000000100010 $"
b1110 <
b1110 {
b1110 !"
b1110 #"
b101000100000001 1
b101000100000001 a
b101000100000001 t
1'
#18390000
0'
#18400000
b1011 A
b1011 O
b1011 Y
b1011 P
b10 8
b10 E
b10 x
b110 `
b10 =
b10 b
b10 k
b10 v
b1111 -
b1111 z
b1111 ~
b1111 |
b0 ("
b110000000100010 1
b110000000100010 a
b110000000100010 t
b101000100001001 0
b101000100001001 s
b101000100001001 $"
b1111 <
b1111 {
b1111 !"
b1111 #"
1'
#18410000
0'
#18420000
b10000 -
b10000 z
b10000 ~
b10000 |
b101 `
b0 ("
b110000000100011 0
b110000000100011 s
b110000000100011 $"
b10000 <
b10000 {
b10000 !"
b10000 #"
b101000100001001 1
b101000100001001 a
b101000100001001 t
1'
#18430000
0'
#18440000
b1010 A
b1010 O
b1010 Y
b1010 P
b11 8
b11 E
b11 x
b110 `
b11 =
b11 b
b11 k
b11 v
b10001 -
b10001 z
b10001 ~
b10001 |
b0 ("
b110000000100011 1
b110000000100011 a
b110000000100011 t
b101000100010001 0
b101000100010001 s
b101000100010001 $"
b10001 <
b10001 {
b10001 !"
b10001 #"
1'
#18450000
0'
#18460000
b10010 -
b10010 z
b10010 ~
b10010 |
b101 `
b0 ("
b110000000100100 0
b110000000100100 s
b110000000100100 $"
b10010 <
b10010 {
b10010 !"
b10010 #"
b101000100010001 1
b101000100010001 a
b101000100010001 t
1'
#18470000
0'
#18480000
b1001 A
b1001 O
b1001 Y
b1001 P
b100 8
b100 E
b100 x
b110 `
b100 =
b100 b
b100 k
b100 v
b10011 -
b10011 z
b10011 ~
b10011 |
b0 ("
b110000000100100 1
b110000000100100 a
b110000000100100 t
b101000100011001 0
b101000100011001 s
b101000100011001 $"
b10011 <
b10011 {
b10011 !"
b10011 #"
1'
#18490000
0'
#18500000
b10100 -
b10100 z
b10100 ~
b10100 |
b101 `
b0 ("
b110000000100101 0
b110000000100101 s
b110000000100101 $"
b10100 <
b10100 {
b10100 !"
b10100 #"
b101000100011001 1
b101000100011001 a
b101000100011001 t
1'
#18510000
0'
#18520000
b1000 A
b1000 O
b1000 Y
b1000 P
b101 8
b101 E
b101 x
b110 `
b101 =
b101 b
b101 k
b101 v
b10101 -
b10101 z
b10101 ~
b10101 |
b0 ("
b110000000100101 1
b110000000100101 a
b110000000100101 t
b101000100100001 0
b101000100100001 s
b101000100100001 $"
b10101 <
b10101 {
b10101 !"
b10101 #"
1'
#18530000
0'
#18540000
b10110 -
b10110 z
b10110 ~
b10110 |
b101 `
b0 ("
b110000000100110 0
b110000000100110 s
b110000000100110 $"
b10110 <
b10110 {
b10110 !"
b10110 #"
b101000100100001 1
b101000100100001 a
b101000100100001 t
1'
#18550000
0'
#18560000
b111 A
b111 O
b111 Y
b111 P
b110 8
b110 E
b110 x
b110 `
b110 =
b110 b
b110 k
b110 v
b10111 -
b10111 z
b10111 ~
b10111 |
b0 ("
b110000000100110 1
b110000000100110 a
b110000000100110 t
b101000100101001 0
b101000100101001 s
b101000100101001 $"
b10111 <
b10111 {
b10111 !"
b10111 #"
1'
#18570000
0'
#18580000
b11000 -
b11000 z
b11000 ~
b11000 |
b101 `
b0 ("
b110000000100111 0
b110000000100111 s
b110000000100111 $"
b11000 <
b11000 {
b11000 !"
b11000 #"
b101000100101001 1
b101000100101001 a
b101000100101001 t
1'
#18590000
0'
#18600000
b110 A
b110 O
b110 Y
b110 P
b111 8
b111 E
b111 x
b110 `
b111 =
b111 b
b111 k
b111 v
b11001 -
b11001 z
b11001 ~
b11001 |
b0 ("
b110000000100111 1
b110000000100111 a
b110000000100111 t
b101000100110001 0
b101000100110001 s
b101000100110001 $"
b11001 <
b11001 {
b11001 !"
b11001 #"
1'
#18610000
0'
#18620000
b11010 -
b11010 z
b11010 ~
b11010 |
b101 `
b0 ("
b110000000101000 0
b110000000101000 s
b110000000101000 $"
b11010 <
b11010 {
b11010 !"
b11010 #"
b101000100110001 1
b101000100110001 a
b101000100110001 t
1'
#18630000
0'
#18640000
b101 A
b101 O
b101 Y
b101 P
b1000 8
b1000 E
b1000 x
b110 `
b1000 =
b1000 b
b1000 k
b1000 v
b11011 -
b11011 z
b11011 ~
b11011 |
b0 ("
b110000000101000 1
b110000000101000 a
b110000000101000 t
b101000100111001 0
b101000100111001 s
b101000100111001 $"
b11011 <
b11011 {
b11011 !"
b11011 #"
1'
#18650000
0'
#18660000
b11100 -
b11100 z
b11100 ~
b11100 |
b101 `
b0 ("
b110000000101001 0
b110000000101001 s
b110000000101001 $"
b11100 <
b11100 {
b11100 !"
b11100 #"
b101000100111001 1
b101000100111001 a
b101000100111001 t
1'
#18670000
0'
#18680000
b100 A
b100 O
b100 Y
b100 P
b1001 8
b1001 E
b1001 x
b110 `
b1001 =
b1001 b
b1001 k
b1001 v
b11101 -
b11101 z
b11101 ~
b11101 |
b0 ("
b110000000101001 1
b110000000101001 a
b110000000101001 t
b101000101000001 0
b101000101000001 s
b101000101000001 $"
b11101 <
b11101 {
b11101 !"
b11101 #"
1'
#18690000
0'
#18700000
b11110 -
b11110 z
b11110 ~
b11110 |
b101 `
b0 ("
b110000000101010 0
b110000000101010 s
b110000000101010 $"
b11110 <
b11110 {
b11110 !"
b11110 #"
b101000101000001 1
b101000101000001 a
b101000101000001 t
1'
#18710000
0'
#18720000
b11 A
b11 O
b11 Y
b11 P
b1010 8
b1010 E
b1010 x
b110 `
b1010 =
b1010 b
b1010 k
b1010 v
b11111 -
b11111 z
b11111 ~
b11111 |
b0 ("
b110000000101010 1
b110000000101010 a
b110000000101010 t
b101000101001001 0
b101000101001001 s
b101000101001001 $"
b11111 <
b11111 {
b11111 !"
b11111 #"
1'
#18730000
0'
#18740000
b100000 -
b100000 z
b100000 ~
b100000 |
b101 `
b0 ("
b110000000101011 0
b110000000101011 s
b110000000101011 $"
b100000 <
b100000 {
b100000 !"
b100000 #"
b101000101001001 1
b101000101001001 a
b101000101001001 t
1'
#18750000
0'
#18760000
b10 A
b10 O
b10 Y
b10 P
b1011 8
b1011 E
b1011 x
b110 `
b1011 =
b1011 b
b1011 k
b1011 v
b100001 -
b100001 z
b100001 ~
b100001 |
b0 ("
b110000000101011 1
b110000000101011 a
b110000000101011 t
b101000101010001 0
b101000101010001 s
b101000101010001 $"
b100001 <
b100001 {
b100001 !"
b100001 #"
1'
#18770000
0'
#18780000
b100010 -
b100010 z
b100010 ~
b100010 |
b101 `
b0 ("
b110000000101100 0
b110000000101100 s
b110000000101100 $"
b100010 <
b100010 {
b100010 !"
b100010 #"
b101000101010001 1
b101000101010001 a
b101000101010001 t
1'
#18790000
0'
#18800000
b1 A
b1 O
b1 Y
b1 P
b1100 8
b1100 E
b1100 x
b110 `
b1100 =
b1100 b
b1100 k
b1100 v
b100011 -
b100011 z
b100011 ~
b100011 |
b0 ("
b110000000101100 1
b110000000101100 a
b110000000101100 t
b101000101011001 0
b101000101011001 s
b101000101011001 $"
b100011 <
b100011 {
b100011 !"
b100011 #"
1'
#18810000
0'
#18820000
b100100 -
b100100 z
b100100 ~
b100100 |
b101 `
b0 ("
b110000000101101 0
b110000000101101 s
b110000000101101 $"
b100100 <
b100100 {
b100100 !"
b100100 #"
b101000101011001 1
b101000101011001 a
b101000101011001 t
1'
#18830000
0'
#18840000
15
b0 A
b0 O
b0 Y
b0 P
b1101 8
b1101 E
b1101 x
b110 `
b1101 =
b1101 b
b1101 k
b1101 v
b100101 -
b100101 z
b100101 ~
b100101 |
b0 ("
b110000000101101 1
b110000000101101 a
b110000000101101 t
b101000101100001 0
b101000101100001 s
b101000101100001 $"
b100101 <
b100101 {
b100101 !"
b100101 #"
1'
#18850000
0'
#18860000
b10001 8
b10001 E
b10001 x
05
b10001 A
b10001 O
b10001 Y
b10001 P
bx :
bx F
bx W
b0 4
b0 [
b0 ]
b0 m
b10001 =
b10001 b
b10001 k
b10001 v
b101100 /
b101100 _
b101100 y
b101100 p
b0 >
b0 G
b0 \
b0 j
02
0o
1.
1q
16
b1010010 -
b1010010 z
b1010010 ~
b1010010 |
b101 `
b10 ("
b110000000101110 0
b110000000101110 s
b110000000101110 $"
b100110 <
b100110 {
b100110 !"
b100110 #"
b101000101100001 1
b101000101100001 a
b101000101100001 t
1'
#18870000
0'
#18880000
06
b1111110 -
b1111110 z
b1111110 ~
b1111110 |
b0 ("
1u
1""
b1001010100001110 0
b1001010100001110 s
b1001010100001110 $"
b1010010 <
b1010010 {
b1010010 !"
b1010010 #"
1'
#18890000
0'
#18900000
b1011110 A
b1011110 O
b1011110 Y
b1011110 P
b1011110 8
b1011110 E
b1011110 x
b1010011 -
b1010011 z
b1010011 ~
b1010011 |
b1001 `
b1011110 :
b1011110 F
b1011110 W
b10000 4
b10000 [
b10000 ]
b10000 m
b1011110 =
b1011110 b
b1011110 k
b1011110 v
b0 /
b0 _
b0 y
b0 p
12
1o
0.
0q
1,
1r
b0 ("
0""
b1100000100001011 0
b1100000100001011 s
b1100000100001011 $"
b1010011 <
b1010011 {
b1010011 !"
b1010011 #"
0u
b1001010100001110 1
b1001010100001110 a
b1001010100001110 t
1'
#18910000
0'
#18920000
b1100 `
b1011110 9
b1011110 X
b1011110 w
b10000 3
b10000 Z
b10000 ^
b10000 n
b101011 4
b101011 [
b101011 ]
b101011 m
b11011 =
b11011 b
b11011 k
b11011 v
17
b1010100 -
b1010100 z
b1010100 ~
b1010100 |
b0 ("
b1011110 %"
b1100000100001011 1
b1100000100001011 a
b1100000100001011 t
b111000000000001 0
b111000000000001 s
b111000000000001 $"
b1010100 <
b1010100 {
b1010100 !"
b1010100 #"
1'
#18930000
0'
#18940000
b1 -
b1 z
b1 ~
b1 |
b1 A
b1 O
b1 Y
b1 P
b1 8
b1 E
b1 x
b111 `
bx 9
bx X
bx w
b0 3
b0 Z
b0 ^
b0 n
bx :
bx F
bx W
b0 4
b0 [
b0 ]
b0 m
b1 =
b1 b
b1 k
b1 v
b1 /
b1 _
b1 y
b1 p
02
0o
1;
1l
1.
1q
0,
0r
07
b0 ("
b1001011100001001 0
b1001011100001001 s
b1001011100001001 $"
b1010101 <
b1010101 {
b1010101 !"
b1010101 #"
b111000000000001 1
b111000000000001 a
b111000000000001 t
1'
#18950000
0'
#18960000
b0 ("
1u
1""
b1000000101000110 0
b1000000101000110 s
b1000000101000110 $"
b1 <
b1 {
b1 !"
b1 #"
1'
#18970000
0'
#18980000
b1001000 -
b1001000 z
b1001000 ~
b1001000 |
b1000 `
b1 9
b1 X
b1 w
b100110 3
b100110 Z
b100110 ^
b100110 n
b1 :
b1 F
b1 W
b10100 4
b10100 [
b10100 ]
b10100 m
b10110 =
b10110 b
b10110 k
b10110 v
b1000110 /
b1000110 _
b1000110 y
b1000110 p
12
1o
0;
0l
0.
0q
1,
1r
17
b0 ("
0""
b100000001000001 0
b100000001000001 s
b100000001000001 $"
b10 <
b10 {
b10 !"
b10 #"
0u
b1000000101000110 1
b1000000101000110 a
b1000000101000110 t
1'
#18990000
0'
#19000000
b100 `
bx 9
bx X
bx w
b0 3
b0 Z
b0 ^
b0 n
b1 =
b1 b
b1 k
b1 v
b0 /
b0 _
b0 y
b0 p
b10 >
b10 G
b10 \
b10 j
07
b11 -
b11 z
b11 ~
b11 |
b0 ("
b100000001000001 1
b100000001000001 a
b100000001000001 t
b110000001000000 0
b110000001000000 s
b110000001000000 $"
b11 <
b11 {
b11 !"
b11 #"
1'
#19010000
0'
#19020000
b0 8
b0 E
b0 x
05
b1 A
b1 O
b1 Y
b1 P
b100 -
b100 z
b100 ~
b100 |
b110 `
b0 =
b0 b
b0 k
b0 v
b11 >
b11 G
b11 \
b11 j
0,
0r
b0 ("
b101000000001001 0
b101000000001001 s
b101000000001001 $"
b100 <
b100 {
b100 !"
b100 #"
b110000001000000 1
b110000001000000 a
b110000001000000 t
1'
#19030000
0'
#19040000
b101 `
b101 -
b101 z
b101 ~
b101 |
b0 ("
b101000000001001 1
b101000000001001 a
b101000000001001 t
b111000000001000 0
b111000000001000 s
b111000000001000 $"
b101 <
b101 {
b101 !"
b101 #"
1'
#19050000
0'
#19060000
b1000 -
b1000 z
b1000 ~
b1000 |
b1000 8
b1000 E
b1000 x
05
b1000 A
b1000 O
b1000 Y
b1000 P
b111 `
bx :
bx F
bx W
b0 4
b0 [
b0 ]
b0 m
b1000 =
b1000 b
b1000 k
b1000 v
b1000 /
b1000 _
b1000 y
b1000 p
b0 >
b0 G
b0 \
b0 j
02
0o
1;
1l
1.
1q
b0 ("
b1100000101011011 0
b1100000101011011 s
b1100000101011011 $"
b110 <
b110 {
b110 !"
b110 #"
b111000000001000 1
b111000000001000 a
b111000000001000 t
1'
#19070000
0'
#19080000
b0 ("
1u
1""
b1000000100100011 0
b1000000100100011 s
b1000000100100011 $"
b1000 <
b1000 {
b1000 !"
b1000 #"
1'
#19090000
0'
#19100000
b1101 A
b1101 O
b1101 Y
b1101 P
b1101 8
b1101 E
b1101 x
b101100 -
b101100 z
b101100 ~
b101100 |
b1000 `
b1101 9
b1101 X
b1101 w
b100011 3
b100011 Z
b100011 ^
b100011 n
b1101 :
b1101 F
b1101 W
b10010 4
b10010 [
b10010 ]
b10010 m
b10011 =
b10011 b
b10011 k
b10011 v
b100011 /
b100011 _
b100011 y
b100011 p
12
1o
0;
0l
0.
0q
1,
1r
17
b0 ("
0""
b100000000101111 0
b100000000101111 s
b100000000101111 $"
b1001 <
b1001 {
b1001 !"
b1001 #"
0u
b1000000100100011 1
b1000000100100011 a
b1000000100100011 t
1'
#19110000
0'
#19120000
b1111 8
b1111 E
b1111 x
b100 `
bx 9
bx X
bx w
b0 3
b0 Z
b0 ^
b0 n
b1111 =
b1111 b
b1111 k
b1111 v
b0 /
b0 _
b0 y
b0 p
b10 >
b10 G
b10 \
b10 j
07
b1010 -
b1010 z
b1010 ~
b1010 |
b0 ("
b1101 '"
b100000000101111 1
b100000000101111 a
b100000000101111 t
b110000000100000 0
b110000000100000 s
b110000000100000 $"
b1010 <
b1010 {
b1010 !"
b1010 #"
1'
#19130000
0'
#19140000
b0 8
b0 E
b0 x
0?
b1101 A
b1101 O
b1101 Y
b1101 P
b1011 -
b1011 z
b1011 ~
b1011 |
b110 `
b0 =
b0 b
b0 k
b0 v
b11 >
b11 G
b11 \
b11 j
0,
0r
b0 ("
b1101 '"
b101000011111001 0
b101000011111001 s
b101000011111001 $"
b1011 <
b1011 {
b1011 !"
b1011 #"
b110000000100000 1
b110000000100000 a
b110000000100000 t
1'
#19150000
0'
#19160000
b101 `
b1100 -
b1100 z
b1100 ~
b1100 |
b0 ("
b101000011111001 1
b101000011111001 a
b101000011111001 t
b110000000100001 0
b110000000100001 s
b110000000100001 $"
b1100 <
b1100 {
b1100 !"
b1100 #"
1'
#19170000
0'
#19180000
b1100 A
b1100 O
b1100 Y
b1100 P
b1 8
b1 E
b1 x
b1101 -
b1101 z
b1101 ~
b1101 |
b110 `
b1 =
b1 b
b1 k
b1 v
b0 ("
b101000100000001 0
b101000100000001 s
b101000100000001 $"
b1101 <
b1101 {
b1101 !"
b1101 #"
b110000000100001 1
b110000000100001 a
b110000000100001 t
1'
#19190000
0'
#19200000
b101 `
b1110 -
b1110 z
b1110 ~
b1110 |
b0 ("
b101000100000001 1
b101000100000001 a
b101000100000001 t
b110000000100010 0
b110000000100010 s
b110000000100010 $"
b1110 <
b1110 {
b1110 !"
b1110 #"
1'
#19205000
b1110 $
b1110 )
b1110 Q
#19210000
0'
#19220000
b1011 A
b1011 O
b1011 Y
b1011 P
b10 8
b10 E
b10 x
b1111 -
b1111 z
b1111 ~
b1111 |
b110 `
b10 =
b10 b
b10 k
b10 v
b0 ("
b101000100001001 0
b101000100001001 s
b101000100001001 $"
b1111 <
b1111 {
b1111 !"
b1111 #"
b110000000100010 1
b110000000100010 a
b110000000100010 t
1'
#19230000
0'
#19240000
b101 `
b10000 -
b10000 z
b10000 ~
b10000 |
b0 ("
b101000100001001 1
b101000100001001 a
b101000100001001 t
b110000000100011 0
b110000000100011 s
b110000000100011 $"
b10000 <
b10000 {
b10000 !"
b10000 #"
1'
#19250000
0'
#19260000
b1010 A
b1010 O
b1010 Y
b1010 P
b11 8
b11 E
b11 x
b10001 -
b10001 z
b10001 ~
b10001 |
b110 `
b11 =
b11 b
b11 k
b11 v
b0 ("
b101000100010001 0
b101000100010001 s
b101000100010001 $"
b10001 <
b10001 {
b10001 !"
b10001 #"
b110000000100011 1
b110000000100011 a
b110000000100011 t
1'
#19270000
0'
#19280000
b101 `
b10010 -
b10010 z
b10010 ~
b10010 |
b0 ("
b101000100010001 1
b101000100010001 a
b101000100010001 t
b110000000100100 0
b110000000100100 s
b110000000100100 $"
b10010 <
b10010 {
b10010 !"
b10010 #"
1'
#19290000
0'
#19300000
b1001 A
b1001 O
b1001 Y
b1001 P
b100 8
b100 E
b100 x
b10011 -
b10011 z
b10011 ~
b10011 |
b110 `
b100 =
b100 b
b100 k
b100 v
b0 ("
b101000100011001 0
b101000100011001 s
b101000100011001 $"
b10011 <
b10011 {
b10011 !"
b10011 #"
b110000000100100 1
b110000000100100 a
b110000000100100 t
1'
#19310000
0'
#19320000
b101 `
b10100 -
b10100 z
b10100 ~
b10100 |
b0 ("
b101000100011001 1
b101000100011001 a
b101000100011001 t
b110000000100101 0
b110000000100101 s
b110000000100101 $"
b10100 <
b10100 {
b10100 !"
b10100 #"
1'
#19330000
0'
#19340000
b1000 A
b1000 O
b1000 Y
b1000 P
b101 8
b101 E
b101 x
b10101 -
b10101 z
b10101 ~
b10101 |
b110 `
b101 =
b101 b
b101 k
b101 v
b0 ("
b101000100100001 0
b101000100100001 s
b101000100100001 $"
b10101 <
b10101 {
b10101 !"
b10101 #"
b110000000100101 1
b110000000100101 a
b110000000100101 t
1'
#19350000
0'
#19360000
b101 `
b10110 -
b10110 z
b10110 ~
b10110 |
b0 ("
b101000100100001 1
b101000100100001 a
b101000100100001 t
b110000000100110 0
b110000000100110 s
b110000000100110 $"
b10110 <
b10110 {
b10110 !"
b10110 #"
1'
#19370000
0'
#19380000
b111 A
b111 O
b111 Y
b111 P
b110 8
b110 E
b110 x
b10111 -
b10111 z
b10111 ~
b10111 |
b110 `
b110 =
b110 b
b110 k
b110 v
b0 ("
b101000100101001 0
b101000100101001 s
b101000100101001 $"
b10111 <
b10111 {
b10111 !"
b10111 #"
b110000000100110 1
b110000000100110 a
b110000000100110 t
1'
#19390000
0'
#19400000
b101 `
b11000 -
b11000 z
b11000 ~
b11000 |
b0 ("
b101000100101001 1
b101000100101001 a
b101000100101001 t
b110000000100111 0
b110000000100111 s
b110000000100111 $"
b11000 <
b11000 {
b11000 !"
b11000 #"
1'
#19410000
0'
#19420000
b110 A
b110 O
b110 Y
b110 P
b111 8
b111 E
b111 x
b11001 -
b11001 z
b11001 ~
b11001 |
b110 `
b111 =
b111 b
b111 k
b111 v
b0 ("
b101000100110001 0
b101000100110001 s
b101000100110001 $"
b11001 <
b11001 {
b11001 !"
b11001 #"
b110000000100111 1
b110000000100111 a
b110000000100111 t
1'
#19430000
0'
#19440000
b101 `
b11010 -
b11010 z
b11010 ~
b11010 |
b0 ("
b101000100110001 1
b101000100110001 a
b101000100110001 t
b110000000101000 0
b110000000101000 s
b110000000101000 $"
b11010 <
b11010 {
b11010 !"
b11010 #"
1'
#19450000
0'
#19460000
b101 A
b101 O
b101 Y
b101 P
b1000 8
b1000 E
b1000 x
b11011 -
b11011 z
b11011 ~
b11011 |
b110 `
b1000 =
b1000 b
b1000 k
b1000 v
b0 ("
b101000100111001 0
b101000100111001 s
b101000100111001 $"
b11011 <
b11011 {
b11011 !"
b11011 #"
b110000000101000 1
b110000000101000 a
b110000000101000 t
1'
#19470000
0'
#19480000
b101 `
b11100 -
b11100 z
b11100 ~
b11100 |
b0 ("
b101000100111001 1
b101000100111001 a
b101000100111001 t
b110000000101001 0
b110000000101001 s
b110000000101001 $"
b11100 <
b11100 {
b11100 !"
b11100 #"
1'
#19490000
0'
#19500000
b100 A
b100 O
b100 Y
b100 P
b1001 8
b1001 E
b1001 x
b11101 -
b11101 z
b11101 ~
b11101 |
b110 `
b1001 =
b1001 b
b1001 k
b1001 v
b0 ("
b101000101000001 0
b101000101000001 s
b101000101000001 $"
b11101 <
b11101 {
b11101 !"
b11101 #"
b110000000101001 1
b110000000101001 a
b110000000101001 t
1'
#19510000
0'
#19520000
b101 `
b11110 -
b11110 z
b11110 ~
b11110 |
b0 ("
b101000101000001 1
b101000101000001 a
b101000101000001 t
b110000000101010 0
b110000000101010 s
b110000000101010 $"
b11110 <
b11110 {
b11110 !"
b11110 #"
1'
#19530000
0'
#19540000
b11 A
b11 O
b11 Y
b11 P
b1010 8
b1010 E
b1010 x
b11111 -
b11111 z
b11111 ~
b11111 |
b110 `
b1010 =
b1010 b
b1010 k
b1010 v
b0 ("
b101000101001001 0
b101000101001001 s
b101000101001001 $"
b11111 <
b11111 {
b11111 !"
b11111 #"
b110000000101010 1
b110000000101010 a
b110000000101010 t
1'
#19550000
0'
#19560000
b101 `
b100000 -
b100000 z
b100000 ~
b100000 |
b0 ("
b101000101001001 1
b101000101001001 a
b101000101001001 t
b110000000101011 0
b110000000101011 s
b110000000101011 $"
b100000 <
b100000 {
b100000 !"
b100000 #"
1'
#19570000
0'
#19580000
b10 A
b10 O
b10 Y
b10 P
b1011 8
b1011 E
b1011 x
b100001 -
b100001 z
b100001 ~
b100001 |
b110 `
b1011 =
b1011 b
b1011 k
b1011 v
b0 ("
b101000101010001 0
b101000101010001 s
b101000101010001 $"
b100001 <
b100001 {
b100001 !"
b100001 #"
b110000000101011 1
b110000000101011 a
b110000000101011 t
1'
#19590000
0'
#19600000
b101 `
b100010 -
b100010 z
b100010 ~
b100010 |
b0 ("
b101000101010001 1
b101000101010001 a
b101000101010001 t
b110000000101100 0
b110000000101100 s
b110000000101100 $"
b100010 <
b100010 {
b100010 !"
b100010 #"
1'
#19610000
0'
#19620000
b1 A
b1 O
b1 Y
b1 P
b1100 8
b1100 E
b1100 x
b100011 -
b100011 z
b100011 ~
b100011 |
b110 `
b1100 =
b1100 b
b1100 k
b1100 v
b0 ("
b101000101011001 0
b101000101011001 s
b101000101011001 $"
b100011 <
b100011 {
b100011 !"
b100011 #"
b110000000101100 1
b110000000101100 a
b110000000101100 t
1'
#19630000
0'
#19640000
b101 `
b100100 -
b100100 z
b100100 ~
b100100 |
b0 ("
b101000101011001 1
b101000101011001 a
b101000101011001 t
b110000000101101 0
b110000000101101 s
b110000000101101 $"
b100100 <
b100100 {
b100100 !"
b100100 #"
1'
#19650000
0'
#19660000
15
b0 A
b0 O
b0 Y
b0 P
b1101 8
b1101 E
b1101 x
b100101 -
b100101 z
b100101 ~
b100101 |
b110 `
b1101 =
b1101 b
b1101 k
b1101 v
b0 ("
b101000101100001 0
b101000101100001 s
b101000101100001 $"
b100101 <
b100101 {
b100101 !"
b100101 #"
b110000000101101 1
b110000000101101 a
b110000000101101 t
1'
#19670000
0'
#19680000
b10001 8
b10001 E
b10001 x
05
b10001 A
b10001 O
b10001 Y
b10001 P
bx :
bx F
bx W
b0 4
b0 [
b0 ]
b0 m
b10001 =
b10001 b
b10001 k
b10001 v
b101100 /
b101100 _
b101100 y
b101100 p
b0 >
b0 G
b0 \
b0 j
02
0o
1.
1q
16
b101 `
b1010010 -
b1010010 z
b1010010 ~
b1010010 |
b10 ("
b101000101100001 1
b101000101100001 a
b101000101100001 t
b110000000101110 0
b110000000101110 s
b110000000101110 $"
b100110 <
b100110 {
b100110 !"
b100110 #"
1'
#19690000
0'
#19700000
06
b1111110 -
b1111110 z
b1111110 ~
b1111110 |
b0 ("
1""
b1001010100001110 0
b1001010100001110 s
b1001010100001110 $"
b1010010 <
b1010010 {
b1010010 !"
b1010010 #"
1u
1'
#19710000
0'
#19720000
b1011110 A
b1011110 O
b1011110 Y
b1011110 P
b1011110 8
b1011110 E
b1011110 x
b1001 `
b1011110 :
b1011110 F
b1011110 W
b10000 4
b10000 [
b10000 ]
b10000 m
b1011110 =
b1011110 b
b1011110 k
b1011110 v
b0 /
b0 _
b0 y
b0 p
12
1o
0.
0q
1,
1r
b1010011 -
b1010011 z
b1010011 ~
b1010011 |
b0 ("
0u
b1001010100001110 1
b1001010100001110 a
b1001010100001110 t
0""
b1100000100001011 0
b1100000100001011 s
b1100000100001011 $"
b1010011 <
b1010011 {
b1010011 !"
b1010011 #"
1'
#19730000
0'
#19740000
b1010100 -
b1010100 z
b1010100 ~
b1010100 |
b1100 `
b1011110 9
b1011110 X
b1011110 w
b10000 3
b10000 Z
b10000 ^
b10000 n
b101011 4
b101011 [
b101011 ]
b101011 m
b11011 =
b11011 b
b11011 k
b11011 v
17
b0 ("
b1011110 %"
b111000000000001 0
b111000000000001 s
b111000000000001 $"
b1010100 <
b1010100 {
b1010100 !"
b1010100 #"
b1100000100001011 1
b1100000100001011 a
b1100000100001011 t
1'
#19750000
0'
#19760000
b1 A
b1 O
b1 Y
b1 P
b1 8
b1 E
b1 x
b111 `
bx 9
bx X
bx w
b0 3
b0 Z
b0 ^
b0 n
bx :
bx F
bx W
b0 4
b0 [
b0 ]
b0 m
b1 =
b1 b
b1 k
b1 v
b1 /
b1 _
b1 y
b1 p
02
0o
1;
1l
1.
1q
0,
0r
07
b1 -
b1 z
b1 ~
b1 |
b0 ("
b111000000000001 1
b111000000000001 a
b111000000000001 t
b1001011100001001 0
b1001011100001001 s
b1001011100001001 $"
b1010101 <
b1010101 {
b1010101 !"
b1010101 #"
1'
#19770000
0'
#19780000
b0 ("
1""
b1000000101000110 0
b1000000101000110 s
b1000000101000110 $"
b1 <
b1 {
b1 !"
b1 #"
1u
1'
#19790000
0'
#19800000
b1 -
b1 z
b1 ~
b1 |
b1000 `
b1 9
b1 X
b1 w
b100110 3
b100110 Z
b100110 ^
b100110 n
b1 :
b1 F
b1 W
b10100 4
b10100 [
b10100 ]
b10100 m
b10110 =
b10110 b
b10110 k
b10110 v
b1000110 /
b1000110 _
b1000110 y
b1000110 p
12
1o
0;
0l
0.
0q
1,
1r
17
b0 ("
0u
b1000000101000110 1
b1000000101000110 a
b1000000101000110 t
0""
b100000001000001 0
b100000001000001 s
b100000001000001 $"
b10 <
b10 {
b10 !"
b10 #"
1'
#19810000
0'
#19820000
b11 -
b11 z
b11 ~
b11 |
b100 `
bx 9
bx X
bx w
b0 3
b0 Z
b0 ^
b0 n
b1 =
b1 b
b1 k
b1 v
b0 /
b0 _
b0 y
b0 p
b10 >
b10 G
b10 \
b10 j
07
b0 ("
b110000001000000 0
b110000001000000 s
b110000001000000 $"
b11 <
b11 {
b11 !"
b11 #"
b100000001000001 1
b100000001000001 a
b100000001000001 t
1'
#19830000
0'
#19840000
b0 8
b0 E
b0 x
05
b1 A
b1 O
b1 Y
b1 P
b110 `
b0 =
b0 b
b0 k
b0 v
b11 >
b11 G
b11 \
b11 j
0,
0r
b100 -
b100 z
b100 ~
b100 |
b0 ("
b110000001000000 1
b110000001000000 a
b110000001000000 t
b101000000001001 0
b101000000001001 s
b101000000001001 $"
b100 <
b100 {
b100 !"
b100 #"
1'
#19850000
0'
#19860000
b101 -
b101 z
b101 ~
b101 |
b101 `
b0 ("
b111000000001000 0
b111000000001000 s
b111000000001000 $"
b101 <
b101 {
b101 !"
b101 #"
b101000000001001 1
b101000000001001 a
b101000000001001 t
1'
#19870000
0'
#19880000
b1000 8
b1000 E
b1000 x
05
b1000 A
b1000 O
b1000 Y
b1000 P
b111 `
bx :
bx F
bx W
b0 4
b0 [
b0 ]
b0 m
b1000 =
b1000 b
b1000 k
b1000 v
b1000 /
b1000 _
b1000 y
b1000 p
b0 >
b0 G
b0 \
b0 j
02
0o
1;
1l
1.
1q
b1000 -
b1000 z
b1000 ~
b1000 |
b0 ("
b111000000001000 1
b111000000001000 a
b111000000001000 t
b1100000101011011 0
b1100000101011011 s
b1100000101011011 $"
b110 <
b110 {
b110 !"
b110 #"
1'
#19890000
0'
#19900000
b0 ("
1""
b1000000100100011 0
b1000000100100011 s
b1000000100100011 $"
b1000 <
b1000 {
b1000 !"
b1000 #"
1u
1'
#19910000
0'
#19920000
b1110 A
b1110 O
b1110 Y
b1110 P
b1000 -
b1000 z
b1000 ~
b1000 |
b1110 8
b1110 E
b1110 x
b1000 `
b1110 9
b1110 X
b1110 w
b100011 3
b100011 Z
b100011 ^
b100011 n
b1101 :
b1101 F
b1101 W
b10010 4
b10010 [
b10010 ]
b10010 m
b10011 =
b10011 b
b10011 k
b10011 v
b100011 /
b100011 _
b100011 y
b100011 p
12
1o
0;
0l
0.
0q
1,
1r
17
b0 ("
0u
b1000000100100011 1
b1000000100100011 a
b1000000100100011 t
0""
b100000000101111 0
b100000000101111 s
b100000000101111 $"
b1001 <
b1001 {
b1001 !"
b1001 #"
1'
#19930000
0'
#19940000
b1111 8
b1111 E
b1111 x
b1010 -
b1010 z
b1010 ~
b1010 |
b100 `
bx 9
bx X
bx w
b0 3
b0 Z
b0 ^
b0 n
b1111 =
b1111 b
b1111 k
b1111 v
b0 /
b0 _
b0 y
b0 p
b10 >
b10 G
b10 \
b10 j
07
b0 ("
b1110 '"
b1110 :
b1110 F
b1110 W
b110000000100000 0
b110000000100000 s
b110000000100000 $"
b1010 <
b1010 {
b1010 !"
b1010 #"
b100000000101111 1
b100000000101111 a
b100000000101111 t
1'
#19950000
0'
#19960000
b0 8
b0 E
b0 x
0?
b1110 A
b1110 O
b1110 Y
b1110 P
b110 `
b0 =
b0 b
b0 k
b0 v
b11 >
b11 G
b11 \
b11 j
0,
0r
b1011 -
b1011 z
b1011 ~
b1011 |
b0 ("
b1110 '"
b110000000100000 1
b110000000100000 a
b110000000100000 t
b101000011111001 0
b101000011111001 s
b101000011111001 $"
b1011 <
b1011 {
b1011 !"
b1011 #"
1'
#19970000
0'
#19980000
b1100 -
b1100 z
b1100 ~
b1100 |
b101 `
b0 ("
b110000000100001 0
b110000000100001 s
b110000000100001 $"
b1100 <
b1100 {
b1100 !"
b1100 #"
b101000011111001 1
b101000011111001 a
b101000011111001 t
1'
#19990000
0'
#20000000
b1101 A
b1101 O
b1101 Y
b1101 P
b1 8
b1 E
b1 x
b110 `
b1 =
b1 b
b1 k
b1 v
b1101 -
b1101 z
b1101 ~
b1101 |
b0 ("
b110000000100001 1
b110000000100001 a
b110000000100001 t
b101000100000001 0
b101000100000001 s
b101000100000001 $"
b1101 <
b1101 {
b1101 !"
b1101 #"
1'
#20010000
0'
#20020000
b1110 -
b1110 z
b1110 ~
b1110 |
b101 `
b0 ("
b110000000100010 0
b110000000100010 s
b110000000100010 $"
b1110 <
b1110 {
b1110 !"
b1110 #"
b101000100000001 1
b101000100000001 a
b101000100000001 t
1'
#20030000
0'
#20040000
b1100 A
b1100 O
b1100 Y
b1100 P
b10 8
b10 E
b10 x
b110 `
b10 =
b10 b
b10 k
b10 v
b1111 -
b1111 z
b1111 ~
b1111 |
b0 ("
b110000000100010 1
b110000000100010 a
b110000000100010 t
b101000100001001 0
b101000100001001 s
b101000100001001 $"
b1111 <
b1111 {
b1111 !"
b1111 #"
1'
#20050000
0'
#20060000
b10000 -
b10000 z
b10000 ~
b10000 |
b101 `
b0 ("
b110000000100011 0
b110000000100011 s
b110000000100011 $"
b10000 <
b10000 {
b10000 !"
b10000 #"
b101000100001001 1
b101000100001001 a
b101000100001001 t
1'
#20070000
0'
#20080000
b1011 A
b1011 O
b1011 Y
b1011 P
b11 8
b11 E
b11 x
b110 `
b11 =
b11 b
b11 k
b11 v
b10001 -
b10001 z
b10001 ~
b10001 |
b0 ("
b110000000100011 1
b110000000100011 a
b110000000100011 t
b101000100010001 0
b101000100010001 s
b101000100010001 $"
b10001 <
b10001 {
b10001 !"
b10001 #"
1'
#20090000
0'
#20100000
b10010 -
b10010 z
b10010 ~
b10010 |
b101 `
b0 ("
b110000000100100 0
b110000000100100 s
b110000000100100 $"
b10010 <
b10010 {
b10010 !"
b10010 #"
b101000100010001 1
b101000100010001 a
b101000100010001 t
1'
#20110000
0'
#20120000
b1010 A
b1010 O
b1010 Y
b1010 P
b100 8
b100 E
b100 x
b110 `
b100 =
b100 b
b100 k
b100 v
b10011 -
b10011 z
b10011 ~
b10011 |
b0 ("
b110000000100100 1
b110000000100100 a
b110000000100100 t
b101000100011001 0
b101000100011001 s
b101000100011001 $"
b10011 <
b10011 {
b10011 !"
b10011 #"
1'
#20130000
0'
#20140000
b10100 -
b10100 z
b10100 ~
b10100 |
b101 `
b0 ("
b110000000100101 0
b110000000100101 s
b110000000100101 $"
b10100 <
b10100 {
b10100 !"
b10100 #"
b101000100011001 1
b101000100011001 a
b101000100011001 t
1'
#20150000
0'
#20160000
b1001 A
b1001 O
b1001 Y
b1001 P
b101 8
b101 E
b101 x
b110 `
b101 =
b101 b
b101 k
b101 v
b10101 -
b10101 z
b10101 ~
b10101 |
b0 ("
b110000000100101 1
b110000000100101 a
b110000000100101 t
b101000100100001 0
b101000100100001 s
b101000100100001 $"
b10101 <
b10101 {
b10101 !"
b10101 #"
1'
#20170000
0'
#20180000
b10110 -
b10110 z
b10110 ~
b10110 |
b101 `
b0 ("
b110000000100110 0
b110000000100110 s
b110000000100110 $"
b10110 <
b10110 {
b10110 !"
b10110 #"
b101000100100001 1
b101000100100001 a
b101000100100001 t
1'
#20190000
0'
#20200000
b1000 A
b1000 O
b1000 Y
b1000 P
b110 8
b110 E
b110 x
b110 `
b110 =
b110 b
b110 k
b110 v
b10111 -
b10111 z
b10111 ~
b10111 |
b0 ("
b110000000100110 1
b110000000100110 a
b110000000100110 t
b101000100101001 0
b101000100101001 s
b101000100101001 $"
b10111 <
b10111 {
b10111 !"
b10111 #"
1'
#20205000
b1111 $
b1111 )
b1111 Q
#20210000
0'
#20220000
b11000 -
b11000 z
b11000 ~
b11000 |
b101 `
b0 ("
b110000000100111 0
b110000000100111 s
b110000000100111 $"
b11000 <
b11000 {
b11000 !"
b11000 #"
b101000100101001 1
b101000100101001 a
b101000100101001 t
1'
#20230000
0'
#20240000
b111 A
b111 O
b111 Y
b111 P
b111 8
b111 E
b111 x
b110 `
b111 =
b111 b
b111 k
b111 v
b11001 -
b11001 z
b11001 ~
b11001 |
b0 ("
b110000000100111 1
b110000000100111 a
b110000000100111 t
b101000100110001 0
b101000100110001 s
b101000100110001 $"
b11001 <
b11001 {
b11001 !"
b11001 #"
1'
#20250000
0'
#20260000
b11010 -
b11010 z
b11010 ~
b11010 |
b101 `
b0 ("
b110000000101000 0
b110000000101000 s
b110000000101000 $"
b11010 <
b11010 {
b11010 !"
b11010 #"
b101000100110001 1
b101000100110001 a
b101000100110001 t
1'
#20270000
0'
#20280000
b110 A
b110 O
b110 Y
b110 P
b1000 8
b1000 E
b1000 x
b110 `
b1000 =
b1000 b
b1000 k
b1000 v
b11011 -
b11011 z
b11011 ~
b11011 |
b0 ("
b110000000101000 1
b110000000101000 a
b110000000101000 t
b101000100111001 0
b101000100111001 s
b101000100111001 $"
b11011 <
b11011 {
b11011 !"
b11011 #"
1'
#20290000
0'
#20300000
b11100 -
b11100 z
b11100 ~
b11100 |
b101 `
b0 ("
b110000000101001 0
b110000000101001 s
b110000000101001 $"
b11100 <
b11100 {
b11100 !"
b11100 #"
b101000100111001 1
b101000100111001 a
b101000100111001 t
1'
#20310000
0'
#20320000
b101 A
b101 O
b101 Y
b101 P
b1001 8
b1001 E
b1001 x
b110 `
b1001 =
b1001 b
b1001 k
b1001 v
b11101 -
b11101 z
b11101 ~
b11101 |
b0 ("
b110000000101001 1
b110000000101001 a
b110000000101001 t
b101000101000001 0
b101000101000001 s
b101000101000001 $"
b11101 <
b11101 {
b11101 !"
b11101 #"
1'
#20330000
0'
#20340000
b11110 -
b11110 z
b11110 ~
b11110 |
b101 `
b0 ("
b110000000101010 0
b110000000101010 s
b110000000101010 $"
b11110 <
b11110 {
b11110 !"
b11110 #"
b101000101000001 1
b101000101000001 a
b101000101000001 t
1'
#20350000
0'
#20360000
b100 A
b100 O
b100 Y
b100 P
b1010 8
b1010 E
b1010 x
b110 `
b1010 =
b1010 b
b1010 k
b1010 v
b11111 -
b11111 z
b11111 ~
b11111 |
b0 ("
b110000000101010 1
b110000000101010 a
b110000000101010 t
b101000101001001 0
b101000101001001 s
b101000101001001 $"
b11111 <
b11111 {
b11111 !"
b11111 #"
1'
#20370000
0'
#20380000
b100000 -
b100000 z
b100000 ~
b100000 |
b101 `
b0 ("
b110000000101011 0
b110000000101011 s
b110000000101011 $"
b100000 <
b100000 {
b100000 !"
b100000 #"
b101000101001001 1
b101000101001001 a
b101000101001001 t
1'
#20390000
0'
#20400000
b11 A
b11 O
b11 Y
b11 P
b1011 8
b1011 E
b1011 x
b110 `
b1011 =
b1011 b
b1011 k
b1011 v
b100001 -
b100001 z
b100001 ~
b100001 |
b0 ("
b110000000101011 1
b110000000101011 a
b110000000101011 t
b101000101010001 0
b101000101010001 s
b101000101010001 $"
b100001 <
b100001 {
b100001 !"
b100001 #"
1'
#20410000
0'
#20420000
b100010 -
b100010 z
b100010 ~
b100010 |
b101 `
b0 ("
b110000000101100 0
b110000000101100 s
b110000000101100 $"
b100010 <
b100010 {
b100010 !"
b100010 #"
b101000101010001 1
b101000101010001 a
b101000101010001 t
1'
#20430000
0'
#20440000
b10 A
b10 O
b10 Y
b10 P
b1100 8
b1100 E
b1100 x
b110 `
b1100 =
b1100 b
b1100 k
b1100 v
b100011 -
b100011 z
b100011 ~
b100011 |
b0 ("
b110000000101100 1
b110000000101100 a
b110000000101100 t
b101000101011001 0
b101000101011001 s
b101000101011001 $"
b100011 <
b100011 {
b100011 !"
b100011 #"
1'
#20450000
0'
#20460000
b100100 -
b100100 z
b100100 ~
b100100 |
b101 `
b0 ("
b110000000101101 0
b110000000101101 s
b110000000101101 $"
b100100 <
b100100 {
b100100 !"
b100100 #"
b101000101011001 1
b101000101011001 a
b101000101011001 t
1'
#20470000
0'
#20480000
b1 A
b1 O
b1 Y
b1 P
b1101 8
b1101 E
b1101 x
b110 `
b1101 =
b1101 b
b1101 k
b1101 v
b100101 -
b100101 z
b100101 ~
b100101 |
b0 ("
b110000000101101 1
b110000000101101 a
b110000000101101 t
b101000101100001 0
b101000101100001 s
b101000101100001 $"
b100101 <
b100101 {
b100101 !"
b100101 #"
1'
#20490000
0'
#20500000
b100110 -
b100110 z
b100110 ~
b100110 |
b101 `
b0 ("
b110000000101110 0
b110000000101110 s
b110000000101110 $"
b100110 <
b100110 {
b100110 !"
b100110 #"
b101000101100001 1
b101000101100001 a
b101000101100001 t
1'
#20510000
0'
#20520000
15
b0 A
b0 O
b0 Y
b0 P
b1110 8
b1110 E
b1110 x
b110 `
b1110 =
b1110 b
b1110 k
b1110 v
b100111 -
b100111 z
b100111 ~
b100111 |
b0 ("
b110000000101110 1
b110000000101110 a
b110000000101110 t
b101000101101001 0
b101000101101001 s
b101000101101001 $"
b100111 <
b100111 {
b100111 !"
b100111 #"
1'
#20530000
0'
#20540000
b11001 8
b11001 E
b11001 x
05
b11001 A
b11001 O
b11001 Y
b11001 P
bx :
bx F
bx W
b0 4
b0 [
b0 ]
b0 m
b11001 =
b11001 b
b11001 k
b11001 v
b101101 /
b101101 _
b101101 y
b101101 p
b0 >
b0 G
b0 \
b0 j
02
0o
1.
1q
16
b1010101 -
b1010101 z
b1010101 ~
b1010101 |
b101 `
b10 ("
b110000000101111 0
b110000000101111 s
b110000000101111 $"
b101000 <
b101000 {
b101000 !"
b101000 #"
b101000101101001 1
b101000101101001 a
b101000101101001 t
1'
#20550000
0'
#20560000
06
b10 -
b10 z
b10 ~
b10 |
b0 ("
1u
1""
b1001011100001001 0
b1001011100001001 s
b1001011100001001 $"
b1010101 <
b1010101 {
b1010101 !"
b1010101 #"
1'
#20570000
0'
#20580000
b1111001 A
b1111001 O
b1111001 Y
b1111001 P
b1111001 8
b1111001 E
b1111001 x
b1010110 -
b1010110 z
b1010110 ~
b1010110 |
b1001 `
b1011110 :
b1011110 F
b1011110 W
b10000 4
b10000 [
b10000 ]
b10000 m
b1111001 =
b1111001 b
b1111001 k
b1111001 v
b0 /
b0 _
b0 y
b0 p
12
1o
0.
0q
1,
1r
b0 ("
0""
b1100000100001011 0
b1100000100001011 s
b1100000100001011 $"
b1010110 <
b1010110 {
b1010110 !"
b1010110 #"
0u
b1001011100001001 1
b1001011100001001 a
b1001011100001001 t
1'
#20590000
0'
#20600000
b1100 `
b1111001 9
b1111001 X
b1111001 w
b10000 3
b10000 Z
b10000 ^
b10000 n
b101011 4
b101011 [
b101011 ]
b101011 m
b11011 =
b11011 b
b11011 k
b11011 v
17
b1010111 -
b1010111 z
b1010111 ~
b1010111 |
b0 ("
b1111001 %"
b1011110 :
b1011110 F
b1011110 W
b1100000100001011 1
b1100000100001011 a
b1100000100001011 t
b111000000000001 0
b111000000000001 s
b111000000000001 $"
b1010111 <
b1010111 {
b1010111 !"
b1010111 #"
1'
#20610000
0'
#20620000
b1 -
b1 z
b1 ~
b1 |
b1 A
b1 O
b1 Y
b1 P
b1 8
b1 E
b1 x
b111 `
bx 9
bx X
bx w
b0 3
b0 Z
b0 ^
b0 n
b0 4
b0 [
b0 ]
b0 m
b1 =
b1 b
b1 k
b1 v
b1 /
b1 _
b1 y
b1 p
02
0o
1;
1l
1.
1q
0,
0r
07
b0 ("
bx :
bx F
bx W
b1111001 !
b1111001 B
b1111001 V
b1001011100000001 0
b1001011100000001 s
b1001011100000001 $"
b1011000 <
b1011000 {
b1011000 !"
b1011000 #"
b111000000000001 1
b111000000000001 a
b111000000000001 t
1'
#20630000
0'
#20640000
b0 ("
1u
1""
b1000000101000110 0
b1000000101000110 s
b1000000101000110 $"
b1 <
b1 {
b1 !"
b1 #"
1'
#20650000
0'
#20660000
b1001000 -
b1001000 z
b1001000 ~
b1001000 |
b1000 `
b1 9
b1 X
b1 w
b100110 3
b100110 Z
b100110 ^
b100110 n
b1 :
b1 F
b1 W
b10100 4
b10100 [
b10100 ]
b10100 m
b10110 =
b10110 b
b10110 k
b10110 v
b1000110 /
b1000110 _
b1000110 y
b1000110 p
12
1o
0;
0l
0.
0q
1,
1r
17
b0 ("
0""
b100000001000001 0
b100000001000001 s
b100000001000001 $"
b10 <
b10 {
b10 !"
b10 #"
0u
b1000000101000110 1
b1000000101000110 a
b1000000101000110 t
1'
#20670000
0'
#20680000
b100 `
bx 9
bx X
bx w
b0 3
b0 Z
b0 ^
b0 n
b1 =
b1 b
b1 k
b1 v
b0 /
b0 _
b0 y
b0 p
b10 >
b10 G
b10 \
b10 j
07
b11 -
b11 z
b11 ~
b11 |
b0 ("
b100000001000001 1
b100000001000001 a
b100000001000001 t
b110000001000000 0
b110000001000000 s
b110000001000000 $"
b11 <
b11 {
b11 !"
b11 #"
1'
#20690000
0'
#20700000
b0 8
b0 E
b0 x
05
b1 A
b1 O
b1 Y
b1 P
b100 -
b100 z
b100 ~
b100 |
b110 `
b0 =
b0 b
b0 k
b0 v
b11 >
b11 G
b11 \
b11 j
0,
0r
b0 ("
b101000000001001 0
b101000000001001 s
b101000000001001 $"
b100 <
b100 {
b100 !"
b100 #"
b110000001000000 1
b110000001000000 a
b110000001000000 t
1'
#20710000
0'
#20720000
b101 `
b101 -
b101 z
b101 ~
b101 |
b0 ("
b101000000001001 1
b101000000001001 a
b101000000001001 t
b111000000001000 0
b111000000001000 s
b111000000001000 $"
b101 <
b101 {
b101 !"
b101 #"
1'
#20730000
0'
#20740000
b1000 -
b1000 z
b1000 ~
b1000 |
b1000 8
b1000 E
b1000 x
05
b1000 A
b1000 O
b1000 Y
b1000 P
b111 `
bx :
bx F
bx W
b0 4
b0 [
b0 ]
b0 m
b1000 =
b1000 b
b1000 k
b1000 v
b1000 /
b1000 _
b1000 y
b1000 p
b0 >
b0 G
b0 \
b0 j
02
0o
1;
1l
1.
1q
b0 ("
b1100000101011011 0
b1100000101011011 s
b1100000101011011 $"
b110 <
b110 {
b110 !"
b110 #"
b111000000001000 1
b111000000001000 a
b111000000001000 t
1'
#20750000
0'
#20760000
b0 ("
1u
1""
b1000000100100011 0
b1000000100100011 s
b1000000100100011 $"
b1000 <
b1000 {
b1000 !"
b1000 #"
1'
#20770000
0'
#20780000
b1111 A
b1111 O
b1111 Y
b1111 P
b1111 8
b1111 E
b1111 x
b101100 -
b101100 z
b101100 ~
b101100 |
b1000 `
b1111 9
b1111 X
b1111 w
b100011 3
b100011 Z
b100011 ^
b100011 n
b1110 :
b1110 F
b1110 W
b10010 4
b10010 [
b10010 ]
b10010 m
b10011 =
b10011 b
b10011 k
b10011 v
b100011 /
b100011 _
b100011 y
b100011 p
12
1o
0;
0l
0.
0q
1,
1r
17
b0 ("
0""
b100000000101111 0
b100000000101111 s
b100000000101111 $"
b1001 <
b1001 {
b1001 !"
b1001 #"
0u
b1000000100100011 1
b1000000100100011 a
b1000000100100011 t
1'
#20790000
0'
#20800000
b100 `
bx 9
bx X
bx w
b0 3
b0 Z
b0 ^
b0 n
b1111 =
b1111 b
b1111 k
b1111 v
b0 /
b0 _
b0 y
b0 p
b10 >
b10 G
b10 \
b10 j
07
b1010 -
b1010 z
b1010 ~
b1010 |
b0 ("
b1111 '"
b1111 :
b1111 F
b1111 W
b100000000101111 1
b100000000101111 a
b100000000101111 t
b110000000100000 0
b110000000100000 s
b110000000100000 $"
b1010 <
b1010 {
b1010 !"
b1010 #"
1'
#20810000
0'
#20820000
b0 8
b0 E
b0 x
05
b1111 A
b1111 O
b1111 Y
b1111 P
b1011 -
b1011 z
b1011 ~
b1011 |
b110 `
b0 =
b0 b
b0 k
b0 v
b11 >
b11 G
b11 \
b11 j
0,
0r
b0 ("
b1111 '"
b101000011111001 0
b101000011111001 s
b101000011111001 $"
b1011 <
b1011 {
b1011 !"
b1011 #"
b110000000100000 1
b110000000100000 a
b110000000100000 t
1'
#20830000
0'
#20840000
b101 `
b1100 -
b1100 z
b1100 ~
b1100 |
b0 ("
b101000011111001 1
b101000011111001 a
b101000011111001 t
b110000000100001 0
b110000000100001 s
b110000000100001 $"
b1100 <
b1100 {
b1100 !"
b1100 #"
1'
#20850000
0'
#20860000
b1110 A
b1110 O
b1110 Y
b1110 P
b1 8
b1 E
b1 x
b1101 -
b1101 z
b1101 ~
b1101 |
b110 `
b1 =
b1 b
b1 k
b1 v
b0 ("
b101000100000001 0
b101000100000001 s
b101000100000001 $"
b1101 <
b1101 {
b1101 !"
b1101 #"
b110000000100001 1
b110000000100001 a
b110000000100001 t
1'
#20870000
0'
#20880000
b101 `
b1110 -
b1110 z
b1110 ~
b1110 |
b0 ("
b101000100000001 1
b101000100000001 a
b101000100000001 t
b110000000100010 0
b110000000100010 s
b110000000100010 $"
b1110 <
b1110 {
b1110 !"
b1110 #"
1'
#20890000
0'
#20900000
b1101 A
b1101 O
b1101 Y
b1101 P
b10 8
b10 E
b10 x
b1111 -
b1111 z
b1111 ~
b1111 |
b110 `
b10 =
b10 b
b10 k
b10 v
b0 ("
b101000100001001 0
b101000100001001 s
b101000100001001 $"
b1111 <
b1111 {
b1111 !"
b1111 #"
b110000000100010 1
b110000000100010 a
b110000000100010 t
1'
#20910000
0'
#20920000
b101 `
b10000 -
b10000 z
b10000 ~
b10000 |
b0 ("
b101000100001001 1
b101000100001001 a
b101000100001001 t
b110000000100011 0
b110000000100011 s
b110000000100011 $"
b10000 <
b10000 {
b10000 !"
b10000 #"
1'
#20930000
0'
#20940000
b1100 A
b1100 O
b1100 Y
b1100 P
b11 8
b11 E
b11 x
b10001 -
b10001 z
b10001 ~
b10001 |
b110 `
b11 =
b11 b
b11 k
b11 v
b0 ("
b101000100010001 0
b101000100010001 s
b101000100010001 $"
b10001 <
b10001 {
b10001 !"
b10001 #"
b110000000100011 1
b110000000100011 a
b110000000100011 t
1'
#20950000
0'
#20960000
b101 `
b10010 -
b10010 z
b10010 ~
b10010 |
b0 ("
b101000100010001 1
b101000100010001 a
b101000100010001 t
b110000000100100 0
b110000000100100 s
b110000000100100 $"
b10010 <
b10010 {
b10010 !"
b10010 #"
1'
#20970000
0'
#20980000
b1011 A
b1011 O
b1011 Y
b1011 P
b100 8
b100 E
b100 x
b10011 -
b10011 z
b10011 ~
b10011 |
b110 `
b100 =
b100 b
b100 k
b100 v
b0 ("
b101000100011001 0
b101000100011001 s
b101000100011001 $"
b10011 <
b10011 {
b10011 !"
b10011 #"
b110000000100100 1
b110000000100100 a
b110000000100100 t
1'
#20990000
0'
#21000000
b101 `
b10100 -
b10100 z
b10100 ~
b10100 |
b0 ("
b101000100011001 1
b101000100011001 a
b101000100011001 t
b110000000100101 0
b110000000100101 s
b110000000100101 $"
b10100 <
b10100 {
b10100 !"
b10100 #"
1'
#21010000
0'
#21020000
b1010 A
b1010 O
b1010 Y
b1010 P
b101 8
b101 E
b101 x
b10101 -
b10101 z
b10101 ~
b10101 |
b110 `
b101 =
b101 b
b101 k
b101 v
b0 ("
b101000100100001 0
b101000100100001 s
b101000100100001 $"
b10101 <
b10101 {
b10101 !"
b10101 #"
b110000000100101 1
b110000000100101 a
b110000000100101 t
1'
#21030000
0'
#21040000
b101 `
b10110 -
b10110 z
b10110 ~
b10110 |
b0 ("
b101000100100001 1
b101000100100001 a
b101000100100001 t
b110000000100110 0
b110000000100110 s
b110000000100110 $"
b10110 <
b10110 {
b10110 !"
b10110 #"
1'
#21050000
0'
#21060000
b1001 A
b1001 O
b1001 Y
b1001 P
b110 8
b110 E
b110 x
b10111 -
b10111 z
b10111 ~
b10111 |
b110 `
b110 =
b110 b
b110 k
b110 v
b0 ("
b101000100101001 0
b101000100101001 s
b101000100101001 $"
b10111 <
b10111 {
b10111 !"
b10111 #"
b110000000100110 1
b110000000100110 a
b110000000100110 t
1'
#21070000
0'
#21080000
b101 `
b11000 -
b11000 z
b11000 ~
b11000 |
b0 ("
b101000100101001 1
b101000100101001 a
b101000100101001 t
b110000000100111 0
b110000000100111 s
b110000000100111 $"
b11000 <
b11000 {
b11000 !"
b11000 #"
1'
#21090000
0'
#21100000
b1000 A
b1000 O
b1000 Y
b1000 P
b111 8
b111 E
b111 x
b11001 -
b11001 z
b11001 ~
b11001 |
b110 `
b111 =
b111 b
b111 k
b111 v
b0 ("
b101000100110001 0
b101000100110001 s
b101000100110001 $"
b11001 <
b11001 {
b11001 !"
b11001 #"
b110000000100111 1
b110000000100111 a
b110000000100111 t
1'
#21110000
0'
#21120000
b101 `
b11010 -
b11010 z
b11010 ~
b11010 |
b0 ("
b101000100110001 1
b101000100110001 a
b101000100110001 t
b110000000101000 0
b110000000101000 s
b110000000101000 $"
b11010 <
b11010 {
b11010 !"
b11010 #"
1'
#21130000
0'
#21140000
b111 A
b111 O
b111 Y
b111 P
b1000 8
b1000 E
b1000 x
b11011 -
b11011 z
b11011 ~
b11011 |
b110 `
b1000 =
b1000 b
b1000 k
b1000 v
b0 ("
b101000100111001 0
b101000100111001 s
b101000100111001 $"
b11011 <
b11011 {
b11011 !"
b11011 #"
b110000000101000 1
b110000000101000 a
b110000000101000 t
1'
#21150000
0'
#21160000
b101 `
b11100 -
b11100 z
b11100 ~
b11100 |
b0 ("
b101000100111001 1
b101000100111001 a
b101000100111001 t
b110000000101001 0
b110000000101001 s
b110000000101001 $"
b11100 <
b11100 {
b11100 !"
b11100 #"
1'
#21170000
0'
#21180000
b110 A
b110 O
b110 Y
b110 P
b1001 8
b1001 E
b1001 x
b11101 -
b11101 z
b11101 ~
b11101 |
b110 `
b1001 =
b1001 b
b1001 k
b1001 v
b0 ("
b101000101000001 0
b101000101000001 s
b101000101000001 $"
b11101 <
b11101 {
b11101 !"
b11101 #"
b110000000101001 1
b110000000101001 a
b110000000101001 t
1'
#21190000
0'
#21200000
b101 `
b11110 -
b11110 z
b11110 ~
b11110 |
b0 ("
b101000101000001 1
b101000101000001 a
b101000101000001 t
b110000000101010 0
b110000000101010 s
b110000000101010 $"
b11110 <
b11110 {
b11110 !"
b11110 #"
1'
#21205000
