#! 
:ivl_version "13.0 (devel)" "(s20221226-321-gd22bb3d25)";
:ivl_delay_selection "TYPICAL";
:vpi_time_precision - 12;
:vpi_module "C:\Users\joaqu\APIO~1\packages\TOOLS-~2\lib\ivl\system.vpi";
:vpi_module "C:\Users\joaqu\APIO~1\packages\TOOLS-~2\lib\ivl\vhdl_sys.vpi";
:vpi_module "C:\Users\joaqu\APIO~1\packages\TOOLS-~2\lib\ivl\vhdl_textio.vpi";
:vpi_module "C:\Users\joaqu\APIO~1\packages\TOOLS-~2\lib\ivl\v2005_math.vpi";
:vpi_module "C:\Users\joaqu\APIO~1\packages\TOOLS-~2\lib\ivl\va_math.vpi";
S_000000000650ca60 .scope module, "ICESTORM_LC" "ICESTORM_LC" 2 2136;
 .timescale -12 -12;
    .port_info 0 /INPUT 1 "I0";
    .port_info 1 /INPUT 1 "I1";
    .port_info 2 /INPUT 1 "I2";
    .port_info 3 /INPUT 1 "I3";
    .port_info 4 /INPUT 1 "CIN";
    .port_info 5 /INPUT 1 "CLK";
    .port_info 6 /INPUT 1 "CEN";
    .port_info 7 /INPUT 1 "SR";
    .port_info 8 /OUTPUT 1 "LO";
    .port_info 9 /OUTPUT 1 "O";
    .port_info 10 /OUTPUT 1 "COUT";
P_000000000675c0e0 .param/l "ASYNC_SR" 0 2 2148, C4<0>;
P_000000000675c118 .param/l "CARRY_ENABLE" 0 2 2145, C4<0>;
P_000000000675c150 .param/l "CIN_CONST" 0 2 2150, C4<0>;
P_000000000675c188 .param/l "CIN_SET" 0 2 2151, C4<0>;
P_000000000675c1c0 .param/l "DFF_ENABLE" 0 2 2146, C4<0>;
P_000000000675c1f8 .param/l "LUT_INIT" 0 2 2142, C4<0000000000000000>;
P_000000000675c230 .param/l "NEG_CLK" 0 2 2144, C4<0>;
P_000000000675c268 .param/l "SET_NORESET" 0 2 2147, C4<0>;
o000000000675db58 .functor BUFZ 1, C4<z>; HiZ drive
L_00000000066c0070 .functor BUFZ 1, o000000000675db58, C4<0>, C4<0>, C4<0>;
L_00000000066bfcf0 .functor BUFZ 1, L_00000000067e9810, C4<0>, C4<0>, C4<0>;
o000000000675db88 .functor BUFZ 1, C4<z>; HiZ drive
L_00000000067f9b30 .functor BUFT 1, C4<0>, C4<0>, C4<0>, C4<0>;
L_00000000066bfdd0 .functor XOR 1, o000000000675db88, L_00000000067f9b30, C4<0>, C4<0>;
L_00000000066c0e00 .functor BUFZ 1, L_00000000067e9810, C4<0>, C4<0>, C4<0>;
o000000000675daf8 .functor BUFZ 1, C4<z>; HiZ drive
v0000000006738e80_0 .net "CEN", 0 0, o000000000675daf8;  0 drivers
v00000000067396a0_0 .net "CEN_pu", 0 0, L_00000000067e8230;  1 drivers
v0000000006739420_0 .net "CIN", 0 0, o000000000675db58;  0 drivers
v0000000006739740_0 .net "CLK", 0 0, o000000000675db88;  0 drivers
L_00000000067f9a58 .functor BUFT 1, C4<x>, C4<0>, C4<0>, C4<0>;
v00000000067397e0_0 .net "COUT", 0 0, L_00000000067f9a58;  1 drivers
o000000000675dbe8 .functor BUFZ 1, C4<z>; HiZ drive
v0000000006739920_0 .net "I0", 0 0, o000000000675dbe8;  0 drivers
v00000000066e9490_0 .net "I0_pd", 0 0, L_00000000067ef7b0;  1 drivers
o000000000675dc48 .functor BUFZ 1, C4<z>; HiZ drive
v00000000066e8630_0 .net "I1", 0 0, o000000000675dc48;  0 drivers
v00000000066e9530_0 .net "I1_pd", 0 0, L_00000000067e8af0;  1 drivers
o000000000675dca8 .functor BUFZ 1, C4<z>; HiZ drive
v00000000066e8770_0 .net "I2", 0 0, o000000000675dca8;  0 drivers
v00000000066e88b0_0 .net "I2_pd", 0 0, L_00000000067e8190;  1 drivers
o000000000675dd08 .functor BUFZ 1, C4<z>; HiZ drive
v00000000066e8950_0 .net "I3", 0 0, o000000000675dd08;  0 drivers
v00000000066e9670_0 .net "I3_pd", 0 0, L_00000000067e9bd0;  1 drivers
v00000000065d2b40_0 .net "LO", 0 0, L_00000000066bfcf0;  1 drivers
v00000000065d2d20_0 .net "O", 0 0, L_00000000066c0e00;  1 drivers
o000000000675ddc8 .functor BUFZ 1, C4<z>; HiZ drive
v00000000065d2280_0 .net "SR", 0 0, o000000000675ddc8;  0 drivers
v00000000065d2e60_0 .net "SR_pd", 0 0, L_00000000067e7b50;  1 drivers
o000000000675de28 .functor BUFZ 1, C4<z>; HiZ drive
; Elide local net with no drivers, v00000000065d2f00_0 name=_ivl_0
v00000000065d23c0_0 .net *"_ivl_10", 0 0, L_00000000067e8370;  1 drivers
L_00000000067f98f0 .functor BUFT 1, C4<0>, C4<0>, C4<0>, C4<0>;
v00000000066be020_0 .net/2u *"_ivl_12", 0 0, L_00000000067f98f0;  1 drivers
o000000000675deb8 .functor BUFZ 1, C4<z>; HiZ drive
; Elide local net with no drivers, v00000000066bf240_0 name=_ivl_16
v00000000066be3e0_0 .net *"_ivl_18", 0 0, L_00000000067e7dd0;  1 drivers
v00000000066b8190_0 .net *"_ivl_2", 0 0, L_00000000067ef670;  1 drivers
L_00000000067f9938 .functor BUFT 1, C4<0>, C4<0>, C4<0>, C4<0>;
v00000000066b82d0_0 .net/2u *"_ivl_20", 0 0, L_00000000067f9938;  1 drivers
o000000000675df78 .functor BUFZ 1, C4<z>; HiZ drive
; Elide local net with no drivers, v00000000066b8410_0 name=_ivl_24
v00000000066cc730_0 .net *"_ivl_26", 0 0, L_00000000067e8410;  1 drivers
L_00000000067f9980 .functor BUFT 1, C4<0>, C4<0>, C4<0>, C4<0>;
v00000000067ae6d0_0 .net/2u *"_ivl_28", 0 0, L_00000000067f9980;  1 drivers
o000000000675e008 .functor BUFZ 1, C4<z>; HiZ drive
; Elide local net with no drivers, v00000000067aeb30_0 name=_ivl_32
v00000000067ae450_0 .net *"_ivl_34", 0 0, L_00000000067e7e70;  1 drivers
L_00000000067f99c8 .functor BUFT 1, C4<0>, C4<0>, C4<0>, C4<0>;
v00000000067adeb0_0 .net/2u *"_ivl_36", 0 0, L_00000000067f99c8;  1 drivers
L_00000000067f98a8 .functor BUFT 1, C4<0>, C4<0>, C4<0>, C4<0>;
v00000000067aec70_0 .net/2u *"_ivl_4", 0 0, L_00000000067f98a8;  1 drivers
o000000000675e0c8 .functor BUFZ 1, C4<z>; HiZ drive
; Elide local net with no drivers, v00000000067aea90_0 name=_ivl_40
v00000000067af7b0_0 .net *"_ivl_42", 0 0, L_00000000067e89b0;  1 drivers
L_00000000067f9a10 .functor BUFT 1, C4<1>, C4<0>, C4<0>, C4<0>;
v00000000067af990_0 .net/2u *"_ivl_44", 0 0, L_00000000067f9a10;  1 drivers
L_00000000067f9aa0 .functor BUFT 1, C4<00000000>, C4<0>, C4<0>, C4<0>;
v00000000067aef90_0 .net/2u *"_ivl_52", 7 0, L_00000000067f9aa0;  1 drivers
L_00000000067f9ae8 .functor BUFT 1, C4<00000000>, C4<0>, C4<0>, C4<0>;
v00000000067ae4f0_0 .net/2u *"_ivl_54", 7 0, L_00000000067f9ae8;  1 drivers
v00000000067aedb0_0 .net *"_ivl_59", 3 0, L_00000000067e9f90;  1 drivers
v00000000067af490_0 .net *"_ivl_61", 3 0, L_00000000067e9e50;  1 drivers
v00000000067af670_0 .net *"_ivl_65", 1 0, L_00000000067e9770;  1 drivers
v00000000067ae630_0 .net *"_ivl_67", 1 0, L_00000000067ea030;  1 drivers
v00000000067aebd0_0 .net *"_ivl_71", 0 0, L_00000000067e96d0;  1 drivers
v00000000067adf50_0 .net *"_ivl_73", 0 0, L_00000000067e84b0;  1 drivers
v00000000067add70_0 .net/2u *"_ivl_78", 0 0, L_00000000067f9b30;  1 drivers
o000000000675e308 .functor BUFZ 1, C4<z>; HiZ drive
; Elide local net with no drivers, v00000000067aee50_0 name=_ivl_8
v00000000067ae8b0_0 .net "lut_o", 0 0, L_00000000067e9810;  1 drivers
v00000000067ae950_0 .net "lut_s1", 1 0, L_00000000067e78d0;  1 drivers
v00000000067adc30_0 .net "lut_s2", 3 0, L_00000000067e7ab0;  1 drivers
v00000000067af0d0_0 .net "lut_s3", 7 0, L_00000000067e9ef0;  1 drivers
v00000000067af850_0 .net "mux_cin", 0 0, L_00000000066c0070;  1 drivers
v00000000067af710_0 .var "o_reg", 0 0;
v00000000067af8f0_0 .var "o_reg_async", 0 0;
v00000000067af170_0 .net "polarized_clk", 0 0, L_00000000066bfdd0;  1 drivers
E_000000000670ace0 .event posedge, v00000000065d2e60_0, v00000000067af170_0;
E_000000000670a720 .event posedge, v00000000067af170_0;
L_00000000067ef670 .cmp/eeq 1, o000000000675dbe8, o000000000675de28;
L_00000000067ef7b0 .functor MUXZ 1, o000000000675dbe8, L_00000000067f98a8, L_00000000067ef670, C4<>;
L_00000000067e8370 .cmp/eeq 1, o000000000675dc48, o000000000675e308;
L_00000000067e8af0 .functor MUXZ 1, o000000000675dc48, L_00000000067f98f0, L_00000000067e8370, C4<>;
L_00000000067e7dd0 .cmp/eeq 1, o000000000675dca8, o000000000675deb8;
L_00000000067e8190 .functor MUXZ 1, o000000000675dca8, L_00000000067f9938, L_00000000067e7dd0, C4<>;
L_00000000067e8410 .cmp/eeq 1, o000000000675dd08, o000000000675df78;
L_00000000067e9bd0 .functor MUXZ 1, o000000000675dd08, L_00000000067f9980, L_00000000067e8410, C4<>;
L_00000000067e7e70 .cmp/eeq 1, o000000000675ddc8, o000000000675e008;
L_00000000067e7b50 .functor MUXZ 1, o000000000675ddc8, L_00000000067f99c8, L_00000000067e7e70, C4<>;
L_00000000067e89b0 .cmp/eeq 1, o000000000675daf8, o000000000675e0c8;
L_00000000067e8230 .functor MUXZ 1, o000000000675daf8, L_00000000067f9a10, L_00000000067e89b0, C4<>;
L_00000000067e9ef0 .functor MUXZ 8, L_00000000067f9ae8, L_00000000067f9aa0, L_00000000067e9bd0, C4<>;
L_00000000067e9f90 .part L_00000000067e9ef0, 4, 4;
L_00000000067e9e50 .part L_00000000067e9ef0, 0, 4;
L_00000000067e7ab0 .functor MUXZ 4, L_00000000067e9e50, L_00000000067e9f90, L_00000000067e8190, C4<>;
L_00000000067e9770 .part L_00000000067e7ab0, 2, 2;
L_00000000067ea030 .part L_00000000067e7ab0, 0, 2;
L_00000000067e78d0 .functor MUXZ 2, L_00000000067ea030, L_00000000067e9770, L_00000000067e8af0, C4<>;
L_00000000067e96d0 .part L_00000000067e78d0, 1, 1;
L_00000000067e84b0 .part L_00000000067e78d0, 0, 1;
L_00000000067e9810 .functor MUXZ 1, L_00000000067e84b0, L_00000000067e96d0, L_00000000067ef7b0, C4<>;
S_00000000066eee20 .scope module, "ICESTORM_RAM" "ICESTORM_RAM" 2 3167;
 .timescale -12 -12;
    .port_info 0 /OUTPUT 1 "RDATA_15";
    .port_info 1 /OUTPUT 1 "RDATA_14";
    .port_info 2 /OUTPUT 1 "RDATA_13";
    .port_info 3 /OUTPUT 1 "RDATA_12";
    .port_info 4 /OUTPUT 1 "RDATA_11";
    .port_info 5 /OUTPUT 1 "RDATA_10";
    .port_info 6 /OUTPUT 1 "RDATA_9";
    .port_info 7 /OUTPUT 1 "RDATA_8";
    .port_info 8 /OUTPUT 1 "RDATA_7";
    .port_info 9 /OUTPUT 1 "RDATA_6";
    .port_info 10 /OUTPUT 1 "RDATA_5";
    .port_info 11 /OUTPUT 1 "RDATA_4";
    .port_info 12 /OUTPUT 1 "RDATA_3";
    .port_info 13 /OUTPUT 1 "RDATA_2";
    .port_info 14 /OUTPUT 1 "RDATA_1";
    .port_info 15 /OUTPUT 1 "RDATA_0";
    .port_info 16 /INPUT 1 "RCLK";
    .port_info 17 /INPUT 1 "RCLKE";
    .port_info 18 /INPUT 1 "RE";
    .port_info 19 /INPUT 1 "RADDR_10";
    .port_info 20 /INPUT 1 "RADDR_9";
    .port_info 21 /INPUT 1 "RADDR_8";
    .port_info 22 /INPUT 1 "RADDR_7";
    .port_info 23 /INPUT 1 "RADDR_6";
    .port_info 24 /INPUT 1 "RADDR_5";
    .port_info 25 /INPUT 1 "RADDR_4";
    .port_info 26 /INPUT 1 "RADDR_3";
    .port_info 27 /INPUT 1 "RADDR_2";
    .port_info 28 /INPUT 1 "RADDR_1";
    .port_info 29 /INPUT 1 "RADDR_0";
    .port_info 30 /INPUT 1 "WCLK";
    .port_info 31 /INPUT 1 "WCLKE";
    .port_info 32 /INPUT 1 "WE";
    .port_info 33 /INPUT 1 "WADDR_10";
    .port_info 34 /INPUT 1 "WADDR_9";
    .port_info 35 /INPUT 1 "WADDR_8";
    .port_info 36 /INPUT 1 "WADDR_7";
    .port_info 37 /INPUT 1 "WADDR_6";
    .port_info 38 /INPUT 1 "WADDR_5";
    .port_info 39 /INPUT 1 "WADDR_4";
    .port_info 40 /INPUT 1 "WADDR_3";
    .port_info 41 /INPUT 1 "WADDR_2";
    .port_info 42 /INPUT 1 "WADDR_1";
    .port_info 43 /INPUT 1 "WADDR_0";
    .port_info 44 /INPUT 1 "MASK_15";
    .port_info 45 /INPUT 1 "MASK_14";
    .port_info 46 /INPUT 1 "MASK_13";
    .port_info 47 /INPUT 1 "MASK_12";
    .port_info 48 /INPUT 1 "MASK_11";
    .port_info 49 /INPUT 1 "MASK_10";
    .port_info 50 /INPUT 1 "MASK_9";
    .port_info 51 /INPUT 1 "MASK_8";
    .port_info 52 /INPUT 1 "MASK_7";
    .port_info 53 /INPUT 1 "MASK_6";
    .port_info 54 /INPUT 1 "MASK_5";
    .port_info 55 /INPUT 1 "MASK_4";
    .port_info 56 /INPUT 1 "MASK_3";
    .port_info 57 /INPUT 1 "MASK_2";
    .port_info 58 /INPUT 1 "MASK_1";
    .port_info 59 /INPUT 1 "MASK_0";
    .port_info 60 /INPUT 1 "WDATA_15";
    .port_info 61 /INPUT 1 "WDATA_14";
    .port_info 62 /INPUT 1 "WDATA_13";
    .port_info 63 /INPUT 1 "WDATA_12";
    .port_info 64 /INPUT 1 "WDATA_11";
    .port_info 65 /INPUT 1 "WDATA_10";
    .port_info 66 /INPUT 1 "WDATA_9";
    .port_info 67 /INPUT 1 "WDATA_8";
    .port_info 68 /INPUT 1 "WDATA_7";
    .port_info 69 /INPUT 1 "WDATA_6";
    .port_info 70 /INPUT 1 "WDATA_5";
    .port_info 71 /INPUT 1 "WDATA_4";
    .port_info 72 /INPUT 1 "WDATA_3";
    .port_info 73 /INPUT 1 "WDATA_2";
    .port_info 74 /INPUT 1 "WDATA_1";
    .port_info 75 /INPUT 1 "WDATA_0";
P_0000000006448660 .param/l "INIT_0" 0 2 3182, C4<0000000000000000000000000000000000000000000000000000000000000000000000000000000000000000000000000000000000000000000000000000000000000000000000000000000000000000000000000000000000000000000000000000000000000000000000000000000000000000000000000000000000000000>;
P_0000000006448698 .param/l "INIT_1" 0 2 3183, C4<0000000000000000000000000000000000000000000000000000000000000000000000000000000000000000000000000000000000000000000000000000000000000000000000000000000000000000000000000000000000000000000000000000000000000000000000000000000000000000000000000000000000000000>;
P_00000000064486d0 .param/l "INIT_2" 0 2 3184, C4<0000000000000000000000000000000000000000000000000000000000000000000000000000000000000000000000000000000000000000000000000000000000000000000000000000000000000000000000000000000000000000000000000000000000000000000000000000000000000000000000000000000000000000>;
P_0000000006448708 .param/l "INIT_3" 0 2 3185, C4<0000000000000000000000000000000000000000000000000000000000000000000000000000000000000000000000000000000000000000000000000000000000000000000000000000000000000000000000000000000000000000000000000000000000000000000000000000000000000000000000000000000000000000>;
P_0000000006448740 .param/l "INIT_4" 0 2 3186, C4<0000000000000000000000000000000000000000000000000000000000000000000000000000000000000000000000000000000000000000000000000000000000000000000000000000000000000000000000000000000000000000000000000000000000000000000000000000000000000000000000000000000000000000>;
P_0000000006448778 .param/l "INIT_5" 0 2 3187, C4<0000000000000000000000000000000000000000000000000000000000000000000000000000000000000000000000000000000000000000000000000000000000000000000000000000000000000000000000000000000000000000000000000000000000000000000000000000000000000000000000000000000000000000>;
P_00000000064487b0 .param/l "INIT_6" 0 2 3188, C4<0000000000000000000000000000000000000000000000000000000000000000000000000000000000000000000000000000000000000000000000000000000000000000000000000000000000000000000000000000000000000000000000000000000000000000000000000000000000000000000000000000000000000000>;
P_00000000064487e8 .param/l "INIT_7" 0 2 3189, C4<0000000000000000000000000000000000000000000000000000000000000000000000000000000000000000000000000000000000000000000000000000000000000000000000000000000000000000000000000000000000000000000000000000000000000000000000000000000000000000000000000000000000000000>;
P_0000000006448820 .param/l "INIT_8" 0 2 3190, C4<0000000000000000000000000000000000000000000000000000000000000000000000000000000000000000000000000000000000000000000000000000000000000000000000000000000000000000000000000000000000000000000000000000000000000000000000000000000000000000000000000000000000000000>;
P_0000000006448858 .param/l "INIT_9" 0 2 3191, C4<0000000000000000000000000000000000000000000000000000000000000000000000000000000000000000000000000000000000000000000000000000000000000000000000000000000000000000000000000000000000000000000000000000000000000000000000000000000000000000000000000000000000000000>;
P_0000000006448890 .param/l "INIT_A" 0 2 3192, C4<0000000000000000000000000000000000000000000000000000000000000000000000000000000000000000000000000000000000000000000000000000000000000000000000000000000000000000000000000000000000000000000000000000000000000000000000000000000000000000000000000000000000000000>;
P_00000000064488c8 .param/l "INIT_B" 0 2 3193, C4<0000000000000000000000000000000000000000000000000000000000000000000000000000000000000000000000000000000000000000000000000000000000000000000000000000000000000000000000000000000000000000000000000000000000000000000000000000000000000000000000000000000000000000>;
P_0000000006448900 .param/l "INIT_C" 0 2 3194, C4<0000000000000000000000000000000000000000000000000000000000000000000000000000000000000000000000000000000000000000000000000000000000000000000000000000000000000000000000000000000000000000000000000000000000000000000000000000000000000000000000000000000000000000>;
P_0000000006448938 .param/l "INIT_D" 0 2 3195, C4<0000000000000000000000000000000000000000000000000000000000000000000000000000000000000000000000000000000000000000000000000000000000000000000000000000000000000000000000000000000000000000000000000000000000000000000000000000000000000000000000000000000000000000>;
P_0000000006448970 .param/l "INIT_E" 0 2 3196, C4<0000000000000000000000000000000000000000000000000000000000000000000000000000000000000000000000000000000000000000000000000000000000000000000000000000000000000000000000000000000000000000000000000000000000000000000000000000000000000000000000000000000000000000>;
P_00000000064489a8 .param/l "INIT_F" 0 2 3197, C4<0000000000000000000000000000000000000000000000000000000000000000000000000000000000000000000000000000000000000000000000000000000000000000000000000000000000000000000000000000000000000000000000000000000000000000000000000000000000000000000000000000000000000000>;
P_00000000064489e0 .param/l "NEG_CLK_R" 0 2 3179, C4<0>;
P_0000000006448a18 .param/l "NEG_CLK_W" 0 2 3180, C4<0>;
P_0000000006448a50 .param/l "READ_MODE" 0 2 3177, +C4<00000000000000000000000000000000>;
P_0000000006448a88 .param/l "WRITE_MODE" 0 2 3176, +C4<00000000000000000000000000000000>;
L_00000000067f9bc0 .functor BUFT 1, C4<0>, C4<0>, C4<0>, C4<0>;
L_00000000066bfeb0 .functor XOR 1, L_00000000067e82d0, L_00000000067f9bc0, C4<0>, C4<0>;
L_00000000067f9c08 .functor BUFT 1, C4<0>, C4<0>, C4<0>, C4<0>;
L_00000000066bff20 .functor XOR 1, L_00000000067e8730, L_00000000067f9c08, C4<0>, C4<0>;
o000000000675ec98 .functor BUFZ 1, C4<z>; HiZ drive
v00000000067af350_0 .net "MASK_0", 0 0, o000000000675ec98;  0 drivers
o000000000675ecc8 .functor BUFZ 1, C4<z>; HiZ drive
v00000000067af530_0 .net "MASK_1", 0 0, o000000000675ecc8;  0 drivers
o000000000675ecf8 .functor BUFZ 1, C4<z>; HiZ drive
v00000000067af5d0_0 .net "MASK_10", 0 0, o000000000675ecf8;  0 drivers
o000000000675ed28 .functor BUFZ 1, C4<z>; HiZ drive
v00000000065b9080_0 .net "MASK_11", 0 0, o000000000675ed28;  0 drivers
o000000000675ed58 .functor BUFZ 1, C4<z>; HiZ drive
v00000000065b9ee0_0 .net "MASK_12", 0 0, o000000000675ed58;  0 drivers
o000000000675ed88 .functor BUFZ 1, C4<z>; HiZ drive
v00000000065b8540_0 .net "MASK_13", 0 0, o000000000675ed88;  0 drivers
o000000000675edb8 .functor BUFZ 1, C4<z>; HiZ drive
v00000000065b8f40_0 .net "MASK_14", 0 0, o000000000675edb8;  0 drivers
o000000000675ede8 .functor BUFZ 1, C4<z>; HiZ drive
v00000000065b78c0_0 .net "MASK_15", 0 0, o000000000675ede8;  0 drivers
o000000000675ee18 .functor BUFZ 1, C4<z>; HiZ drive
v00000000065b8180_0 .net "MASK_2", 0 0, o000000000675ee18;  0 drivers
o000000000675ee48 .functor BUFZ 1, C4<z>; HiZ drive
v00000000065b89a0_0 .net "MASK_3", 0 0, o000000000675ee48;  0 drivers
o000000000675ee78 .functor BUFZ 1, C4<z>; HiZ drive
v00000000065b9d00_0 .net "MASK_4", 0 0, o000000000675ee78;  0 drivers
o000000000675eea8 .functor BUFZ 1, C4<z>; HiZ drive
v00000000065b9300_0 .net "MASK_5", 0 0, o000000000675eea8;  0 drivers
o000000000675eed8 .functor BUFZ 1, C4<z>; HiZ drive
v00000000065b82c0_0 .net "MASK_6", 0 0, o000000000675eed8;  0 drivers
o000000000675ef08 .functor BUFZ 1, C4<z>; HiZ drive
v00000000065b7b40_0 .net "MASK_7", 0 0, o000000000675ef08;  0 drivers
o000000000675ef38 .functor BUFZ 1, C4<z>; HiZ drive
v00000000065b8fe0_0 .net "MASK_8", 0 0, o000000000675ef38;  0 drivers
o000000000675ef68 .functor BUFZ 1, C4<z>; HiZ drive
v00000000065b8400_0 .net "MASK_9", 0 0, o000000000675ef68;  0 drivers
o000000000675ef98 .functor BUFZ 1, C4<z>; HiZ drive
v00000000065b9260_0 .net "RADDR_0", 0 0, o000000000675ef98;  0 drivers
o000000000675efc8 .functor BUFZ 1, C4<z>; HiZ drive
v00000000065b84a0_0 .net "RADDR_1", 0 0, o000000000675efc8;  0 drivers
o000000000675eff8 .functor BUFZ 1, C4<z>; HiZ drive
v00000000065b9120_0 .net "RADDR_10", 0 0, o000000000675eff8;  0 drivers
o000000000675f028 .functor BUFZ 1, C4<z>; HiZ drive
v00000000065b80e0_0 .net "RADDR_2", 0 0, o000000000675f028;  0 drivers
o000000000675f058 .functor BUFZ 1, C4<z>; HiZ drive
v00000000065b9da0_0 .net "RADDR_3", 0 0, o000000000675f058;  0 drivers
o000000000675f088 .functor BUFZ 1, C4<z>; HiZ drive
v00000000065b8900_0 .net "RADDR_4", 0 0, o000000000675f088;  0 drivers
o000000000675f0b8 .functor BUFZ 1, C4<z>; HiZ drive
v00000000065b91c0_0 .net "RADDR_5", 0 0, o000000000675f0b8;  0 drivers
o000000000675f0e8 .functor BUFZ 1, C4<z>; HiZ drive
v00000000065b85e0_0 .net "RADDR_6", 0 0, o000000000675f0e8;  0 drivers
o000000000675f118 .functor BUFZ 1, C4<z>; HiZ drive
v00000000065b9620_0 .net "RADDR_7", 0 0, o000000000675f118;  0 drivers
o000000000675f148 .functor BUFZ 1, C4<z>; HiZ drive
v00000000065b7a00_0 .net "RADDR_8", 0 0, o000000000675f148;  0 drivers
o000000000675f178 .functor BUFZ 1, C4<z>; HiZ drive
v00000000065b8040_0 .net "RADDR_9", 0 0, o000000000675f178;  0 drivers
o000000000675f1a8 .functor BUFZ 1, C4<z>; HiZ drive
v00000000065b7f00_0 .net "RCLK", 0 0, o000000000675f1a8;  0 drivers
o000000000675f1d8 .functor BUFZ 1, C4<z>; HiZ drive
v00000000065b7e60_0 .net "RCLKE", 0 0, o000000000675f1d8;  0 drivers
v00000000065b94e0_0 .net "RDATA_0", 0 0, L_00000000067e8b90;  1 drivers
v00000000065b9bc0_0 .net "RDATA_1", 0 0, L_00000000067e9090;  1 drivers
v00000000065b7780_0 .net "RDATA_10", 0 0, L_00000000067e7bf0;  1 drivers
v00000000065b7fa0_0 .net "RDATA_11", 0 0, L_00000000067e7f10;  1 drivers
v00000000065b9b20_0 .net "RDATA_12", 0 0, L_00000000067e93b0;  1 drivers
v00000000065b8a40_0 .net "RDATA_13", 0 0, L_00000000067e8eb0;  1 drivers
v00000000065b9440_0 .net "RDATA_14", 0 0, L_00000000067e7d30;  1 drivers
v00000000065b9580_0 .net "RDATA_15", 0 0, L_00000000067e85f0;  1 drivers
v00000000065b8220_0 .net "RDATA_2", 0 0, L_00000000067e94f0;  1 drivers
v00000000065b9e40_0 .net "RDATA_3", 0 0, L_00000000067e7970;  1 drivers
v00000000065b8680_0 .net "RDATA_4", 0 0, L_00000000067e7c90;  1 drivers
v00000000065b96c0_0 .net "RDATA_5", 0 0, L_00000000067e8690;  1 drivers
v00000000065b8cc0_0 .net "RDATA_6", 0 0, L_00000000067e9b30;  1 drivers
v00000000065b9760_0 .net "RDATA_7", 0 0, L_00000000067e8f50;  1 drivers
v00000000065b8d60_0 .net "RDATA_8", 0 0, L_00000000067e8e10;  1 drivers
v00000000065b99e0_0 .net "RDATA_9", 0 0, L_00000000067e8a50;  1 drivers
o000000000675f508 .functor BUFZ 1, C4<z>; HiZ drive
v00000000065b8720_0 .net "RE", 0 0, o000000000675f508;  0 drivers
o000000000675f538 .functor BUFZ 1, C4<z>; HiZ drive
v00000000065b93a0_0 .net "WADDR_0", 0 0, o000000000675f538;  0 drivers
o000000000675f568 .functor BUFZ 1, C4<z>; HiZ drive
v00000000065b9940_0 .net "WADDR_1", 0 0, o000000000675f568;  0 drivers
o000000000675f598 .functor BUFZ 1, C4<z>; HiZ drive
v00000000065b9800_0 .net "WADDR_10", 0 0, o000000000675f598;  0 drivers
o000000000675f5c8 .functor BUFZ 1, C4<z>; HiZ drive
v00000000065b7820_0 .net "WADDR_2", 0 0, o000000000675f5c8;  0 drivers
o000000000675f5f8 .functor BUFZ 1, C4<z>; HiZ drive
v00000000065b87c0_0 .net "WADDR_3", 0 0, o000000000675f5f8;  0 drivers
o000000000675f628 .functor BUFZ 1, C4<z>; HiZ drive
v00000000065b7960_0 .net "WADDR_4", 0 0, o000000000675f628;  0 drivers
o000000000675f658 .functor BUFZ 1, C4<z>; HiZ drive
v00000000065b98a0_0 .net "WADDR_5", 0 0, o000000000675f658;  0 drivers
o000000000675f688 .functor BUFZ 1, C4<z>; HiZ drive
v00000000065b8360_0 .net "WADDR_6", 0 0, o000000000675f688;  0 drivers
o000000000675f6b8 .functor BUFZ 1, C4<z>; HiZ drive
v00000000065b7be0_0 .net "WADDR_7", 0 0, o000000000675f6b8;  0 drivers
o000000000675f6e8 .functor BUFZ 1, C4<z>; HiZ drive
v00000000065b8ae0_0 .net "WADDR_8", 0 0, o000000000675f6e8;  0 drivers
o000000000675f718 .functor BUFZ 1, C4<z>; HiZ drive
v00000000065b7aa0_0 .net "WADDR_9", 0 0, o000000000675f718;  0 drivers
o000000000675f748 .functor BUFZ 1, C4<z>; HiZ drive
v00000000065b7c80_0 .net "WCLK", 0 0, o000000000675f748;  0 drivers
o000000000675f778 .functor BUFZ 1, C4<z>; HiZ drive
v00000000065b7d20_0 .net "WCLKE", 0 0, o000000000675f778;  0 drivers
o000000000675f7a8 .functor BUFZ 1, C4<z>; HiZ drive
v00000000065b8860_0 .net "WDATA_0", 0 0, o000000000675f7a8;  0 drivers
o000000000675f7d8 .functor BUFZ 1, C4<z>; HiZ drive
v00000000065b9a80_0 .net "WDATA_1", 0 0, o000000000675f7d8;  0 drivers
o000000000675f808 .functor BUFZ 1, C4<z>; HiZ drive
v00000000065b8b80_0 .net "WDATA_10", 0 0, o000000000675f808;  0 drivers
o000000000675f838 .functor BUFZ 1, C4<z>; HiZ drive
v00000000065b8c20_0 .net "WDATA_11", 0 0, o000000000675f838;  0 drivers
o000000000675f868 .functor BUFZ 1, C4<z>; HiZ drive
v00000000065b9c60_0 .net "WDATA_12", 0 0, o000000000675f868;  0 drivers
o000000000675f898 .functor BUFZ 1, C4<z>; HiZ drive
v00000000065b7dc0_0 .net "WDATA_13", 0 0, o000000000675f898;  0 drivers
o000000000675f8c8 .functor BUFZ 1, C4<z>; HiZ drive
v00000000065b8e00_0 .net "WDATA_14", 0 0, o000000000675f8c8;  0 drivers
o000000000675f8f8 .functor BUFZ 1, C4<z>; HiZ drive
v00000000065b8ea0_0 .net "WDATA_15", 0 0, o000000000675f8f8;  0 drivers
o000000000675f928 .functor BUFZ 1, C4<z>; HiZ drive
v00000000065bac00_0 .net "WDATA_2", 0 0, o000000000675f928;  0 drivers
o000000000675f958 .functor BUFZ 1, C4<z>; HiZ drive
v00000000065ba340_0 .net "WDATA_3", 0 0, o000000000675f958;  0 drivers
o000000000675f988 .functor BUFZ 1, C4<z>; HiZ drive
v00000000065bb060_0 .net "WDATA_4", 0 0, o000000000675f988;  0 drivers
o000000000675f9b8 .functor BUFZ 1, C4<z>; HiZ drive
v00000000065ba020_0 .net "WDATA_5", 0 0, o000000000675f9b8;  0 drivers
o000000000675f9e8 .functor BUFZ 1, C4<z>; HiZ drive
v00000000065bb600_0 .net "WDATA_6", 0 0, o000000000675f9e8;  0 drivers
o000000000675fa18 .functor BUFZ 1, C4<z>; HiZ drive
v00000000065bae80_0 .net "WDATA_7", 0 0, o000000000675fa18;  0 drivers
o000000000675fa48 .functor BUFZ 1, C4<z>; HiZ drive
v00000000065bb560_0 .net "WDATA_8", 0 0, o000000000675fa48;  0 drivers
o000000000675fa78 .functor BUFZ 1, C4<z>; HiZ drive
v00000000065ba7a0_0 .net "WDATA_9", 0 0, o000000000675fa78;  0 drivers
o000000000675faa8 .functor BUFZ 1, C4<z>; HiZ drive
v00000000065bb4c0_0 .net "WE", 0 0, o000000000675faa8;  0 drivers
v00000000065ba8e0_0 .net *"_ivl_100", 0 0, L_00000000067eba70;  1 drivers
v00000000065bb420_0 .net *"_ivl_102", 0 0, L_00000000067ebcf0;  1 drivers
v00000000065ba3e0_0 .net *"_ivl_104", 0 0, L_00000000067ea170;  1 drivers
v00000000065ba480_0 .net *"_ivl_106", 0 0, L_00000000067eb430;  1 drivers
v00000000065b9f80_0 .net *"_ivl_108", 0 0, L_00000000067eb070;  1 drivers
v00000000065ba0c0_0 .net *"_ivl_110", 0 0, L_00000000067eb890;  1 drivers
v00000000065bb380_0 .net *"_ivl_112", 0 0, L_00000000067eb930;  1 drivers
v00000000065baf20_0 .net *"_ivl_114", 0 0, L_00000000067eac10;  1 drivers
v00000000065ba520_0 .net *"_ivl_116", 0 0, L_00000000067ec5b0;  1 drivers
v00000000065ba2a0_0 .net *"_ivl_120", 0 0, L_00000000067ebe30;  1 drivers
v00000000065ba160_0 .net *"_ivl_122", 0 0, L_00000000067ec830;  1 drivers
v00000000065bb100_0 .net *"_ivl_124", 0 0, L_00000000067ec0b0;  1 drivers
v00000000065ba200_0 .net *"_ivl_126", 0 0, L_00000000067ec3d0;  1 drivers
v00000000065bafc0_0 .net *"_ivl_128", 0 0, L_00000000067ea990;  1 drivers
v00000000065ba5c0_0 .net *"_ivl_130", 0 0, L_00000000067eafd0;  1 drivers
v00000000065ba660_0 .net *"_ivl_132", 0 0, L_00000000067eb610;  1 drivers
v00000000065baca0_0 .net *"_ivl_134", 0 0, L_00000000067eb6b0;  1 drivers
v00000000065bb1a0_0 .net *"_ivl_136", 0 0, L_00000000067eb110;  1 drivers
v00000000065bade0_0 .net *"_ivl_138", 0 0, L_00000000067ec290;  1 drivers
v00000000065ba700_0 .net *"_ivl_140", 0 0, L_00000000067ec650;  1 drivers
v00000000065ba840_0 .net *"_ivl_142", 0 0, L_00000000067ea7b0;  1 drivers
v00000000065bb240_0 .net *"_ivl_144", 0 0, L_00000000067eaa30;  1 drivers
v00000000065ba980_0 .net *"_ivl_146", 0 0, L_00000000067eb4d0;  1 drivers
v00000000065baa20_0 .net *"_ivl_148", 0 0, L_00000000067ea2b0;  1 drivers
v00000000065bad40_0 .net *"_ivl_150", 0 0, L_00000000067eb1b0;  1 drivers
v00000000065baac0_0 .net *"_ivl_18", 0 0, L_00000000067e82d0;  1 drivers
v00000000065bab60_0 .net/2u *"_ivl_19", 0 0, L_00000000067f9bc0;  1 drivers
v00000000065bb2e0_0 .net *"_ivl_28", 0 0, L_00000000067e9450;  1 drivers
v00000000067b46e0_0 .net *"_ivl_30", 0 0, L_00000000067e9db0;  1 drivers
v00000000067b5680_0 .net *"_ivl_32", 0 0, L_00000000067e9950;  1 drivers
v00000000067b4e60_0 .net *"_ivl_34", 0 0, L_00000000067e8550;  1 drivers
v00000000067b4aa0_0 .net *"_ivl_36", 0 0, L_00000000067e7fb0;  1 drivers
v00000000067b45a0_0 .net *"_ivl_38", 0 0, L_00000000067e9d10;  1 drivers
v00000000067b48c0_0 .net *"_ivl_40", 0 0, L_00000000067e8050;  1 drivers
v00000000067b4d20_0 .net *"_ivl_42", 0 0, L_00000000067e80f0;  1 drivers
v00000000067b4a00_0 .net *"_ivl_44", 0 0, L_00000000067e9130;  1 drivers
v00000000067b5a40_0 .net *"_ivl_46", 0 0, L_00000000067e7a10;  1 drivers
v00000000067b4fa0_0 .net *"_ivl_48", 0 0, L_00000000067e99f0;  1 drivers
v00000000067b5540_0 .net *"_ivl_52", 0 0, L_00000000067e8730;  1 drivers
v00000000067b4780_0 .net/2u *"_ivl_53", 0 0, L_00000000067f9c08;  1 drivers
v00000000067b5220_0 .net *"_ivl_62", 0 0, L_00000000067e8910;  1 drivers
v00000000067b43c0_0 .net *"_ivl_64", 0 0, L_00000000067e8c30;  1 drivers
v00000000067b4460_0 .net *"_ivl_66", 0 0, L_00000000067e8cd0;  1 drivers
v00000000067b4dc0_0 .net *"_ivl_68", 0 0, L_00000000067e9590;  1 drivers
v00000000067b4820_0 .net *"_ivl_70", 0 0, L_00000000067e9c70;  1 drivers
v00000000067b4c80_0 .net *"_ivl_72", 0 0, L_00000000067e8ff0;  1 drivers
v00000000067b5400_0 .net *"_ivl_74", 0 0, L_00000000067e91d0;  1 drivers
v00000000067b5720_0 .net *"_ivl_76", 0 0, L_00000000067e9270;  1 drivers
v00000000067b4f00_0 .net *"_ivl_78", 0 0, L_00000000067e9310;  1 drivers
v00000000067b55e0_0 .net *"_ivl_80", 0 0, L_00000000067e9630;  1 drivers
v00000000067b4960_0 .net *"_ivl_82", 0 0, L_00000000067ebed0;  1 drivers
v00000000067b4b40_0 .net *"_ivl_86", 0 0, L_00000000067eb390;  1 drivers
v00000000067b57c0_0 .net *"_ivl_88", 0 0, L_00000000067ea670;  1 drivers
v00000000067b4640_0 .net *"_ivl_90", 0 0, L_00000000067ebb10;  1 drivers
v00000000067b5040_0 .net *"_ivl_92", 0 0, L_00000000067eb2f0;  1 drivers
v00000000067b54a0_0 .net *"_ivl_94", 0 0, L_00000000067eb9d0;  1 drivers
v00000000067b4500_0 .net *"_ivl_96", 0 0, L_00000000067ec330;  1 drivers
v00000000067b5860_0 .net *"_ivl_98", 0 0, L_00000000067ec010;  1 drivers
L_00000000067e85f0 .part v00000000067af030_0, 15, 1;
L_00000000067e7d30 .part v00000000067af030_0, 14, 1;
L_00000000067e8eb0 .part v00000000067af030_0, 13, 1;
L_00000000067e93b0 .part v00000000067af030_0, 12, 1;
L_00000000067e7f10 .part v00000000067af030_0, 11, 1;
L_00000000067e7bf0 .part v00000000067af030_0, 10, 1;
L_00000000067e8a50 .part v00000000067af030_0, 9, 1;
L_00000000067e8e10 .part v00000000067af030_0, 8, 1;
L_00000000067e8f50 .part v00000000067af030_0, 7, 1;
L_00000000067e9b30 .part v00000000067af030_0, 6, 1;
L_00000000067e8690 .part v00000000067af030_0, 5, 1;
L_00000000067e7c90 .part v00000000067af030_0, 4, 1;
L_00000000067e7970 .part v00000000067af030_0, 3, 1;
L_00000000067e94f0 .part v00000000067af030_0, 2, 1;
L_00000000067e9090 .part v00000000067af030_0, 1, 1;
L_00000000067e8b90 .part v00000000067af030_0, 0, 1;
L_00000000067e82d0 .ufunc/vec4 TD_ICESTORM_RAM.pd, 1, o000000000675f1a8 (v00000000067ae270_0) S_00000000065b7060;
L_00000000067e98b0 .ufunc/vec4 TD_ICESTORM_RAM.pu, 1, o000000000675f1d8 (v00000000067ae3b0_0) S_00000000065b71f0;
L_00000000067e8d70 .ufunc/vec4 TD_ICESTORM_RAM.pd, 1, o000000000675f508 (v00000000067ae270_0) S_00000000065b7060;
L_00000000067e9450 .ufunc/vec4 TD_ICESTORM_RAM.pd, 1, o000000000675eff8 (v00000000067ae270_0) S_00000000065b7060;
L_00000000067e9db0 .ufunc/vec4 TD_ICESTORM_RAM.pd, 1, o000000000675f178 (v00000000067ae270_0) S_00000000065b7060;
L_00000000067e9950 .ufunc/vec4 TD_ICESTORM_RAM.pd, 1, o000000000675f148 (v00000000067ae270_0) S_00000000065b7060;
L_00000000067e8550 .ufunc/vec4 TD_ICESTORM_RAM.pd, 1, o000000000675f118 (v00000000067ae270_0) S_00000000065b7060;
L_00000000067e7fb0 .ufunc/vec4 TD_ICESTORM_RAM.pd, 1, o000000000675f0e8 (v00000000067ae270_0) S_00000000065b7060;
L_00000000067e9d10 .ufunc/vec4 TD_ICESTORM_RAM.pd, 1, o000000000675f0b8 (v00000000067ae270_0) S_00000000065b7060;
L_00000000067e8050 .ufunc/vec4 TD_ICESTORM_RAM.pd, 1, o000000000675f088 (v00000000067ae270_0) S_00000000065b7060;
L_00000000067e80f0 .ufunc/vec4 TD_ICESTORM_RAM.pd, 1, o000000000675f058 (v00000000067ae270_0) S_00000000065b7060;
L_00000000067e9130 .ufunc/vec4 TD_ICESTORM_RAM.pd, 1, o000000000675f028 (v00000000067ae270_0) S_00000000065b7060;
L_00000000067e7a10 .ufunc/vec4 TD_ICESTORM_RAM.pd, 1, o000000000675efc8 (v00000000067ae270_0) S_00000000065b7060;
L_00000000067e99f0 .ufunc/vec4 TD_ICESTORM_RAM.pd, 1, o000000000675ef98 (v00000000067ae270_0) S_00000000065b7060;
LS_00000000067e9a90_0_0 .concat [ 1 1 1 1], L_00000000067e99f0, L_00000000067e7a10, L_00000000067e9130, L_00000000067e80f0;
LS_00000000067e9a90_0_4 .concat [ 1 1 1 1], L_00000000067e8050, L_00000000067e9d10, L_00000000067e7fb0, L_00000000067e8550;
LS_00000000067e9a90_0_8 .concat [ 1 1 1 0], L_00000000067e9950, L_00000000067e9db0, L_00000000067e9450;
L_00000000067e9a90 .concat [ 4 4 3 0], LS_00000000067e9a90_0_0, LS_00000000067e9a90_0_4, LS_00000000067e9a90_0_8;
L_00000000067e8730 .ufunc/vec4 TD_ICESTORM_RAM.pd, 1, o000000000675f748 (v00000000067ae270_0) S_00000000065b7060;
L_00000000067e87d0 .ufunc/vec4 TD_ICESTORM_RAM.pu, 1, o000000000675f778 (v00000000067ae3b0_0) S_00000000065b71f0;
L_00000000067e8870 .ufunc/vec4 TD_ICESTORM_RAM.pd, 1, o000000000675faa8 (v00000000067ae270_0) S_00000000065b7060;
L_00000000067e8910 .ufunc/vec4 TD_ICESTORM_RAM.pd, 1, o000000000675f598 (v00000000067ae270_0) S_00000000065b7060;
L_00000000067e8c30 .ufunc/vec4 TD_ICESTORM_RAM.pd, 1, o000000000675f718 (v00000000067ae270_0) S_00000000065b7060;
L_00000000067e8cd0 .ufunc/vec4 TD_ICESTORM_RAM.pd, 1, o000000000675f6e8 (v00000000067ae270_0) S_00000000065b7060;
L_00000000067e9590 .ufunc/vec4 TD_ICESTORM_RAM.pd, 1, o000000000675f6b8 (v00000000067ae270_0) S_00000000065b7060;
L_00000000067e9c70 .ufunc/vec4 TD_ICESTORM_RAM.pd, 1, o000000000675f688 (v00000000067ae270_0) S_00000000065b7060;
L_00000000067e8ff0 .ufunc/vec4 TD_ICESTORM_RAM.pd, 1, o000000000675f658 (v00000000067ae270_0) S_00000000065b7060;
L_00000000067e91d0 .ufunc/vec4 TD_ICESTORM_RAM.pd, 1, o000000000675f628 (v00000000067ae270_0) S_00000000065b7060;
L_00000000067e9270 .ufunc/vec4 TD_ICESTORM_RAM.pd, 1, o000000000675f5f8 (v00000000067ae270_0) S_00000000065b7060;
L_00000000067e9310 .ufunc/vec4 TD_ICESTORM_RAM.pd, 1, o000000000675f5c8 (v00000000067ae270_0) S_00000000065b7060;
L_00000000067e9630 .ufunc/vec4 TD_ICESTORM_RAM.pd, 1, o000000000675f568 (v00000000067ae270_0) S_00000000065b7060;
L_00000000067ebed0 .ufunc/vec4 TD_ICESTORM_RAM.pd, 1, o000000000675f538 (v00000000067ae270_0) S_00000000065b7060;
LS_00000000067eaf30_0_0 .concat [ 1 1 1 1], L_00000000067ebed0, L_00000000067e9630, L_00000000067e9310, L_00000000067e9270;
LS_00000000067eaf30_0_4 .concat [ 1 1 1 1], L_00000000067e91d0, L_00000000067e8ff0, L_00000000067e9c70, L_00000000067e9590;
LS_00000000067eaf30_0_8 .concat [ 1 1 1 0], L_00000000067e8cd0, L_00000000067e8c30, L_00000000067e8910;
L_00000000067eaf30 .concat [ 4 4 3 0], LS_00000000067eaf30_0_0, LS_00000000067eaf30_0_4, LS_00000000067eaf30_0_8;
L_00000000067eb390 .ufunc/vec4 TD_ICESTORM_RAM.pd, 1, o000000000675ede8 (v00000000067ae270_0) S_00000000065b7060;
L_00000000067ea670 .ufunc/vec4 TD_ICESTORM_RAM.pd, 1, o000000000675edb8 (v00000000067ae270_0) S_00000000065b7060;
L_00000000067ebb10 .ufunc/vec4 TD_ICESTORM_RAM.pd, 1, o000000000675ed88 (v00000000067ae270_0) S_00000000065b7060;
L_00000000067eb2f0 .ufunc/vec4 TD_ICESTORM_RAM.pd, 1, o000000000675ed58 (v00000000067ae270_0) S_00000000065b7060;
L_00000000067eb9d0 .ufunc/vec4 TD_ICESTORM_RAM.pd, 1, o000000000675ed28 (v00000000067ae270_0) S_00000000065b7060;
L_00000000067ec330 .ufunc/vec4 TD_ICESTORM_RAM.pd, 1, o000000000675ecf8 (v00000000067ae270_0) S_00000000065b7060;
L_00000000067ec010 .ufunc/vec4 TD_ICESTORM_RAM.pd, 1, o000000000675ef68 (v00000000067ae270_0) S_00000000065b7060;
L_00000000067eba70 .ufunc/vec4 TD_ICESTORM_RAM.pd, 1, o000000000675ef38 (v00000000067ae270_0) S_00000000065b7060;
L_00000000067ebcf0 .ufunc/vec4 TD_ICESTORM_RAM.pd, 1, o000000000675ef08 (v00000000067ae270_0) S_00000000065b7060;
L_00000000067ea170 .ufunc/vec4 TD_ICESTORM_RAM.pd, 1, o000000000675eed8 (v00000000067ae270_0) S_00000000065b7060;
L_00000000067eb430 .ufunc/vec4 TD_ICESTORM_RAM.pd, 1, o000000000675eea8 (v00000000067ae270_0) S_00000000065b7060;
L_00000000067eb070 .ufunc/vec4 TD_ICESTORM_RAM.pd, 1, o000000000675ee78 (v00000000067ae270_0) S_00000000065b7060;
L_00000000067eb890 .ufunc/vec4 TD_ICESTORM_RAM.pd, 1, o000000000675ee48 (v00000000067ae270_0) S_00000000065b7060;
L_00000000067eb930 .ufunc/vec4 TD_ICESTORM_RAM.pd, 1, o000000000675ee18 (v00000000067ae270_0) S_00000000065b7060;
L_00000000067eac10 .ufunc/vec4 TD_ICESTORM_RAM.pd, 1, o000000000675ecc8 (v00000000067ae270_0) S_00000000065b7060;
L_00000000067ec5b0 .ufunc/vec4 TD_ICESTORM_RAM.pd, 1, o000000000675ec98 (v00000000067ae270_0) S_00000000065b7060;
LS_00000000067eadf0_0_0 .concat [ 1 1 1 1], L_00000000067ec5b0, L_00000000067eac10, L_00000000067eb930, L_00000000067eb890;
LS_00000000067eadf0_0_4 .concat [ 1 1 1 1], L_00000000067eb070, L_00000000067eb430, L_00000000067ea170, L_00000000067ebcf0;
LS_00000000067eadf0_0_8 .concat [ 1 1 1 1], L_00000000067eba70, L_00000000067ec010, L_00000000067ec330, L_00000000067eb9d0;
LS_00000000067eadf0_0_12 .concat [ 1 1 1 1], L_00000000067eb2f0, L_00000000067ebb10, L_00000000067ea670, L_00000000067eb390;
L_00000000067eadf0 .concat [ 4 4 4 4], LS_00000000067eadf0_0_0, LS_00000000067eadf0_0_4, LS_00000000067eadf0_0_8, LS_00000000067eadf0_0_12;
L_00000000067ebe30 .ufunc/vec4 TD_ICESTORM_RAM.pd, 1, o000000000675f8f8 (v00000000067ae270_0) S_00000000065b7060;
L_00000000067ec830 .ufunc/vec4 TD_ICESTORM_RAM.pd, 1, o000000000675f8c8 (v00000000067ae270_0) S_00000000065b7060;
L_00000000067ec0b0 .ufunc/vec4 TD_ICESTORM_RAM.pd, 1, o000000000675f898 (v00000000067ae270_0) S_00000000065b7060;
L_00000000067ec3d0 .ufunc/vec4 TD_ICESTORM_RAM.pd, 1, o000000000675f868 (v00000000067ae270_0) S_00000000065b7060;
L_00000000067ea990 .ufunc/vec4 TD_ICESTORM_RAM.pd, 1, o000000000675f838 (v00000000067ae270_0) S_00000000065b7060;
L_00000000067eafd0 .ufunc/vec4 TD_ICESTORM_RAM.pd, 1, o000000000675f808 (v00000000067ae270_0) S_00000000065b7060;
L_00000000067eb610 .ufunc/vec4 TD_ICESTORM_RAM.pd, 1, o000000000675fa78 (v00000000067ae270_0) S_00000000065b7060;
L_00000000067eb6b0 .ufunc/vec4 TD_ICESTORM_RAM.pd, 1, o000000000675fa48 (v00000000067ae270_0) S_00000000065b7060;
L_00000000067eb110 .ufunc/vec4 TD_ICESTORM_RAM.pd, 1, o000000000675fa18 (v00000000067ae270_0) S_00000000065b7060;
L_00000000067ec290 .ufunc/vec4 TD_ICESTORM_RAM.pd, 1, o000000000675f9e8 (v00000000067ae270_0) S_00000000065b7060;
L_00000000067ec650 .ufunc/vec4 TD_ICESTORM_RAM.pd, 1, o000000000675f9b8 (v00000000067ae270_0) S_00000000065b7060;
L_00000000067ea7b0 .ufunc/vec4 TD_ICESTORM_RAM.pd, 1, o000000000675f988 (v00000000067ae270_0) S_00000000065b7060;
L_00000000067eaa30 .ufunc/vec4 TD_ICESTORM_RAM.pd, 1, o000000000675f958 (v00000000067ae270_0) S_00000000065b7060;
L_00000000067eb4d0 .ufunc/vec4 TD_ICESTORM_RAM.pd, 1, o000000000675f928 (v00000000067ae270_0) S_00000000065b7060;
L_00000000067ea2b0 .ufunc/vec4 TD_ICESTORM_RAM.pd, 1, o000000000675f7d8 (v00000000067ae270_0) S_00000000065b7060;
L_00000000067eb1b0 .ufunc/vec4 TD_ICESTORM_RAM.pd, 1, o000000000675f7a8 (v00000000067ae270_0) S_00000000065b7060;
LS_00000000067eb250_0_0 .concat [ 1 1 1 1], L_00000000067eb1b0, L_00000000067ea2b0, L_00000000067eb4d0, L_00000000067eaa30;
LS_00000000067eb250_0_4 .concat [ 1 1 1 1], L_00000000067ea7b0, L_00000000067ec650, L_00000000067ec290, L_00000000067eb110;
LS_00000000067eb250_0_8 .concat [ 1 1 1 1], L_00000000067eb6b0, L_00000000067eb610, L_00000000067eafd0, L_00000000067ea990;
LS_00000000067eb250_0_12 .concat [ 1 1 1 1], L_00000000067ec3d0, L_00000000067ec0b0, L_00000000067ec830, L_00000000067ebe30;
L_00000000067eb250 .concat [ 4 4 4 4], LS_00000000067eb250_0_0, LS_00000000067eb250_0_4, LS_00000000067eb250_0_8, LS_00000000067eb250_0_12;
S_00000000065b6a20 .scope module, "RAM" "SB_RAM40_4K" 2 3233, 2 1487 0, S_00000000066eee20;
 .timescale -12 -12;
    .port_info 0 /OUTPUT 16 "RDATA";
    .port_info 1 /INPUT 1 "RCLK";
    .port_info 2 /INPUT 1 "RCLKE";
    .port_info 3 /INPUT 1 "RE";
    .port_info 4 /INPUT 11 "RADDR";
    .port_info 5 /INPUT 1 "WCLK";
    .port_info 6 /INPUT 1 "WCLKE";
    .port_info 7 /INPUT 1 "WE";
    .port_info 8 /INPUT 11 "WADDR";
    .port_info 9 /INPUT 16 "MASK";
    .port_info 10 /INPUT 16 "WDATA";
P_00000000064da780 .param/l "INIT_0" 0 2 1507, C4<0000000000000000000000000000000000000000000000000000000000000000000000000000000000000000000000000000000000000000000000000000000000000000000000000000000000000000000000000000000000000000000000000000000000000000000000000000000000000000000000000000000000000000>;
P_00000000064da7b8 .param/l "INIT_1" 0 2 1508, C4<0000000000000000000000000000000000000000000000000000000000000000000000000000000000000000000000000000000000000000000000000000000000000000000000000000000000000000000000000000000000000000000000000000000000000000000000000000000000000000000000000000000000000000>;
P_00000000064da7f0 .param/l "INIT_2" 0 2 1509, C4<0000000000000000000000000000000000000000000000000000000000000000000000000000000000000000000000000000000000000000000000000000000000000000000000000000000000000000000000000000000000000000000000000000000000000000000000000000000000000000000000000000000000000000>;
P_00000000064da828 .param/l "INIT_3" 0 2 1510, C4<0000000000000000000000000000000000000000000000000000000000000000000000000000000000000000000000000000000000000000000000000000000000000000000000000000000000000000000000000000000000000000000000000000000000000000000000000000000000000000000000000000000000000000>;
P_00000000064da860 .param/l "INIT_4" 0 2 1511, C4<0000000000000000000000000000000000000000000000000000000000000000000000000000000000000000000000000000000000000000000000000000000000000000000000000000000000000000000000000000000000000000000000000000000000000000000000000000000000000000000000000000000000000000>;
P_00000000064da898 .param/l "INIT_5" 0 2 1512, C4<0000000000000000000000000000000000000000000000000000000000000000000000000000000000000000000000000000000000000000000000000000000000000000000000000000000000000000000000000000000000000000000000000000000000000000000000000000000000000000000000000000000000000000>;
P_00000000064da8d0 .param/l "INIT_6" 0 2 1513, C4<0000000000000000000000000000000000000000000000000000000000000000000000000000000000000000000000000000000000000000000000000000000000000000000000000000000000000000000000000000000000000000000000000000000000000000000000000000000000000000000000000000000000000000>;
P_00000000064da908 .param/l "INIT_7" 0 2 1514, C4<0000000000000000000000000000000000000000000000000000000000000000000000000000000000000000000000000000000000000000000000000000000000000000000000000000000000000000000000000000000000000000000000000000000000000000000000000000000000000000000000000000000000000000>;
P_00000000064da940 .param/l "INIT_8" 0 2 1515, C4<0000000000000000000000000000000000000000000000000000000000000000000000000000000000000000000000000000000000000000000000000000000000000000000000000000000000000000000000000000000000000000000000000000000000000000000000000000000000000000000000000000000000000000>;
P_00000000064da978 .param/l "INIT_9" 0 2 1516, C4<0000000000000000000000000000000000000000000000000000000000000000000000000000000000000000000000000000000000000000000000000000000000000000000000000000000000000000000000000000000000000000000000000000000000000000000000000000000000000000000000000000000000000000>;
P_00000000064da9b0 .param/l "INIT_A" 0 2 1517, C4<0000000000000000000000000000000000000000000000000000000000000000000000000000000000000000000000000000000000000000000000000000000000000000000000000000000000000000000000000000000000000000000000000000000000000000000000000000000000000000000000000000000000000000>;
P_00000000064da9e8 .param/l "INIT_B" 0 2 1518, C4<0000000000000000000000000000000000000000000000000000000000000000000000000000000000000000000000000000000000000000000000000000000000000000000000000000000000000000000000000000000000000000000000000000000000000000000000000000000000000000000000000000000000000000>;
P_00000000064daa20 .param/l "INIT_C" 0 2 1519, C4<0000000000000000000000000000000000000000000000000000000000000000000000000000000000000000000000000000000000000000000000000000000000000000000000000000000000000000000000000000000000000000000000000000000000000000000000000000000000000000000000000000000000000000>;
P_00000000064daa58 .param/l "INIT_D" 0 2 1520, C4<0000000000000000000000000000000000000000000000000000000000000000000000000000000000000000000000000000000000000000000000000000000000000000000000000000000000000000000000000000000000000000000000000000000000000000000000000000000000000000000000000000000000000000>;
P_00000000064daa90 .param/l "INIT_E" 0 2 1521, C4<0000000000000000000000000000000000000000000000000000000000000000000000000000000000000000000000000000000000000000000000000000000000000000000000000000000000000000000000000000000000000000000000000000000000000000000000000000000000000000000000000000000000000000>;
P_00000000064daac8 .param/l "INIT_F" 0 2 1522, C4<0000000000000000000000000000000000000000000000000000000000000000000000000000000000000000000000000000000000000000000000000000000000000000000000000000000000000000000000000000000000000000000000000000000000000000000000000000000000000000000000000000000000000000>;
P_00000000064dab00 .param/str "INIT_FILE" 0 2 1524, "\000";
P_00000000064dab38 .param/l "READ_MODE" 0 2 1505, +C4<00000000000000000000000000000000>;
P_00000000064dab70 .param/l "WRITE_MODE" 0 2 1504, +C4<00000000000000000000000000000000>;
v00000000067aeef0_0 .net "MASK", 15 0, L_00000000067eadf0;  1 drivers
v00000000067ae770_0 .net "RADDR", 10 0, L_00000000067e9a90;  1 drivers
v00000000067aed10_0 .net "RCLK", 0 0, L_00000000066bfeb0;  1 drivers
v00000000067af3f0_0 .net "RCLKE", 0 0, L_00000000067e98b0;  1 drivers
v00000000067ade10_0 .net "RDATA", 15 0, v00000000067af030_0;  1 drivers
v00000000067af030_0 .var "RDATA_I", 15 0;
v00000000067afa30_0 .net "RE", 0 0, L_00000000067e8d70;  1 drivers
L_00000000067f9b78 .functor BUFT 1, C4<0000000000000000>, C4<0>, C4<0>, C4<0>;
v00000000067af210_0 .net "RMASK_I", 15 0, L_00000000067f9b78;  1 drivers
v00000000067adff0_0 .net "WADDR", 10 0, L_00000000067eaf30;  1 drivers
v00000000067ae090_0 .net "WCLK", 0 0, L_00000000066bff20;  1 drivers
v00000000067adcd0_0 .net "WCLKE", 0 0, L_00000000067e87d0;  1 drivers
v00000000067adb90_0 .net "WDATA", 15 0, L_00000000067eb250;  1 drivers
v00000000067ae810_0 .net "WDATA_I", 15 0, L_00000000066c0150;  1 drivers
v00000000067ae9f0_0 .net "WE", 0 0, L_00000000067e8870;  1 drivers
v00000000067af2b0_0 .net "WMASK_I", 15 0, L_00000000066bfe40;  1 drivers
v00000000067ae130_0 .var/i "i", 31 0;
v00000000067ae590 .array "memory", 255 0, 15 0;
E_000000000670a360 .event posedge, v00000000067aed10_0;
E_000000000670bf20 .event posedge, v00000000067ae090_0;
S_00000000065b5760 .scope generate, "genblk1" "genblk1" 2 1534, 2 1534 0, S_00000000065b6a20;
 .timescale -12 -12;
L_00000000066bfe40 .functor BUFZ 16, L_00000000067eadf0, C4<0000000000000000>, C4<0000000000000000>, C4<0000000000000000>;
S_00000000065b6700 .scope generate, "genblk2" "genblk2" 2 1555, 2 1555 0, S_00000000065b6a20;
 .timescale -12 -12;
S_00000000065b6d40 .scope generate, "genblk3" "genblk3" 2 1576, 2 1576 0, S_00000000065b6a20;
 .timescale -12 -12;
L_00000000066c0150 .functor BUFZ 16, L_00000000067eb250, C4<0000000000000000>, C4<0000000000000000>, C4<0000000000000000>;
S_00000000065b6ed0 .scope generate, "genblk4" "genblk4" 2 1595, 2 1595 0, S_00000000065b6a20;
 .timescale -12 -12;
S_00000000065b7060 .scope function.vec4.s1, "pd" "pd" 2 3200, 2 3200 0, S_00000000066eee20;
 .timescale -12 -12;
; Variable pd is vec4 return value of scope S_00000000065b7060
v00000000067ae270_0 .var "x", 0 0;
TD_ICESTORM_RAM.pd ;
    %load/vec4 v00000000067ae270_0;
    %cmpi/e 0, 1, 1;
    %flag_mov 8, 6;
    %jmp/0 T_0.0, 8;
    %pushi/vec4 0, 0, 1;
    %jmp/1 T_0.1, 8;
T_0.0 ; End of true expr.
    %load/vec4 v00000000067ae270_0;
    %jmp/0 T_0.1, 8;
 ; End of false expr.
    %blend;
T_0.1;
    %ret/vec4 0, 0, 1;  Assign to pd (store_vec4_to_lval)
    %end;
S_00000000065b71f0 .scope function.vec4.s1, "pu" "pu" 2 3207, 2 3207 0, S_00000000066eee20;
 .timescale -12 -12;
; Variable pu is vec4 return value of scope S_00000000065b71f0
v00000000067ae3b0_0 .var "x", 0 0;
TD_ICESTORM_RAM.pu ;
    %load/vec4 v00000000067ae3b0_0;
    %cmpi/e 0, 1, 1;
    %flag_mov 8, 6;
    %jmp/0 T_1.2, 8;
    %pushi/vec4 1, 0, 1;
    %jmp/1 T_1.3, 8;
T_1.2 ; End of true expr.
    %load/vec4 v00000000067ae3b0_0;
    %jmp/0 T_1.3, 8;
 ; End of false expr.
    %blend;
T_1.3;
    %ret/vec4 0, 0, 1;  Assign to pu (store_vec4_to_lval)
    %end;
S_00000000065d99b0 .scope module, "SB_CARRY" "SB_CARRY" 2 228;
 .timescale -12 -12;
    .port_info 0 /OUTPUT 1 "CO";
    .port_info 1 /INPUT 1 "I0";
    .port_info 2 /INPUT 1 "I1";
    .port_info 3 /INPUT 1 "CI";
o0000000006761458 .functor BUFZ 1, C4<z>; HiZ drive
o0000000006761488 .functor BUFZ 1, C4<z>; HiZ drive
L_00000000066c07e0 .functor AND 1, o0000000006761458, o0000000006761488, C4<1>, C4<1>;
L_00000000066c0000 .functor OR 1, o0000000006761458, o0000000006761488, C4<0>, C4<0>;
o00000000067613f8 .functor BUFZ 1, C4<z>; HiZ drive
L_00000000066c0230 .functor AND 1, L_00000000066c0000, o00000000067613f8, C4<1>, C4<1>;
L_00000000066c0850 .functor OR 1, L_00000000066c07e0, L_00000000066c0230, C4<0>, C4<0>;
v00000000067b5180_0 .net "CI", 0 0, o00000000067613f8;  0 drivers
v00000000067b5900_0 .net "CO", 0 0, L_00000000066c0850;  1 drivers
v00000000067b59a0_0 .net "I0", 0 0, o0000000006761458;  0 drivers
v00000000067b52c0_0 .net "I1", 0 0, o0000000006761488;  0 drivers
v00000000067b50e0_0 .net *"_ivl_1", 0 0, L_00000000066c07e0;  1 drivers
v00000000067b4be0_0 .net *"_ivl_3", 0 0, L_00000000066c0000;  1 drivers
v00000000067b5360_0 .net *"_ivl_5", 0 0, L_00000000066c0230;  1 drivers
S_00000000065d9b40 .scope module, "SB_DFF" "SB_DFF" 2 265;
 .timescale -12 -12;
    .port_info 0 /OUTPUT 1 "Q";
    .port_info 1 /INPUT 1 "C";
    .port_info 2 /INPUT 1 "D";
o0000000006761608 .functor BUFZ 1, C4<z>; HiZ drive
v00000000067b41e0_0 .net "C", 0 0, o0000000006761608;  0 drivers
o0000000006761638 .functor BUFZ 1, C4<z>; HiZ drive
v00000000067b40a0_0 .net "D", 0 0, o0000000006761638;  0 drivers
v00000000067b2a20_0 .var "Q", 0 0;
E_000000000670bfa0 .event posedge, v00000000067b41e0_0;
S_0000000006442fc0 .scope module, "SB_DFFE" "SB_DFFE" 2 303;
 .timescale -12 -12;
    .port_info 0 /OUTPUT 1 "Q";
    .port_info 1 /INPUT 1 "C";
    .port_info 2 /INPUT 1 "E";
    .port_info 3 /INPUT 1 "D";
o0000000006761728 .functor BUFZ 1, C4<z>; HiZ drive
v00000000067b22a0_0 .net "C", 0 0, o0000000006761728;  0 drivers
o0000000006761758 .functor BUFZ 1, C4<z>; HiZ drive
v00000000067b2f20_0 .net "D", 0 0, o0000000006761758;  0 drivers
o0000000006761788 .functor BUFZ 1, C4<z>; HiZ drive
v00000000067b4320_0 .net "E", 0 0, o0000000006761788;  0 drivers
v00000000067b2200_0 .var "Q", 0 0;
E_000000000670bfe0 .event posedge, v00000000067b22a0_0;
S_0000000006443150 .scope module, "SB_DFFER" "SB_DFFER" 2 653;
 .timescale -12 -12;
    .port_info 0 /OUTPUT 1 "Q";
    .port_info 1 /INPUT 1 "C";
    .port_info 2 /INPUT 1 "E";
    .port_info 3 /INPUT 1 "R";
    .port_info 4 /INPUT 1 "D";
o00000000067618a8 .functor BUFZ 1, C4<z>; HiZ drive
v00000000067b1bc0_0 .net "C", 0 0, o00000000067618a8;  0 drivers
o00000000067618d8 .functor BUFZ 1, C4<z>; HiZ drive
v00000000067b2ac0_0 .net "D", 0 0, o00000000067618d8;  0 drivers
o0000000006761908 .functor BUFZ 1, C4<z>; HiZ drive
v00000000067b3100_0 .net "E", 0 0, o0000000006761908;  0 drivers
v00000000067b3b00_0 .var "Q", 0 0;
o0000000006761968 .functor BUFZ 1, C4<z>; HiZ drive
v00000000067b31a0_0 .net "R", 0 0, o0000000006761968;  0 drivers
E_000000000670d0a0 .event posedge, v00000000067b31a0_0, v00000000067b1bc0_0;
S_00000000064432e0 .scope module, "SB_DFFES" "SB_DFFES" 2 794;
 .timescale -12 -12;
    .port_info 0 /OUTPUT 1 "Q";
    .port_info 1 /INPUT 1 "C";
    .port_info 2 /INPUT 1 "E";
    .port_info 3 /INPUT 1 "S";
    .port_info 4 /INPUT 1 "D";
o0000000006761a88 .functor BUFZ 1, C4<z>; HiZ drive
v00000000067b4140_0 .net "C", 0 0, o0000000006761a88;  0 drivers
o0000000006761ab8 .functor BUFZ 1, C4<z>; HiZ drive
v00000000067b34c0_0 .net "D", 0 0, o0000000006761ab8;  0 drivers
o0000000006761ae8 .functor BUFZ 1, C4<z>; HiZ drive
v00000000067b4280_0 .net "E", 0 0, o0000000006761ae8;  0 drivers
v00000000067b32e0_0 .var "Q", 0 0;
o0000000006761b48 .functor BUFZ 1, C4<z>; HiZ drive
v00000000067b1c60_0 .net "S", 0 0, o0000000006761b48;  0 drivers
E_000000000670c360 .event posedge, v00000000067b1c60_0, v00000000067b4140_0;
S_00000000064478d0 .scope module, "SB_DFFESR" "SB_DFFESR" 2 592;
 .timescale -12 -12;
    .port_info 0 /OUTPUT 1 "Q";
    .port_info 1 /INPUT 1 "C";
    .port_info 2 /INPUT 1 "E";
    .port_info 3 /INPUT 1 "R";
    .port_info 4 /INPUT 1 "D";
o0000000006761c68 .functor BUFZ 1, C4<z>; HiZ drive
v00000000067b2700_0 .net "C", 0 0, o0000000006761c68;  0 drivers
o0000000006761c98 .functor BUFZ 1, C4<z>; HiZ drive
v00000000067b3f60_0 .net "D", 0 0, o0000000006761c98;  0 drivers
o0000000006761cc8 .functor BUFZ 1, C4<z>; HiZ drive
v00000000067b2840_0 .net "E", 0 0, o0000000006761cc8;  0 drivers
v00000000067b1e40_0 .var "Q", 0 0;
o0000000006761d28 .functor BUFZ 1, C4<z>; HiZ drive
v00000000067b28e0_0 .net "R", 0 0, o0000000006761d28;  0 drivers
E_000000000670c3a0 .event posedge, v00000000067b2700_0;
S_0000000006447a60 .scope module, "SB_DFFESS" "SB_DFFESS" 2 733;
 .timescale -12 -12;
    .port_info 0 /OUTPUT 1 "Q";
    .port_info 1 /INPUT 1 "C";
    .port_info 2 /INPUT 1 "E";
    .port_info 3 /INPUT 1 "S";
    .port_info 4 /INPUT 1 "D";
o0000000006761e48 .functor BUFZ 1, C4<z>; HiZ drive
v00000000067b2b60_0 .net "C", 0 0, o0000000006761e48;  0 drivers
o0000000006761e78 .functor BUFZ 1, C4<z>; HiZ drive
v00000000067b3ec0_0 .net "D", 0 0, o0000000006761e78;  0 drivers
o0000000006761ea8 .functor BUFZ 1, C4<z>; HiZ drive
v00000000067b2480_0 .net "E", 0 0, o0000000006761ea8;  0 drivers
v00000000067b1d00_0 .var "Q", 0 0;
o0000000006761f08 .functor BUFZ 1, C4<z>; HiZ drive
v00000000067b1da0_0 .net "S", 0 0, o0000000006761f08;  0 drivers
E_000000000670e0a0 .event posedge, v00000000067b2b60_0;
S_0000000006447bf0 .scope module, "SB_DFFN" "SB_DFFN" 2 876;
 .timescale -12 -12;
    .port_info 0 /OUTPUT 1 "Q";
    .port_info 1 /INPUT 1 "C";
    .port_info 2 /INPUT 1 "D";
o0000000006762028 .functor BUFZ 1, C4<z>; HiZ drive
v00000000067b27a0_0 .net "C", 0 0, o0000000006762028;  0 drivers
o0000000006762058 .functor BUFZ 1, C4<z>; HiZ drive
v00000000067b3880_0 .net "D", 0 0, o0000000006762058;  0 drivers
v00000000067b1ee0_0 .var "Q", 0 0;
E_000000000670e020 .event negedge, v00000000067b27a0_0;
S_0000000006451f40 .scope module, "SB_DFFNE" "SB_DFFNE" 2 914;
 .timescale -12 -12;
    .port_info 0 /OUTPUT 1 "Q";
    .port_info 1 /INPUT 1 "C";
    .port_info 2 /INPUT 1 "E";
    .port_info 3 /INPUT 1 "D";
o0000000006762148 .functor BUFZ 1, C4<z>; HiZ drive
v00000000067b1f80_0 .net "C", 0 0, o0000000006762148;  0 drivers
o0000000006762178 .functor BUFZ 1, C4<z>; HiZ drive
v00000000067b3e20_0 .net "D", 0 0, o0000000006762178;  0 drivers
o00000000067621a8 .functor BUFZ 1, C4<z>; HiZ drive
v00000000067b2c00_0 .net "E", 0 0, o00000000067621a8;  0 drivers
v00000000067b3d80_0 .var "Q", 0 0;
E_000000000670da60 .event negedge, v00000000067b1f80_0;
S_00000000064520d0 .scope module, "SB_DFFNER" "SB_DFFNER" 2 1264;
 .timescale -12 -12;
    .port_info 0 /OUTPUT 1 "Q";
    .port_info 1 /INPUT 1 "C";
    .port_info 2 /INPUT 1 "E";
    .port_info 3 /INPUT 1 "R";
    .port_info 4 /INPUT 1 "D";
o00000000067622c8 .functor BUFZ 1, C4<z>; HiZ drive
v00000000067b20c0_0 .net "C", 0 0, o00000000067622c8;  0 drivers
o00000000067622f8 .functor BUFZ 1, C4<z>; HiZ drive
v00000000067b3c40_0 .net "D", 0 0, o00000000067622f8;  0 drivers
o0000000006762328 .functor BUFZ 1, C4<z>; HiZ drive
v00000000067b2de0_0 .net "E", 0 0, o0000000006762328;  0 drivers
v00000000067b2980_0 .var "Q", 0 0;
o0000000006762388 .functor BUFZ 1, C4<z>; HiZ drive
v00000000067b2e80_0 .net "R", 0 0, o0000000006762388;  0 drivers
E_000000000670d260/0 .event negedge, v00000000067b20c0_0;
E_000000000670d260/1 .event posedge, v00000000067b2e80_0;
E_000000000670d260 .event/or E_000000000670d260/0, E_000000000670d260/1;
S_0000000006452260 .scope module, "SB_DFFNES" "SB_DFFNES" 2 1405;
 .timescale -12 -12;
    .port_info 0 /OUTPUT 1 "Q";
    .port_info 1 /INPUT 1 "C";
    .port_info 2 /INPUT 1 "E";
    .port_info 3 /INPUT 1 "S";
    .port_info 4 /INPUT 1 "D";
o00000000067624a8 .functor BUFZ 1, C4<z>; HiZ drive
v00000000067b2ca0_0 .net "C", 0 0, o00000000067624a8;  0 drivers
o00000000067624d8 .functor BUFZ 1, C4<z>; HiZ drive
v00000000067b2020_0 .net "D", 0 0, o00000000067624d8;  0 drivers
o0000000006762508 .functor BUFZ 1, C4<z>; HiZ drive
v00000000067b2160_0 .net "E", 0 0, o0000000006762508;  0 drivers
v00000000067b2340_0 .var "Q", 0 0;
o0000000006762568 .functor BUFZ 1, C4<z>; HiZ drive
v00000000067b2d40_0 .net "S", 0 0, o0000000006762568;  0 drivers
E_000000000670d5a0/0 .event negedge, v00000000067b2ca0_0;
E_000000000670d5a0/1 .event posedge, v00000000067b2d40_0;
E_000000000670d5a0 .event/or E_000000000670d5a0/0, E_000000000670d5a0/1;
S_000000000644ed70 .scope module, "SB_DFFNESR" "SB_DFFNESR" 2 1203;
 .timescale -12 -12;
    .port_info 0 /OUTPUT 1 "Q";
    .port_info 1 /INPUT 1 "C";
    .port_info 2 /INPUT 1 "E";
    .port_info 3 /INPUT 1 "R";
    .port_info 4 /INPUT 1 "D";
o0000000006762688 .functor BUFZ 1, C4<z>; HiZ drive
v00000000067b2fc0_0 .net "C", 0 0, o0000000006762688;  0 drivers
o00000000067626b8 .functor BUFZ 1, C4<z>; HiZ drive
v00000000067b3060_0 .net "D", 0 0, o00000000067626b8;  0 drivers
o00000000067626e8 .functor BUFZ 1, C4<z>; HiZ drive
v00000000067b4000_0 .net "E", 0 0, o00000000067626e8;  0 drivers
v00000000067b23e0_0 .var "Q", 0 0;
o0000000006762748 .functor BUFZ 1, C4<z>; HiZ drive
v00000000067b3a60_0 .net "R", 0 0, o0000000006762748;  0 drivers
E_000000000670e120 .event negedge, v00000000067b2fc0_0;
S_00000000064d36b0 .scope module, "SB_DFFNESS" "SB_DFFNESS" 2 1344;
 .timescale -12 -12;
    .port_info 0 /OUTPUT 1 "Q";
    .port_info 1 /INPUT 1 "C";
    .port_info 2 /INPUT 1 "E";
    .port_info 3 /INPUT 1 "S";
    .port_info 4 /INPUT 1 "D";
o0000000006762868 .functor BUFZ 1, C4<z>; HiZ drive
v00000000067b2520_0 .net "C", 0 0, o0000000006762868;  0 drivers
o0000000006762898 .functor BUFZ 1, C4<z>; HiZ drive
v00000000067b3ce0_0 .net "D", 0 0, o0000000006762898;  0 drivers
o00000000067628c8 .functor BUFZ 1, C4<z>; HiZ drive
v00000000067b25c0_0 .net "E", 0 0, o00000000067628c8;  0 drivers
v00000000067b3240_0 .var "Q", 0 0;
o0000000006762928 .functor BUFZ 1, C4<z>; HiZ drive
v00000000067b3ba0_0 .net "S", 0 0, o0000000006762928;  0 drivers
E_000000000670d360 .event negedge, v00000000067b2520_0;
S_00000000064d3840 .scope module, "SB_DFFNR" "SB_DFFNR" 2 1011;
 .timescale -12 -12;
    .port_info 0 /OUTPUT 1 "Q";
    .port_info 1 /INPUT 1 "C";
    .port_info 2 /INPUT 1 "R";
    .port_info 3 /INPUT 1 "D";
o0000000006762a48 .functor BUFZ 1, C4<z>; HiZ drive
v00000000067b37e0_0 .net "C", 0 0, o0000000006762a48;  0 drivers
o0000000006762a78 .functor BUFZ 1, C4<z>; HiZ drive
v00000000067b2660_0 .net "D", 0 0, o0000000006762a78;  0 drivers
v00000000067b3380_0 .var "Q", 0 0;
o0000000006762ad8 .functor BUFZ 1, C4<z>; HiZ drive
v00000000067b3420_0 .net "R", 0 0, o0000000006762ad8;  0 drivers
E_000000000670dda0/0 .event negedge, v00000000067b37e0_0;
E_000000000670dda0/1 .event posedge, v00000000067b3420_0;
E_000000000670dda0 .event/or E_000000000670dda0/0, E_000000000670dda0/1;
S_00000000064d3e80 .scope module, "SB_DFFNS" "SB_DFFNS" 2 1132;
 .timescale -12 -12;
    .port_info 0 /OUTPUT 1 "Q";
    .port_info 1 /INPUT 1 "C";
    .port_info 2 /INPUT 1 "S";
    .port_info 3 /INPUT 1 "D";
o0000000006762bc8 .functor BUFZ 1, C4<z>; HiZ drive
v00000000067b3560_0 .net "C", 0 0, o0000000006762bc8;  0 drivers
o0000000006762bf8 .functor BUFZ 1, C4<z>; HiZ drive
v00000000067b3600_0 .net "D", 0 0, o0000000006762bf8;  0 drivers
v00000000067b36a0_0 .var "Q", 0 0;
o0000000006762c58 .functor BUFZ 1, C4<z>; HiZ drive
v00000000067b3740_0 .net "S", 0 0, o0000000006762c58;  0 drivers
E_000000000670e060/0 .event negedge, v00000000067b3560_0;
E_000000000670e060/1 .event posedge, v00000000067b3740_0;
E_000000000670e060 .event/or E_000000000670e060/0, E_000000000670e060/1;
S_00000000064d3cf0 .scope module, "SB_DFFNSR" "SB_DFFNSR" 2 961;
 .timescale -12 -12;
    .port_info 0 /OUTPUT 1 "Q";
    .port_info 1 /INPUT 1 "C";
    .port_info 2 /INPUT 1 "R";
    .port_info 3 /INPUT 1 "D";
o0000000006762d48 .functor BUFZ 1, C4<z>; HiZ drive
v00000000067b3920_0 .net "C", 0 0, o0000000006762d48;  0 drivers
o0000000006762d78 .functor BUFZ 1, C4<z>; HiZ drive
v00000000067b39c0_0 .net "D", 0 0, o0000000006762d78;  0 drivers
v00000000067b8dd0_0 .var "Q", 0 0;
o0000000006762dd8 .functor BUFZ 1, C4<z>; HiZ drive
v00000000067b8d30_0 .net "R", 0 0, o0000000006762dd8;  0 drivers
E_000000000670d960 .event negedge, v00000000067b3920_0;
S_00000000064d3520 .scope module, "SB_DFFNSS" "SB_DFFNSS" 2 1082;
 .timescale -12 -12;
    .port_info 0 /OUTPUT 1 "Q";
    .port_info 1 /INPUT 1 "C";
    .port_info 2 /INPUT 1 "S";
    .port_info 3 /INPUT 1 "D";
o0000000006762ec8 .functor BUFZ 1, C4<z>; HiZ drive
v00000000067b8b50_0 .net "C", 0 0, o0000000006762ec8;  0 drivers
o0000000006762ef8 .functor BUFZ 1, C4<z>; HiZ drive
v00000000067b8470_0 .net "D", 0 0, o0000000006762ef8;  0 drivers
v00000000067b83d0_0 .var "Q", 0 0;
o0000000006762f58 .functor BUFZ 1, C4<z>; HiZ drive
v00000000067b90f0_0 .net "S", 0 0, o0000000006762f58;  0 drivers
E_000000000670dfa0 .event negedge, v00000000067b8b50_0;
S_00000000064d4010 .scope module, "SB_DFFR" "SB_DFFR" 2 400;
 .timescale -12 -12;
    .port_info 0 /OUTPUT 1 "Q";
    .port_info 1 /INPUT 1 "C";
    .port_info 2 /INPUT 1 "R";
    .port_info 3 /INPUT 1 "D";
o0000000006763048 .functor BUFZ 1, C4<z>; HiZ drive
v00000000067b9910_0 .net "C", 0 0, o0000000006763048;  0 drivers
o0000000006763078 .functor BUFZ 1, C4<z>; HiZ drive
v00000000067b94b0_0 .net "D", 0 0, o0000000006763078;  0 drivers
v00000000067b8fb0_0 .var "Q", 0 0;
o00000000067630d8 .functor BUFZ 1, C4<z>; HiZ drive
v00000000067b9870_0 .net "R", 0 0, o00000000067630d8;  0 drivers
E_000000000670e0e0 .event posedge, v00000000067b9870_0, v00000000067b9910_0;
S_00000000064d3390 .scope module, "SB_DFFS" "SB_DFFS" 2 521;
 .timescale -12 -12;
    .port_info 0 /OUTPUT 1 "Q";
    .port_info 1 /INPUT 1 "C";
    .port_info 2 /INPUT 1 "S";
    .port_info 3 /INPUT 1 "D";
o00000000067631c8 .functor BUFZ 1, C4<z>; HiZ drive
v00000000067b9370_0 .net "C", 0 0, o00000000067631c8;  0 drivers
o00000000067631f8 .functor BUFZ 1, C4<z>; HiZ drive
v00000000067b9410_0 .net "D", 0 0, o00000000067631f8;  0 drivers
v00000000067b8510_0 .var "Q", 0 0;
o0000000006763258 .functor BUFZ 1, C4<z>; HiZ drive
v00000000067b92d0_0 .net "S", 0 0, o0000000006763258;  0 drivers
E_000000000670d9e0 .event posedge, v00000000067b92d0_0, v00000000067b9370_0;
S_00000000064d3b60 .scope module, "SB_DFFSR" "SB_DFFSR" 2 350;
 .timescale -12 -12;
    .port_info 0 /OUTPUT 1 "Q";
    .port_info 1 /INPUT 1 "C";
    .port_info 2 /INPUT 1 "R";
    .port_info 3 /INPUT 1 "D";
o0000000006763348 .functor BUFZ 1, C4<z>; HiZ drive
v00000000067b85b0_0 .net "C", 0 0, o0000000006763348;  0 drivers
o0000000006763378 .functor BUFZ 1, C4<z>; HiZ drive
v00000000067b8e70_0 .net "D", 0 0, o0000000006763378;  0 drivers
v00000000067b8830_0 .var "Q", 0 0;
o00000000067633d8 .functor BUFZ 1, C4<z>; HiZ drive
v00000000067b9a50_0 .net "R", 0 0, o00000000067633d8;  0 drivers
E_000000000670d5e0 .event posedge, v00000000067b85b0_0;
S_00000000064d39d0 .scope module, "SB_DFFSS" "SB_DFFSS" 2 471;
 .timescale -12 -12;
    .port_info 0 /OUTPUT 1 "Q";
    .port_info 1 /INPUT 1 "C";
    .port_info 2 /INPUT 1 "S";
    .port_info 3 /INPUT 1 "D";
o00000000067634c8 .functor BUFZ 1, C4<z>; HiZ drive
v00000000067b8bf0_0 .net "C", 0 0, o00000000067634c8;  0 drivers
o00000000067634f8 .functor BUFZ 1, C4<z>; HiZ drive
v00000000067b9230_0 .net "D", 0 0, o00000000067634f8;  0 drivers
v00000000067b9550_0 .var "Q", 0 0;
o0000000006763558 .functor BUFZ 1, C4<z>; HiZ drive
v00000000067b9190_0 .net "S", 0 0, o0000000006763558;  0 drivers
E_000000000670d620 .event posedge, v00000000067b8bf0_0;
S_00000000064d41a0 .scope module, "SB_FILTER_50NS" "SB_FILTER_50NS" 2 2856;
 .timescale -12 -12;
    .port_info 0 /INPUT 1 "FILTERIN";
    .port_info 1 /OUTPUT 1 "FILTEROUT";
o0000000006763648 .functor BUFZ 1, C4<z>; HiZ drive
v00000000067b8ab0_0 .net "FILTERIN", 0 0, o0000000006763648;  0 drivers
o0000000006763678 .functor BUFZ 1, C4<z>; HiZ drive
v00000000067b8650_0 .net "FILTEROUT", 0 0, o0000000006763678;  0 drivers
S_00000000064d4850 .scope module, "SB_GB" "SB_GB" 2 162;
 .timescale -12 -12;
    .port_info 0 /INPUT 1 "USER_SIGNAL_TO_GLOBAL_BUFFER";
    .port_info 1 /OUTPUT 1 "GLOBAL_BUFFER_OUTPUT";
o0000000006763738 .functor BUFZ 1, C4<z>; HiZ drive
L_00000000066c0310 .functor BUFZ 1, o0000000006763738, C4<0>, C4<0>, C4<0>;
v00000000067b95f0_0 .net "GLOBAL_BUFFER_OUTPUT", 0 0, L_00000000066c0310;  1 drivers
v00000000067b86f0_0 .net "USER_SIGNAL_TO_GLOBAL_BUFFER", 0 0, o0000000006763738;  0 drivers
S_00000000064d54d0 .scope module, "SB_GB_IO" "SB_GB_IO" 2 123;
 .timescale -12 -12;
    .port_info 0 /INOUT 1 "PACKAGE_PIN";
    .port_info 1 /OUTPUT 1 "GLOBAL_BUFFER_OUTPUT";
    .port_info 2 /INPUT 1 "LATCH_INPUT_VALUE";
    .port_info 3 /INPUT 1 "CLOCK_ENABLE";
    .port_info 4 /INPUT 1 "INPUT_CLK";
    .port_info 5 /INPUT 1 "OUTPUT_CLK";
    .port_info 6 /INPUT 1 "OUTPUT_ENABLE";
    .port_info 7 /INPUT 1 "D_OUT_0";
    .port_info 8 /INPUT 1 "D_OUT_1";
    .port_info 9 /OUTPUT 1 "D_IN_0";
    .port_info 10 /OUTPUT 1 "D_IN_1";
P_00000000066ee800 .param/str "IO_STANDARD" 0 2 139, "SB_LVCMOS";
P_00000000066ee838 .param/l "NEG_TRIGGER" 0 2 138, C4<0>;
P_00000000066ee870 .param/l "PIN_TYPE" 0 2 136, C4<000000>;
P_00000000066ee8a8 .param/l "PULLUP" 0 2 137, C4<0>;
o0000000006763978 .functor BUFZ 1, C4<z>; HiZ drive
L_00000000066c0380 .functor BUFZ 1, o0000000006763978, C4<0>, C4<0>, C4<0>;
o00000000067637c8 .functor BUFZ 1, C4<z>; HiZ drive
v00000000067b6f30_0 .net "CLOCK_ENABLE", 0 0, o00000000067637c8;  0 drivers
v00000000067b76b0_0 .net "D_IN_0", 0 0, L_00000000066c0e70;  1 drivers
v00000000067b5bd0_0 .net "D_IN_1", 0 0, L_00000000066c0fc0;  1 drivers
o0000000006763858 .functor BUFZ 1, C4<z>; HiZ drive
v00000000067b6ad0_0 .net "D_OUT_0", 0 0, o0000000006763858;  0 drivers
o0000000006763888 .functor BUFZ 1, C4<z>; HiZ drive
v00000000067b7930_0 .net "D_OUT_1", 0 0, o0000000006763888;  0 drivers
v00000000067b7890_0 .net "GLOBAL_BUFFER_OUTPUT", 0 0, L_00000000066c0380;  1 drivers
o00000000067638b8 .functor BUFZ 1, C4<z>; HiZ drive
v00000000067b7ed0_0 .net "INPUT_CLK", 0 0, o00000000067638b8;  0 drivers
o00000000067638e8 .functor BUFZ 1, C4<z>; HiZ drive
v00000000067b8290_0 .net "LATCH_INPUT_VALUE", 0 0, o00000000067638e8;  0 drivers
o0000000006763918 .functor BUFZ 1, C4<z>; HiZ drive
v00000000067b5ef0_0 .net "OUTPUT_CLK", 0 0, o0000000006763918;  0 drivers
o0000000006763948 .functor BUFZ 1, C4<z>; HiZ drive
v00000000067b6d50_0 .net "OUTPUT_ENABLE", 0 0, o0000000006763948;  0 drivers
v00000000067b6850_0 .net "PACKAGE_PIN", 0 0, o0000000006763978;  0 drivers
S_00000000065b7510 .scope module, "IO" "SB_IO" 2 148, 2 17 0, S_00000000064d54d0;
 .timescale -12 -12;
    .port_info 0 /INOUT 1 "PACKAGE_PIN";
    .port_info 1 /INPUT 1 "LATCH_INPUT_VALUE";
    .port_info 2 /INPUT 1 "CLOCK_ENABLE";
    .port_info 3 /INPUT 1 "INPUT_CLK";
    .port_info 4 /INPUT 1 "OUTPUT_CLK";
    .port_info 5 /INPUT 1 "OUTPUT_ENABLE";
    .port_info 6 /INPUT 1 "D_OUT_0";
    .port_info 7 /INPUT 1 "D_OUT_1";
    .port_info 8 /OUTPUT 1 "D_IN_0";
    .port_info 9 /OUTPUT 1 "D_IN_1";
P_000000000644f100 .param/str "IO_STANDARD" 0 2 32, "SB_LVCMOS";
P_000000000644f138 .param/l "NEG_TRIGGER" 0 2 31, C4<0>;
P_000000000644f170 .param/l "PIN_TYPE" 0 2 29, C4<000000>;
P_000000000644f1a8 .param/l "PULLUP" 0 2 30, C4<0>;
L_00000000066c03f0 .functor OR 1, o00000000067637c8, L_00000000067eb570, C4<0>, C4<0>;
L_00000000066c0e70 .functor BUFZ 1, v00000000067b67b0_0, C4<0>, C4<0>, C4<0>;
L_00000000066c0fc0 .functor BUFZ 1, v00000000067b5f90_0, C4<0>, C4<0>, C4<0>;
v00000000067b88d0_0 .net "CLOCK_ENABLE", 0 0, o00000000067637c8;  alias, 0 drivers
v00000000067b8a10_0 .net "D_IN_0", 0 0, L_00000000066c0e70;  alias, 1 drivers
v00000000067b99b0_0 .net "D_IN_1", 0 0, L_00000000066c0fc0;  alias, 1 drivers
v00000000067b9690_0 .net "D_OUT_0", 0 0, o0000000006763858;  alias, 0 drivers
v00000000067b8f10_0 .net "D_OUT_1", 0 0, o0000000006763888;  alias, 0 drivers
v00000000067b8790_0 .net "INPUT_CLK", 0 0, o00000000067638b8;  alias, 0 drivers
v00000000067b8970_0 .net "LATCH_INPUT_VALUE", 0 0, o00000000067638e8;  alias, 0 drivers
v00000000067b9730_0 .net "OUTPUT_CLK", 0 0, o0000000006763918;  alias, 0 drivers
v00000000067b8c90_0 .net "OUTPUT_ENABLE", 0 0, o0000000006763948;  alias, 0 drivers
v00000000067b97d0_0 .net "PACKAGE_PIN", 0 0, o0000000006763978;  alias, 0 drivers
o00000000067639a8 .functor BUFZ 1, C4<z>; HiZ drive
; Elide local net with no drivers, v00000000067b9050_0 name=_ivl_0
v00000000067b7250_0 .net *"_ivl_2", 0 0, L_00000000067eb570;  1 drivers
v00000000067b7c50_0 .net "clken_pulled", 0 0, L_00000000066c03f0;  1 drivers
v00000000067b81f0_0 .var "clken_pulled_ri", 0 0;
v00000000067b5e50_0 .var "clken_pulled_ro", 0 0;
v00000000067b67b0_0 .var "din_0", 0 0;
v00000000067b5f90_0 .var "din_1", 0 0;
v00000000067b6990_0 .var "din_q_0", 0 0;
v00000000067b6c10_0 .var "din_q_1", 0 0;
v00000000067b6210_0 .var "dout", 0 0;
v00000000067b7a70_0 .var "dout_q_0", 0 0;
v00000000067b80b0_0 .var "dout_q_1", 0 0;
v00000000067b8150_0 .var "outclk_delayed_1", 0 0;
v00000000067b77f0_0 .var "outclk_delayed_2", 0 0;
v00000000067b6530_0 .var "outena_q", 0 0;
E_000000000670d520 .event anyedge, v00000000067b77f0_0, v00000000067b7a70_0, v00000000067b80b0_0;
E_000000000670d7a0 .event anyedge, v00000000067b8150_0;
E_000000000670d660 .event anyedge, v00000000067b9730_0;
E_000000000670dea0 .event anyedge, v00000000067b6990_0, v00000000067b6c10_0;
L_00000000067eb570 .cmp/eeq 1, o00000000067637c8, o00000000067639a8;
S_00000000065b58f0 .scope generate, "genblk1" "genblk1" 2 45, 2 45 0, S_00000000065b7510;
 .timescale -12 -12;
E_000000000670d6a0 .event posedge, v00000000067b9730_0;
E_000000000670dd20 .event negedge, v00000000067b9730_0;
E_000000000670d3a0 .event negedge, v00000000067b8790_0;
E_000000000670d320 .event posedge, v00000000067b8790_0;
S_00000000064d4b70 .scope module, "SB_HFOSC" "SB_HFOSC" 2 2664;
 .timescale -12 -12;
    .port_info 0 /INPUT 1 "TRIM0";
    .port_info 1 /INPUT 1 "TRIM1";
    .port_info 2 /INPUT 1 "TRIM2";
    .port_info 3 /INPUT 1 "TRIM3";
    .port_info 4 /INPUT 1 "TRIM4";
    .port_info 5 /INPUT 1 "TRIM5";
    .port_info 6 /INPUT 1 "TRIM6";
    .port_info 7 /INPUT 1 "TRIM7";
    .port_info 8 /INPUT 1 "TRIM8";
    .port_info 9 /INPUT 1 "TRIM9";
    .port_info 10 /INPUT 1 "CLKHFPU";
    .port_info 11 /INPUT 1 "CLKHFEN";
    .port_info 12 /OUTPUT 1 "CLKHF";
P_00000000065dea50 .param/str "CLKHF_DIV" 0 2 2680, "0b00";
P_00000000065dea88 .param/str "TRIM_EN" 0 2 2679, "0b0";
o0000000006764098 .functor BUFZ 1, C4<z>; HiZ drive
v00000000067b68f0_0 .net "CLKHF", 0 0, o0000000006764098;  0 drivers
o00000000067640c8 .functor BUFZ 1, C4<z>; HiZ drive
v00000000067b6170_0 .net "CLKHFEN", 0 0, o00000000067640c8;  0 drivers
o00000000067640f8 .functor BUFZ 1, C4<z>; HiZ drive
v00000000067b7390_0 .net "CLKHFPU", 0 0, o00000000067640f8;  0 drivers
o0000000006764128 .functor BUFZ 1, C4<z>; HiZ drive
v00000000067b6350_0 .net "TRIM0", 0 0, o0000000006764128;  0 drivers
o0000000006764158 .functor BUFZ 1, C4<z>; HiZ drive
v00000000067b7110_0 .net "TRIM1", 0 0, o0000000006764158;  0 drivers
o0000000006764188 .functor BUFZ 1, C4<z>; HiZ drive
v00000000067b74d0_0 .net "TRIM2", 0 0, o0000000006764188;  0 drivers
o00000000067641b8 .functor BUFZ 1, C4<z>; HiZ drive
v00000000067b6a30_0 .net "TRIM3", 0 0, o00000000067641b8;  0 drivers
o00000000067641e8 .functor BUFZ 1, C4<z>; HiZ drive
v00000000067b7b10_0 .net "TRIM4", 0 0, o00000000067641e8;  0 drivers
o0000000006764218 .functor BUFZ 1, C4<z>; HiZ drive
v00000000067b6030_0 .net "TRIM5", 0 0, o0000000006764218;  0 drivers
o0000000006764248 .functor BUFZ 1, C4<z>; HiZ drive
v00000000067b6b70_0 .net "TRIM6", 0 0, o0000000006764248;  0 drivers
o0000000006764278 .functor BUFZ 1, C4<z>; HiZ drive
v00000000067b8330_0 .net "TRIM7", 0 0, o0000000006764278;  0 drivers
o00000000067642a8 .functor BUFZ 1, C4<z>; HiZ drive
v00000000067b5c70_0 .net "TRIM8", 0 0, o00000000067642a8;  0 drivers
o00000000067642d8 .functor BUFZ 1, C4<z>; HiZ drive
v00000000067b6fd0_0 .net "TRIM9", 0 0, o00000000067642d8;  0 drivers
S_00000000064d5980 .scope module, "SB_I2C" "SB_I2C" 2 2733;
 .timescale -12 -12;
    .port_info 0 /INPUT 1 "SBCLKI";
    .port_info 1 /INPUT 1 "SBRWI";
    .port_info 2 /INPUT 1 "SBSTBI";
    .port_info 3 /INPUT 1 "SBADRI7";
    .port_info 4 /INPUT 1 "SBADRI6";
    .port_info 5 /INPUT 1 "SBADRI5";
    .port_info 6 /INPUT 1 "SBADRI4";
    .port_info 7 /INPUT 1 "SBADRI3";
    .port_info 8 /INPUT 1 "SBADRI2";
    .port_info 9 /INPUT 1 "SBADRI1";
    .port_info 10 /INPUT 1 "SBADRI0";
    .port_info 11 /INPUT 1 "SBDATI7";
    .port_info 12 /INPUT 1 "SBDATI6";
    .port_info 13 /INPUT 1 "SBDATI5";
    .port_info 14 /INPUT 1 "SBDATI4";
    .port_info 15 /INPUT 1 "SBDATI3";
    .port_info 16 /INPUT 1 "SBDATI2";
    .port_info 17 /INPUT 1 "SBDATI1";
    .port_info 18 /INPUT 1 "SBDATI0";
    .port_info 19 /INPUT 1 "SCLI";
    .port_info 20 /INPUT 1 "SDAI";
    .port_info 21 /OUTPUT 1 "SBDATO7";
    .port_info 22 /OUTPUT 1 "SBDATO6";
    .port_info 23 /OUTPUT 1 "SBDATO5";
    .port_info 24 /OUTPUT 1 "SBDATO4";
    .port_info 25 /OUTPUT 1 "SBDATO3";
    .port_info 26 /OUTPUT 1 "SBDATO2";
    .port_info 27 /OUTPUT 1 "SBDATO1";
    .port_info 28 /OUTPUT 1 "SBDATO0";
    .port_info 29 /OUTPUT 1 "SBACKO";
    .port_info 30 /OUTPUT 1 "I2CIRQ";
    .port_info 31 /OUTPUT 1 "I2CWKUP";
    .port_info 32 /OUTPUT 1 "SCLO";
    .port_info 33 /OUTPUT 1 "SCLOE";
    .port_info 34 /OUTPUT 1 "SDAO";
    .port_info 35 /OUTPUT 1 "SDAOE";
P_00000000065df150 .param/str "BUS_ADDR74" 0 2 2772, "0b0001";
P_00000000065df188 .param/str "I2C_SLAVE_INIT_ADDR" 0 2 2771, "0b1111100001";
o0000000006764578 .functor BUFZ 1, C4<z>; HiZ drive
v00000000067b5d10_0 .net "I2CIRQ", 0 0, o0000000006764578;  0 drivers
o00000000067645a8 .functor BUFZ 1, C4<z>; HiZ drive
v00000000067b6cb0_0 .net "I2CWKUP", 0 0, o00000000067645a8;  0 drivers
o00000000067645d8 .functor BUFZ 1, C4<z>; HiZ drive
v00000000067b71b0_0 .net "SBACKO", 0 0, o00000000067645d8;  0 drivers
o0000000006764608 .functor BUFZ 1, C4<z>; HiZ drive
v00000000067b7bb0_0 .net "SBADRI0", 0 0, o0000000006764608;  0 drivers
o0000000006764638 .functor BUFZ 1, C4<z>; HiZ drive
v00000000067b72f0_0 .net "SBADRI1", 0 0, o0000000006764638;  0 drivers
o0000000006764668 .functor BUFZ 1, C4<z>; HiZ drive
v00000000067b7430_0 .net "SBADRI2", 0 0, o0000000006764668;  0 drivers
o0000000006764698 .functor BUFZ 1, C4<z>; HiZ drive
v00000000067b6df0_0 .net "SBADRI3", 0 0, o0000000006764698;  0 drivers
o00000000067646c8 .functor BUFZ 1, C4<z>; HiZ drive
v00000000067b62b0_0 .net "SBADRI4", 0 0, o00000000067646c8;  0 drivers
o00000000067646f8 .functor BUFZ 1, C4<z>; HiZ drive
v00000000067b6710_0 .net "SBADRI5", 0 0, o00000000067646f8;  0 drivers
o0000000006764728 .functor BUFZ 1, C4<z>; HiZ drive
v00000000067b5db0_0 .net "SBADRI6", 0 0, o0000000006764728;  0 drivers
o0000000006764758 .functor BUFZ 1, C4<z>; HiZ drive
v00000000067b6e90_0 .net "SBADRI7", 0 0, o0000000006764758;  0 drivers
o0000000006764788 .functor BUFZ 1, C4<z>; HiZ drive
v00000000067b63f0_0 .net "SBCLKI", 0 0, o0000000006764788;  0 drivers
o00000000067647b8 .functor BUFZ 1, C4<z>; HiZ drive
v00000000067b60d0_0 .net "SBDATI0", 0 0, o00000000067647b8;  0 drivers
o00000000067647e8 .functor BUFZ 1, C4<z>; HiZ drive
v00000000067b65d0_0 .net "SBDATI1", 0 0, o00000000067647e8;  0 drivers
o0000000006764818 .functor BUFZ 1, C4<z>; HiZ drive
v00000000067b6490_0 .net "SBDATI2", 0 0, o0000000006764818;  0 drivers
o0000000006764848 .functor BUFZ 1, C4<z>; HiZ drive
v00000000067b7070_0 .net "SBDATI3", 0 0, o0000000006764848;  0 drivers
o0000000006764878 .functor BUFZ 1, C4<z>; HiZ drive
v00000000067b6670_0 .net "SBDATI4", 0 0, o0000000006764878;  0 drivers
o00000000067648a8 .functor BUFZ 1, C4<z>; HiZ drive
v00000000067b7570_0 .net "SBDATI5", 0 0, o00000000067648a8;  0 drivers
o00000000067648d8 .functor BUFZ 1, C4<z>; HiZ drive
v00000000067b7610_0 .net "SBDATI6", 0 0, o00000000067648d8;  0 drivers
o0000000006764908 .functor BUFZ 1, C4<z>; HiZ drive
v00000000067b7750_0 .net "SBDATI7", 0 0, o0000000006764908;  0 drivers
o0000000006764938 .functor BUFZ 1, C4<z>; HiZ drive
v00000000067b79d0_0 .net "SBDATO0", 0 0, o0000000006764938;  0 drivers
o0000000006764968 .functor BUFZ 1, C4<z>; HiZ drive
v00000000067b7cf0_0 .net "SBDATO1", 0 0, o0000000006764968;  0 drivers
o0000000006764998 .functor BUFZ 1, C4<z>; HiZ drive
v00000000067b7d90_0 .net "SBDATO2", 0 0, o0000000006764998;  0 drivers
o00000000067649c8 .functor BUFZ 1, C4<z>; HiZ drive
v00000000067b7e30_0 .net "SBDATO3", 0 0, o00000000067649c8;  0 drivers
o00000000067649f8 .functor BUFZ 1, C4<z>; HiZ drive
v00000000067b8010_0 .net "SBDATO4", 0 0, o00000000067649f8;  0 drivers
o0000000006764a28 .functor BUFZ 1, C4<z>; HiZ drive
v00000000067b7f70_0 .net "SBDATO5", 0 0, o0000000006764a28;  0 drivers
o0000000006764a58 .functor BUFZ 1, C4<z>; HiZ drive
v00000000067b9be0_0 .net "SBDATO6", 0 0, o0000000006764a58;  0 drivers
o0000000006764a88 .functor BUFZ 1, C4<z>; HiZ drive
v00000000067bbe40_0 .net "SBDATO7", 0 0, o0000000006764a88;  0 drivers
o0000000006764ab8 .functor BUFZ 1, C4<z>; HiZ drive
v00000000067baae0_0 .net "SBRWI", 0 0, o0000000006764ab8;  0 drivers
o0000000006764ae8 .functor BUFZ 1, C4<z>; HiZ drive
v00000000067bb4e0_0 .net "SBSTBI", 0 0, o0000000006764ae8;  0 drivers
o0000000006764b18 .functor BUFZ 1, C4<z>; HiZ drive
v00000000067bb260_0 .net "SCLI", 0 0, o0000000006764b18;  0 drivers
o0000000006764b48 .functor BUFZ 1, C4<z>; HiZ drive
v00000000067bbc60_0 .net "SCLO", 0 0, o0000000006764b48;  0 drivers
o0000000006764b78 .functor BUFZ 1, C4<z>; HiZ drive
v00000000067bc200_0 .net "SCLOE", 0 0, o0000000006764b78;  0 drivers
o0000000006764ba8 .functor BUFZ 1, C4<z>; HiZ drive
v00000000067b9e60_0 .net "SDAI", 0 0, o0000000006764ba8;  0 drivers
o0000000006764bd8 .functor BUFZ 1, C4<z>; HiZ drive
v00000000067ba7c0_0 .net "SDAO", 0 0, o0000000006764bd8;  0 drivers
o0000000006764c08 .functor BUFZ 1, C4<z>; HiZ drive
v00000000067b9fa0_0 .net "SDAOE", 0 0, o0000000006764c08;  0 drivers
S_00000000064d5340 .scope module, "SB_IO_I3C" "SB_IO_I3C" 2 2862;
 .timescale -12 -12;
    .port_info 0 /INOUT 1 "PACKAGE_PIN";
    .port_info 1 /INPUT 1 "LATCH_INPUT_VALUE";
    .port_info 2 /INPUT 1 "CLOCK_ENABLE";
    .port_info 3 /INPUT 1 "INPUT_CLK";
    .port_info 4 /INPUT 1 "OUTPUT_CLK";
    .port_info 5 /INPUT 1 "OUTPUT_ENABLE";
    .port_info 6 /INPUT 1 "D_OUT_0";
    .port_info 7 /INPUT 1 "D_OUT_1";
    .port_info 8 /OUTPUT 1 "D_IN_0";
    .port_info 9 /OUTPUT 1 "D_IN_1";
    .port_info 10 /INPUT 1 "PU_ENB";
    .port_info 11 /INPUT 1 "WEAK_PU_ENB";
P_0000000006508920 .param/str "IO_STANDARD" 0 2 2880, "SB_LVCMOS";
P_0000000006508958 .param/l "NEG_TRIGGER" 0 2 2879, C4<0>;
P_0000000006508990 .param/l "PIN_TYPE" 0 2 2876, C4<000000>;
P_00000000065089c8 .param/l "PULLUP" 0 2 2877, C4<0>;
P_0000000006508a00 .param/l "WEAK_PULLUP" 0 2 2878, C4<0>;
L_00000000066c0460 .functor BUFZ 1, v00000000067bb580_0, C4<0>, C4<0>, C4<0>;
L_00000000066c1030 .functor BUFZ 1, v00000000067ba040_0, C4<0>, C4<0>, C4<0>;
o00000000067652f8 .functor BUFZ 1, C4<z>; HiZ drive
v00000000067b9d20_0 .net "CLOCK_ENABLE", 0 0, o00000000067652f8;  0 drivers
v00000000067ba900_0 .net "D_IN_0", 0 0, L_00000000066c0460;  1 drivers
v00000000067b9c80_0 .net "D_IN_1", 0 0, L_00000000066c1030;  1 drivers
o0000000006765388 .functor BUFZ 1, C4<z>; HiZ drive
v00000000067bb080_0 .net "D_OUT_0", 0 0, o0000000006765388;  0 drivers
o00000000067653b8 .functor BUFZ 1, C4<z>; HiZ drive
v00000000067ba2c0_0 .net "D_OUT_1", 0 0, o00000000067653b8;  0 drivers
o00000000067653e8 .functor BUFZ 1, C4<z>; HiZ drive
v00000000067bb6c0_0 .net "INPUT_CLK", 0 0, o00000000067653e8;  0 drivers
o0000000006765418 .functor BUFZ 1, C4<z>; HiZ drive
v00000000067bc020_0 .net "LATCH_INPUT_VALUE", 0 0, o0000000006765418;  0 drivers
o0000000006765448 .functor BUFZ 1, C4<z>; HiZ drive
v00000000067bc2a0_0 .net "OUTPUT_CLK", 0 0, o0000000006765448;  0 drivers
o0000000006765478 .functor BUFZ 1, C4<z>; HiZ drive
v00000000067b9dc0_0 .net "OUTPUT_ENABLE", 0 0, o0000000006765478;  0 drivers
o00000000067654a8 .functor BUFZ 1, C4<z>; HiZ drive
v00000000067bad60_0 .net "PACKAGE_PIN", 0 0, o00000000067654a8;  0 drivers
o00000000067654d8 .functor BUFZ 1, C4<z>; HiZ drive
v00000000067bae00_0 .net "PU_ENB", 0 0, o00000000067654d8;  0 drivers
o0000000006765508 .functor BUFZ 1, C4<z>; HiZ drive
v00000000067bb120_0 .net "WEAK_PU_ENB", 0 0, o0000000006765508;  0 drivers
v00000000067bb580_0 .var "din_0", 0 0;
v00000000067ba040_0 .var "din_1", 0 0;
v00000000067bbee0_0 .var "din_q_0", 0 0;
v00000000067bafe0_0 .var "din_q_1", 0 0;
v00000000067bbb20_0 .var "dout", 0 0;
v00000000067bab80_0 .var "dout_q_0", 0 0;
v00000000067b9f00_0 .var "dout_q_1", 0 0;
v00000000067bc340_0 .var "outclk_delayed_1", 0 0;
v00000000067ba9a0_0 .var "outclk_delayed_2", 0 0;
v00000000067bb3a0_0 .var "outena_q", 0 0;
E_000000000670d7e0 .event anyedge, v00000000067ba9a0_0, v00000000067bab80_0, v00000000067b9f00_0;
E_000000000670d760 .event anyedge, v00000000067bc340_0;
E_000000000670daa0 .event anyedge, v00000000067bc2a0_0;
E_000000000670e160 .event anyedge, v00000000067bbee0_0, v00000000067bafe0_0;
S_00000000065b5a80 .scope generate, "genblk1" "genblk1" 2 2888, 2 2888 0, S_00000000064d5340;
 .timescale -12 -12;
E_000000000670d8e0 .event posedge, v00000000067bc2a0_0;
E_000000000670d3e0 .event negedge, v00000000067bc2a0_0;
E_000000000670e1a0 .event negedge, v00000000067bb6c0_0;
E_000000000670d820 .event posedge, v00000000067bb6c0_0;
S_00000000064d5e30 .scope module, "SB_IO_OD" "SB_IO_OD" 2 2931;
 .timescale -12 -12;
    .port_info 0 /INOUT 1 "PACKAGEPIN";
    .port_info 1 /INPUT 1 "LATCHINPUTVALUE";
    .port_info 2 /INPUT 1 "CLOCKENABLE";
    .port_info 3 /INPUT 1 "INPUTCLK";
    .port_info 4 /INPUT 1 "OUTPUTCLK";
    .port_info 5 /INPUT 1 "OUTPUTENABLE";
    .port_info 6 /INPUT 1 "DOUT1";
    .port_info 7 /INPUT 1 "DOUT0";
    .port_info 8 /OUTPUT 1 "DIN1";
    .port_info 9 /OUTPUT 1 "DIN0";
P_00000000065dfa50 .param/l "NEG_TRIGGER" 0 2 2944, C4<0>;
P_00000000065dfa88 .param/l "PIN_TYPE" 0 2 2943, C4<000000>;
L_00000000066c0540 .functor BUFZ 1, v00000000067baf40_0, C4<0>, C4<0>, C4<0>;
L_00000000066c05b0 .functor BUFZ 1, v00000000067bb440_0, C4<0>, C4<0>, C4<0>;
o0000000006765958 .functor BUFZ 1, C4<z>; HiZ drive
v00000000067bbbc0_0 .net "CLOCKENABLE", 0 0, o0000000006765958;  0 drivers
v00000000067bb760_0 .net "DIN0", 0 0, L_00000000066c0540;  1 drivers
v00000000067ba360_0 .net "DIN1", 0 0, L_00000000066c05b0;  1 drivers
o00000000067659e8 .functor BUFZ 1, C4<z>; HiZ drive
v00000000067bb800_0 .net "DOUT0", 0 0, o00000000067659e8;  0 drivers
o0000000006765a18 .functor BUFZ 1, C4<z>; HiZ drive
v00000000067bbd00_0 .net "DOUT1", 0 0, o0000000006765a18;  0 drivers
o0000000006765a48 .functor BUFZ 1, C4<z>; HiZ drive
v00000000067baea0_0 .net "INPUTCLK", 0 0, o0000000006765a48;  0 drivers
o0000000006765a78 .functor BUFZ 1, C4<z>; HiZ drive
v00000000067ba0e0_0 .net "LATCHINPUTVALUE", 0 0, o0000000006765a78;  0 drivers
o0000000006765aa8 .functor BUFZ 1, C4<z>; HiZ drive
v00000000067ba180_0 .net "OUTPUTCLK", 0 0, o0000000006765aa8;  0 drivers
o0000000006765ad8 .functor BUFZ 1, C4<z>; HiZ drive
v00000000067ba220_0 .net "OUTPUTENABLE", 0 0, o0000000006765ad8;  0 drivers
o0000000006765b08 .functor BUFZ 1, C4<z>; HiZ drive
v00000000067ba540_0 .net "PACKAGEPIN", 0 0, o0000000006765b08;  0 drivers
v00000000067baf40_0 .var "din_0", 0 0;
v00000000067bb440_0 .var "din_1", 0 0;
v00000000067ba860_0 .var "din_q_0", 0 0;
v00000000067baa40_0 .var "din_q_1", 0 0;
v00000000067bbf80_0 .var "dout", 0 0;
v00000000067ba680_0 .var "dout_q_0", 0 0;
v00000000067ba400_0 .var "dout_q_1", 0 0;
v00000000067bc0c0_0 .var "outclk_delayed_1", 0 0;
v00000000067bac20_0 .var "outclk_delayed_2", 0 0;
v00000000067bb620_0 .var "outena_q", 0 0;
E_000000000670d420 .event anyedge, v00000000067bac20_0, v00000000067ba680_0, v00000000067ba400_0;
E_000000000670dfe0 .event anyedge, v00000000067bc0c0_0;
E_000000000670d1e0 .event anyedge, v00000000067ba180_0;
E_000000000670d8a0 .event anyedge, v00000000067ba860_0, v00000000067baa40_0;
S_00000000065b5c10 .scope generate, "genblk1" "genblk1" 2 2952, 2 2952 0, S_00000000064d5e30;
 .timescale -12 -12;
E_000000000670dee0 .event posedge, v00000000067ba180_0;
E_000000000670d920 .event negedge, v00000000067ba180_0;
E_000000000670d9a0 .event negedge, v00000000067baea0_0;
E_000000000670da20 .event posedge, v00000000067baea0_0;
S_00000000064d4e90 .scope module, "SB_LEDDA_IP" "SB_LEDDA_IP" 2 2830;
 .timescale -12 -12;
    .port_info 0 /INPUT 1 "LEDDCS";
    .port_info 1 /INPUT 1 "LEDDCLK";
    .port_info 2 /INPUT 1 "LEDDDAT7";
    .port_info 3 /INPUT 1 "LEDDDAT6";
    .port_info 4 /INPUT 1 "LEDDDAT5";
    .port_info 5 /INPUT 1 "LEDDDAT4";
    .port_info 6 /INPUT 1 "LEDDDAT3";
    .port_info 7 /INPUT 1 "LEDDDAT2";
    .port_info 8 /INPUT 1 "LEDDDAT1";
    .port_info 9 /INPUT 1 "LEDDDAT0";
    .port_info 10 /INPUT 1 "LEDDADDR3";
    .port_info 11 /INPUT 1 "LEDDADDR2";
    .port_info 12 /INPUT 1 "LEDDADDR1";
    .port_info 13 /INPUT 1 "LEDDADDR0";
    .port_info 14 /INPUT 1 "LEDDDEN";
    .port_info 15 /INPUT 1 "LEDDEXE";
    .port_info 16 /INPUT 1 "LEDDRST";
    .port_info 17 /OUTPUT 1 "PWMOUT0";
    .port_info 18 /OUTPUT 1 "PWMOUT1";
    .port_info 19 /OUTPUT 1 "PWMOUT2";
    .port_info 20 /OUTPUT 1 "LEDDON";
o0000000006765ef8 .functor BUFZ 1, C4<z>; HiZ drive
v00000000067bacc0_0 .net "LEDDADDR0", 0 0, o0000000006765ef8;  0 drivers
o0000000006765f28 .functor BUFZ 1, C4<z>; HiZ drive
v00000000067bc160_0 .net "LEDDADDR1", 0 0, o0000000006765f28;  0 drivers
o0000000006765f58 .functor BUFZ 1, C4<z>; HiZ drive
v00000000067ba4a0_0 .net "LEDDADDR2", 0 0, o0000000006765f58;  0 drivers
o0000000006765f88 .functor BUFZ 1, C4<z>; HiZ drive
v00000000067ba5e0_0 .net "LEDDADDR3", 0 0, o0000000006765f88;  0 drivers
o0000000006765fb8 .functor BUFZ 1, C4<z>; HiZ drive
v00000000067bb1c0_0 .net "LEDDCLK", 0 0, o0000000006765fb8;  0 drivers
o0000000006765fe8 .functor BUFZ 1, C4<z>; HiZ drive
v00000000067bb8a0_0 .net "LEDDCS", 0 0, o0000000006765fe8;  0 drivers
o0000000006766018 .functor BUFZ 1, C4<z>; HiZ drive
v00000000067ba720_0 .net "LEDDDAT0", 0 0, o0000000006766018;  0 drivers
o0000000006766048 .functor BUFZ 1, C4<z>; HiZ drive
v00000000067bbda0_0 .net "LEDDDAT1", 0 0, o0000000006766048;  0 drivers
o0000000006766078 .functor BUFZ 1, C4<z>; HiZ drive
v00000000067bb300_0 .net "LEDDDAT2", 0 0, o0000000006766078;  0 drivers
o00000000067660a8 .functor BUFZ 1, C4<z>; HiZ drive
v00000000067bb940_0 .net "LEDDDAT3", 0 0, o00000000067660a8;  0 drivers
o00000000067660d8 .functor BUFZ 1, C4<z>; HiZ drive
v00000000067bb9e0_0 .net "LEDDDAT4", 0 0, o00000000067660d8;  0 drivers
o0000000006766108 .functor BUFZ 1, C4<z>; HiZ drive
v00000000067bba80_0 .net "LEDDDAT5", 0 0, o0000000006766108;  0 drivers
o0000000006766138 .functor BUFZ 1, C4<z>; HiZ drive
v00000000067bcf20_0 .net "LEDDDAT6", 0 0, o0000000006766138;  0 drivers
o0000000006766168 .functor BUFZ 1, C4<z>; HiZ drive
v00000000067bd600_0 .net "LEDDDAT7", 0 0, o0000000006766168;  0 drivers
o0000000006766198 .functor BUFZ 1, C4<z>; HiZ drive
v00000000067bd240_0 .net "LEDDDEN", 0 0, o0000000006766198;  0 drivers
o00000000067661c8 .functor BUFZ 1, C4<z>; HiZ drive
v00000000067bc3e0_0 .net "LEDDEXE", 0 0, o00000000067661c8;  0 drivers
o00000000067661f8 .functor BUFZ 1, C4<z>; HiZ drive
v00000000067bd060_0 .net "LEDDON", 0 0, o00000000067661f8;  0 drivers
o0000000006766228 .functor BUFZ 1, C4<z>; HiZ drive
v00000000067bd560_0 .net "LEDDRST", 0 0, o0000000006766228;  0 drivers
o0000000006766258 .functor BUFZ 1, C4<z>; HiZ drive
v00000000067bd740_0 .net "PWMOUT0", 0 0, o0000000006766258;  0 drivers
o0000000006766288 .functor BUFZ 1, C4<z>; HiZ drive
v00000000067bd100_0 .net "PWMOUT1", 0 0, o0000000006766288;  0 drivers
o00000000067662b8 .functor BUFZ 1, C4<z>; HiZ drive
v00000000067bc480_0 .net "PWMOUT2", 0 0, o00000000067662b8;  0 drivers
S_00000000064d5fc0 .scope module, "SB_LED_DRV_CUR" "SB_LED_DRV_CUR" 2 2709;
 .timescale -12 -12;
    .port_info 0 /INPUT 1 "EN";
    .port_info 1 /OUTPUT 1 "LEDPU";
o00000000067666d8 .functor BUFZ 1, C4<z>; HiZ drive
v00000000067bc520_0 .net "EN", 0 0, o00000000067666d8;  0 drivers
o0000000006766708 .functor BUFZ 1, C4<z>; HiZ drive
v00000000067bd1a0_0 .net "LEDPU", 0 0, o0000000006766708;  0 drivers
S_00000000064d6150 .scope module, "SB_LFOSC" "SB_LFOSC" 2 2684;
 .timescale -12 -12;
    .port_info 0 /INPUT 1 "CLKLFPU";
    .port_info 1 /INPUT 1 "CLKLFEN";
    .port_info 2 /OUTPUT 1 "CLKLF";
o0000000006766798 .functor BUFZ 1, C4<z>; HiZ drive
v00000000067bd9c0_0 .net "CLKLF", 0 0, o0000000006766798;  0 drivers
o00000000067667c8 .functor BUFZ 1, C4<z>; HiZ drive
v00000000067bc5c0_0 .net "CLKLFEN", 0 0, o00000000067667c8;  0 drivers
o00000000067667f8 .functor BUFZ 1, C4<z>; HiZ drive
v00000000067bd6a0_0 .net "CLKLFPU", 0 0, o00000000067667f8;  0 drivers
S_00000000064d5b10 .scope module, "SB_LUT4" "SB_LUT4" 2 177;
 .timescale -12 -12;
    .port_info 0 /OUTPUT 1 "O";
    .port_info 1 /INPUT 1 "I0";
    .port_info 2 /INPUT 1 "I1";
    .port_info 3 /INPUT 1 "I2";
    .port_info 4 /INPUT 1 "I3";
P_000000000670b0a0 .param/l "LUT_INIT" 0 2 184, C4<0000000000000000>;
o00000000067668b8 .functor BUFZ 1, C4<z>; HiZ drive
v00000000067bda60_0 .net "I0", 0 0, o00000000067668b8;  0 drivers
o00000000067668e8 .functor BUFZ 1, C4<z>; HiZ drive
v00000000067bc8e0_0 .net "I1", 0 0, o00000000067668e8;  0 drivers
o0000000006766918 .functor BUFZ 1, C4<z>; HiZ drive
v00000000067bc660_0 .net "I2", 0 0, o0000000006766918;  0 drivers
o0000000006766948 .functor BUFZ 1, C4<z>; HiZ drive
v00000000067bd880_0 .net "I3", 0 0, o0000000006766948;  0 drivers
v00000000067bc7a0_0 .net "O", 0 0, L_00000000067ebbb0;  1 drivers
L_00000000067f9c50 .functor BUFT 1, C4<00000000>, C4<0>, C4<0>, C4<0>;
v00000000067bc700_0 .net/2u *"_ivl_0", 7 0, L_00000000067f9c50;  1 drivers
v00000000067bd920_0 .net *"_ivl_13", 1 0, L_00000000067eb750;  1 drivers
v00000000067bd7e0_0 .net *"_ivl_15", 1 0, L_00000000067ea0d0;  1 drivers
v00000000067bd2e0_0 .net *"_ivl_19", 0 0, L_00000000067ec510;  1 drivers
L_00000000067f9c98 .functor BUFT 1, C4<00000000>, C4<0>, C4<0>, C4<0>;
v00000000067bd380_0 .net/2u *"_ivl_2", 7 0, L_00000000067f9c98;  1 drivers
v00000000067bd420_0 .net *"_ivl_21", 0 0, L_00000000067ea350;  1 drivers
v00000000067bce80_0 .net *"_ivl_7", 3 0, L_00000000067ebd90;  1 drivers
v00000000067bc840_0 .net *"_ivl_9", 3 0, L_00000000067ec470;  1 drivers
v00000000067bd4c0_0 .net "s1", 1 0, L_00000000067eb7f0;  1 drivers
v00000000067bcac0_0 .net "s2", 3 0, L_00000000067ec150;  1 drivers
v00000000067bcfc0_0 .net "s3", 7 0, L_00000000067ebf70;  1 drivers
L_00000000067ebf70 .functor MUXZ 8, L_00000000067f9c98, L_00000000067f9c50, o0000000006766948, C4<>;
L_00000000067ebd90 .part L_00000000067ebf70, 4, 4;
L_00000000067ec470 .part L_00000000067ebf70, 0, 4;
L_00000000067ec150 .functor MUXZ 4, L_00000000067ec470, L_00000000067ebd90, o0000000006766918, C4<>;
L_00000000067eb750 .part L_00000000067ec150, 2, 2;
L_00000000067ea0d0 .part L_00000000067ec150, 0, 2;
L_00000000067eb7f0 .functor MUXZ 2, L_00000000067ea0d0, L_00000000067eb750, o00000000067668e8, C4<>;
L_00000000067ec510 .part L_00000000067eb7f0, 1, 1;
L_00000000067ea350 .part L_00000000067eb7f0, 0, 1;
L_00000000067ebbb0 .functor MUXZ 1, L_00000000067ea350, L_00000000067ec510, o00000000067668b8, C4<>;
S_00000000064d4d00 .scope module, "SB_MAC16" "SB_MAC16" 2 2996;
 .timescale -12 -12;
    .port_info 0 /INPUT 1 "CLK";
    .port_info 1 /INPUT 1 "CE";
    .port_info 2 /INPUT 16 "C";
    .port_info 3 /INPUT 16 "A";
    .port_info 4 /INPUT 16 "B";
    .port_info 5 /INPUT 16 "D";
    .port_info 6 /INPUT 1 "AHOLD";
    .port_info 7 /INPUT 1 "BHOLD";
    .port_info 8 /INPUT 1 "CHOLD";
    .port_info 9 /INPUT 1 "DHOLD";
    .port_info 10 /INPUT 1 "IRSTTOP";
    .port_info 11 /INPUT 1 "IRSTBOT";
    .port_info 12 /INPUT 1 "ORSTTOP";
    .port_info 13 /INPUT 1 "ORSTBOT";
    .port_info 14 /INPUT 1 "OLOADTOP";
    .port_info 15 /INPUT 1 "OLOADBOT";
    .port_info 16 /INPUT 1 "ADDSUBTOP";
    .port_info 17 /INPUT 1 "ADDSUBBOT";
    .port_info 18 /INPUT 1 "OHOLDTOP";
    .port_info 19 /INPUT 1 "OHOLDBOT";
    .port_info 20 /INPUT 1 "CI";
    .port_info 21 /INPUT 1 "ACCUMCI";
    .port_info 22 /INPUT 1 "SIGNEXTIN";
    .port_info 23 /OUTPUT 32 "O";
    .port_info 24 /OUTPUT 1 "CO";
    .port_info 25 /OUTPUT 1 "ACCUMCO";
    .port_info 26 /OUTPUT 1 "SIGNEXTOUT";
P_000000000645fb80 .param/l "A_REG" 0 2 3011, C4<0>;
P_000000000645fbb8 .param/l "A_SIGNED" 0 2 3027, C4<0>;
P_000000000645fbf0 .param/l "BOTADDSUB_CARRYSELECT" 0 2 3025, C4<00>;
P_000000000645fc28 .param/l "BOTADDSUB_LOWERINPUT" 0 2 3023, C4<00>;
P_000000000645fc60 .param/l "BOTADDSUB_UPPERINPUT" 0 2 3024, C4<0>;
P_000000000645fc98 .param/l "BOTOUTPUT_SELECT" 0 2 3022, C4<00>;
P_000000000645fcd0 .param/l "BOT_8x8_MULT_REG" 0 2 3015, C4<0>;
P_000000000645fd08 .param/l "B_REG" 0 2 3012, C4<0>;
P_000000000645fd40 .param/l "B_SIGNED" 0 2 3028, C4<0>;
P_000000000645fd78 .param/l "C_REG" 0 2 3010, C4<0>;
P_000000000645fdb0 .param/l "D_REG" 0 2 3013, C4<0>;
P_000000000645fde8 .param/l "MODE_8x8" 0 2 3026, C4<0>;
P_000000000645fe20 .param/l "NEG_TRIGGER" 0 2 3009, C4<0>;
P_000000000645fe58 .param/l "PIPELINE_16x16_MULT_REG1" 0 2 3016, C4<0>;
P_000000000645fe90 .param/l "PIPELINE_16x16_MULT_REG2" 0 2 3017, C4<0>;
P_000000000645fec8 .param/l "TOPADDSUB_CARRYSELECT" 0 2 3021, C4<00>;
P_000000000645ff00 .param/l "TOPADDSUB_LOWERINPUT" 0 2 3019, C4<00>;
P_000000000645ff38 .param/l "TOPADDSUB_UPPERINPUT" 0 2 3020, C4<0>;
P_000000000645ff70 .param/l "TOPOUTPUT_SELECT" 0 2 3018, C4<00>;
P_000000000645ffa8 .param/l "TOP_8x8_MULT_REG" 0 2 3014, C4<0>;
o0000000006766fa8 .functor BUFZ 1, C4<z>; HiZ drive
L_00000000067f9ce0 .functor BUFT 1, C4<0>, C4<0>, C4<0>, C4<0>;
L_00000000066c0690 .functor XOR 1, o0000000006766fa8, L_00000000067f9ce0, C4<0>, C4<0>;
o0000000006766ee8 .functor BUFZ 16, C4<zzzzzzzzzzzzzzzz>; HiZ drive
L_00000000066c1110 .functor BUFZ 16, o0000000006766ee8, C4<0000000000000000>, C4<0000000000000000>, C4<0000000000000000>;
o0000000006766ca8 .functor BUFZ 16, C4<zzzzzzzzzzzzzzzz>; HiZ drive
L_00000000066c08c0 .functor BUFZ 16, o0000000006766ca8, C4<0000000000000000>, C4<0000000000000000>, C4<0000000000000000>;
o0000000006766e28 .functor BUFZ 16, C4<zzzzzzzzzzzzzzzz>; HiZ drive
L_00000000066c0930 .functor BUFZ 16, o0000000006766e28, C4<0000000000000000>, C4<0000000000000000>, C4<0000000000000000>;
o0000000006767008 .functor BUFZ 16, C4<zzzzzzzzzzzzzzzz>; HiZ drive
L_00000000066c09a0 .functor BUFZ 16, o0000000006767008, C4<0000000000000000>, C4<0000000000000000>, C4<0000000000000000>;
L_00000000066c0a10 .functor BUFZ 16, L_00000000067ea490, C4<0000000000000000>, C4<0000000000000000>, C4<0000000000000000>;
L_00000000066c0a80 .functor BUFZ 16, L_00000000067ea710, C4<0000000000000000>, C4<0000000000000000>, C4<0000000000000000>;
L_00000000066c0af0 .functor BUFZ 16, L_00000000067eab70, C4<0000000000000000>, C4<0000000000000000>, C4<0000000000000000>;
L_00000000066c0b60 .functor BUFZ 16, L_00000000067eacb0, C4<0000000000000000>, C4<0000000000000000>, C4<0000000000000000>;
L_00000000066c0bd0 .functor BUFZ 32, L_0000000006852ea0, C4<00000000000000000000000000000000>, C4<00000000000000000000000000000000>, C4<00000000000000000000000000000000>;
L_00000000066c0c40 .functor BUFZ 16, v00000000067d55d0_0, C4<0000000000000000>, C4<0000000000000000>, C4<0000000000000000>;
L_00000000066c1b20 .functor BUFZ 16, L_00000000066c08c0, C4<0000000000000000>, C4<0000000000000000>, C4<0000000000000000>;
L_00000000066c2300 .functor XOR 17, L_0000000006853bc0, L_0000000006853b20, C4<00000000000000000>, C4<00000000000000000>;
o0000000006766d68 .functor BUFZ 1, C4<z>; HiZ drive
L_00000000066c27d0 .functor XOR 1, L_0000000006851f00, o0000000006766d68, C4<0>, C4<0>;
L_00000000066c1ce0 .functor XOR 16, L_0000000006853300, L_00000000068533a0, C4<0000000000000000>, C4<0000000000000000>;
L_00000000066c33a0 .functor BUFZ 16, L_0000000006851fa0, C4<0000000000000000>, C4<0000000000000000>, C4<0000000000000000>;
L_00000000066c32c0 .functor BUFZ 16, v00000000067d8410_0, C4<0000000000000000>, C4<0000000000000000>, C4<0000000000000000>;
L_00000000066c3800 .functor BUFZ 16, L_00000000066c0930, C4<0000000000000000>, C4<0000000000000000>, C4<0000000000000000>;
L_00000000065d4b40 .functor XOR 17, L_0000000006853620, L_0000000006852fe0, C4<00000000000000000>, C4<00000000000000000>;
L_00000000065d4e50 .functor XOR 16, L_00000000068527c0, L_0000000006854480, C4<0000000000000000>, C4<0000000000000000>;
L_00000000064fb200 .functor BUFZ 16, L_0000000006853260, C4<0000000000000000>, C4<0000000000000000>, C4<0000000000000000>;
v00000000067bc980_0 .net "A", 15 0, o0000000006766ca8;  0 drivers
o0000000006766cd8 .functor BUFZ 1, C4<z>; HiZ drive
v00000000067bca20_0 .net "ACCUMCI", 0 0, o0000000006766cd8;  0 drivers
v00000000067bcb60_0 .net "ACCUMCO", 0 0, L_0000000006851f00;  1 drivers
o0000000006766d38 .functor BUFZ 1, C4<z>; HiZ drive
v00000000067bcc00_0 .net "ADDSUBBOT", 0 0, o0000000006766d38;  0 drivers
v00000000067bcca0_0 .net "ADDSUBTOP", 0 0, o0000000006766d68;  0 drivers
o0000000006766d98 .functor BUFZ 1, C4<z>; HiZ drive
v00000000067bcd40_0 .net "AHOLD", 0 0, o0000000006766d98;  0 drivers
v00000000067bcde0_0 .net "Ah", 15 0, L_00000000067ec1f0;  1 drivers
v00000000067d1ed0_0 .net "Al", 15 0, L_00000000067ec790;  1 drivers
v00000000067d17f0_0 .net "B", 15 0, o0000000006766e28;  0 drivers
o0000000006766e58 .functor BUFZ 1, C4<z>; HiZ drive
v00000000067d2830_0 .net "BHOLD", 0 0, o0000000006766e58;  0 drivers
v00000000067d1cf0_0 .net "Bh", 15 0, L_00000000067ea3f0;  1 drivers
v00000000067d12f0_0 .net "Bl", 15 0, L_00000000067ea850;  1 drivers
v00000000067d37d0_0 .net "C", 15 0, o0000000006766ee8;  0 drivers
o0000000006766f18 .functor BUFZ 1, C4<z>; HiZ drive
v00000000067d2470_0 .net "CE", 0 0, o0000000006766f18;  0 drivers
o0000000006766f48 .functor BUFZ 1, C4<z>; HiZ drive
v00000000067d34b0_0 .net "CHOLD", 0 0, o0000000006766f48;  0 drivers
o0000000006766f78 .functor BUFZ 1, C4<z>; HiZ drive
v00000000067d21f0_0 .net "CI", 0 0, o0000000006766f78;  0 drivers
v00000000067d2970_0 .net "CLK", 0 0, o0000000006766fa8;  0 drivers
v00000000067d2290_0 .net "CO", 0 0, L_00000000066c27d0;  1 drivers
v00000000067d3370_0 .net "D", 15 0, o0000000006767008;  0 drivers
o0000000006767038 .functor BUFZ 1, C4<z>; HiZ drive
v00000000067d1930_0 .net "DHOLD", 0 0, o0000000006767038;  0 drivers
L_00000000067fa238 .functor BUFT 1, C4<0>, C4<0>, C4<0>, C4<0>;
v00000000067d1890_0 .net "HCI", 0 0, L_00000000067fa238;  1 drivers
o0000000006767098 .functor BUFZ 1, C4<z>; HiZ drive
v00000000067d1750_0 .net "IRSTBOT", 0 0, o0000000006767098;  0 drivers
o00000000067670c8 .functor BUFZ 1, C4<z>; HiZ drive
v00000000067d2dd0_0 .net "IRSTTOP", 0 0, o00000000067670c8;  0 drivers
L_00000000067fa358 .functor BUFT 1, C4<0>, C4<0>, C4<0>, C4<0>;
v00000000067d3550_0 .net "LCI", 0 0, L_00000000067fa358;  1 drivers
v00000000067d1070_0 .net "LCO", 0 0, L_0000000006852220;  1 drivers
v00000000067d19d0_0 .net "O", 31 0, L_0000000006853440;  1 drivers
o0000000006767188 .functor BUFZ 1, C4<z>; HiZ drive
v00000000067d1f70_0 .net "OHOLDBOT", 0 0, o0000000006767188;  0 drivers
o00000000067671b8 .functor BUFZ 1, C4<z>; HiZ drive
v00000000067d1bb0_0 .net "OHOLDTOP", 0 0, o00000000067671b8;  0 drivers
o00000000067671e8 .functor BUFZ 1, C4<z>; HiZ drive
v00000000067d35f0_0 .net "OLOADBOT", 0 0, o00000000067671e8;  0 drivers
o0000000006767218 .functor BUFZ 1, C4<z>; HiZ drive
v00000000067d2a10_0 .net "OLOADTOP", 0 0, o0000000006767218;  0 drivers
o0000000006767248 .functor BUFZ 1, C4<z>; HiZ drive
v00000000067d1110_0 .net "ORSTBOT", 0 0, o0000000006767248;  0 drivers
o0000000006767278 .functor BUFZ 1, C4<z>; HiZ drive
v00000000067d3690_0 .net "ORSTTOP", 0 0, o0000000006767278;  0 drivers
v00000000067d26f0_0 .net "Oh", 15 0, L_00000000066c33a0;  1 drivers
v00000000067d25b0_0 .net "Ol", 15 0, L_00000000064fb200;  1 drivers
o0000000006767308 .functor BUFZ 1, C4<z>; HiZ drive
v00000000067d3730_0 .net "SIGNEXTIN", 0 0, o0000000006767308;  0 drivers
v00000000067d1a70_0 .net "SIGNEXTOUT", 0 0, L_0000000006853d00;  1 drivers
v00000000067d2790_0 .net "XW", 15 0, L_0000000006853300;  1 drivers
v00000000067d2bf0_0 .net "YZ", 15 0, L_00000000068527c0;  1 drivers
v00000000067d1c50_0 .net/2u *"_ivl_0", 0 0, L_00000000067f9ce0;  1 drivers
v00000000067d11b0_0 .net *"_ivl_100", 31 0, L_0000000006851dc0;  1 drivers
L_00000000067fa0d0 .functor BUFT 1, C4<0000000000000000>, C4<0>, C4<0>, C4<0>;
v00000000067d1250_0 .net *"_ivl_103", 15 0, L_00000000067fa0d0;  1 drivers
v00000000067d1570_0 .net *"_ivl_104", 31 0, L_0000000006852180;  1 drivers
v00000000067d30f0_0 .net *"_ivl_106", 15 0, L_0000000006852040;  1 drivers
L_00000000067fa118 .functor BUFT 1, C4<0000000000000000>, C4<0>, C4<0>, C4<0>;
v00000000067d2330_0 .net *"_ivl_108", 15 0, L_00000000067fa118;  1 drivers
L_00000000067f9d28 .functor BUFT 1, C4<00000000>, C4<0>, C4<0>, C4<0>;
v00000000067d1d90_0 .net/2u *"_ivl_12", 7 0, L_00000000067f9d28;  1 drivers
v00000000067d1430_0 .net *"_ivl_121", 16 0, L_0000000006852c20;  1 drivers
L_00000000067fa160 .functor BUFT 1, C4<0>, C4<0>, C4<0>, C4<0>;
v00000000067d1b10_0 .net *"_ivl_124", 0 0, L_00000000067fa160;  1 drivers
v00000000067d20b0_0 .net *"_ivl_125", 16 0, L_0000000006853bc0;  1 drivers
L_00000000067fa1a8 .functor BUFT 1, C4<0>, C4<0>, C4<0>, C4<0>;
v00000000067d1e30_0 .net *"_ivl_128", 0 0, L_00000000067fa1a8;  1 drivers
v00000000067d1390_0 .net *"_ivl_129", 15 0, L_00000000068520e0;  1 drivers
v00000000067d2010_0 .net *"_ivl_131", 16 0, L_0000000006853b20;  1 drivers
L_00000000067fa1f0 .functor BUFT 1, C4<0>, C4<0>, C4<0>, C4<0>;
v00000000067d14d0_0 .net *"_ivl_134", 0 0, L_00000000067fa1f0;  1 drivers
v00000000067d16b0_0 .net *"_ivl_135", 16 0, L_00000000066c2300;  1 drivers
v00000000067d2ab0_0 .net *"_ivl_137", 16 0, L_0000000006852f40;  1 drivers
L_00000000067fa550 .functor BUFT 1, C4<00000000000000000>, C4<0>, C4<0>, C4<0>;
v00000000067d1610_0 .net *"_ivl_139", 16 0, L_00000000067fa550;  1 drivers
v00000000067d2150_0 .net *"_ivl_143", 16 0, L_00000000068531c0;  1 drivers
v00000000067d23d0_0 .net *"_ivl_147", 15 0, L_00000000068533a0;  1 drivers
v00000000067d2510_0 .net *"_ivl_149", 15 0, L_00000000066c1ce0;  1 drivers
v00000000067d2650_0 .net *"_ivl_15", 7 0, L_00000000067ebc50;  1 drivers
v00000000067d2b50_0 .net *"_ivl_168", 16 0, L_0000000006853080;  1 drivers
L_00000000067fa280 .functor BUFT 1, C4<0>, C4<0>, C4<0>, C4<0>;
v00000000067d2f10_0 .net *"_ivl_171", 0 0, L_00000000067fa280;  1 drivers
v00000000067d28d0_0 .net *"_ivl_172", 16 0, L_0000000006853620;  1 drivers
L_00000000067fa2c8 .functor BUFT 1, C4<0>, C4<0>, C4<0>, C4<0>;
v00000000067d2c90_0 .net *"_ivl_175", 0 0, L_00000000067fa2c8;  1 drivers
v00000000067d2d30_0 .net *"_ivl_176", 15 0, L_0000000006853c60;  1 drivers
v00000000067d2e70_0 .net *"_ivl_178", 16 0, L_0000000006852fe0;  1 drivers
L_00000000067f9d70 .functor BUFT 1, C4<00000000>, C4<0>, C4<0>, C4<0>;
v00000000067d2fb0_0 .net/2u *"_ivl_18", 7 0, L_00000000067f9d70;  1 drivers
L_00000000067fa310 .functor BUFT 1, C4<0>, C4<0>, C4<0>, C4<0>;
v00000000067d3050_0 .net *"_ivl_181", 0 0, L_00000000067fa310;  1 drivers
v00000000067d3190_0 .net *"_ivl_182", 16 0, L_00000000065d4b40;  1 drivers
v00000000067d3230_0 .net *"_ivl_184", 16 0, L_0000000006853da0;  1 drivers
L_00000000067fa598 .functor BUFT 1, C4<00000000000000000>, C4<0>, C4<0>, C4<0>;
v00000000067d32d0_0 .net *"_ivl_186", 16 0, L_00000000067fa598;  1 drivers
v00000000067d3410_0 .net *"_ivl_190", 16 0, L_0000000006852ae0;  1 drivers
v00000000067d58f0_0 .net *"_ivl_192", 15 0, L_0000000006854480;  1 drivers
v00000000067d5b70_0 .net *"_ivl_194", 15 0, L_00000000065d4e50;  1 drivers
v00000000067d5850_0 .net *"_ivl_21", 7 0, L_00000000067ec6f0;  1 drivers
L_00000000067f9db8 .functor BUFT 1, C4<00000000>, C4<0>, C4<0>, C4<0>;
v00000000067d3af0_0 .net/2u *"_ivl_24", 7 0, L_00000000067f9db8;  1 drivers
v00000000067d5990_0 .net *"_ivl_27", 7 0, L_00000000067ea210;  1 drivers
L_00000000067f9e00 .functor BUFT 1, C4<00000000>, C4<0>, C4<0>, C4<0>;
v00000000067d5c10_0 .net/2u *"_ivl_30", 7 0, L_00000000067f9e00;  1 drivers
v00000000067d5670_0 .net *"_ivl_33", 7 0, L_00000000067eae90;  1 drivers
L_00000000067f9e48 .functor BUFT 1, C4<00000000>, C4<0>, C4<0>, C4<0>;
v00000000067d4310_0 .net/2u *"_ivl_38", 7 0, L_00000000067f9e48;  1 drivers
v00000000067d4c70_0 .net *"_ivl_41", 7 0, L_00000000067ea530;  1 drivers
v00000000067d4d10_0 .net *"_ivl_42", 15 0, L_00000000067ea5d0;  1 drivers
L_00000000067f9e90 .functor BUFT 1, C4<00000000>, C4<0>, C4<0>, C4<0>;
v00000000067d3cd0_0 .net/2u *"_ivl_46", 7 0, L_00000000067f9e90;  1 drivers
v00000000067d4e50_0 .net *"_ivl_49", 7 0, L_00000000067ea8f0;  1 drivers
v00000000067d4b30_0 .net *"_ivl_50", 15 0, L_00000000067eaad0;  1 drivers
L_00000000067f9ed8 .functor BUFT 1, C4<00000000>, C4<0>, C4<0>, C4<0>;
v00000000067d5cb0_0 .net/2u *"_ivl_64", 7 0, L_00000000067f9ed8;  1 drivers
L_00000000067f9f20 .functor BUFT 1, C4<00000000>, C4<0>, C4<0>, C4<0>;
v00000000067d5d50_0 .net/2u *"_ivl_68", 7 0, L_00000000067f9f20;  1 drivers
v00000000067d5350_0 .net *"_ivl_72", 31 0, L_00000000068524a0;  1 drivers
L_00000000067f9f68 .functor BUFT 1, C4<0000000000000000>, C4<0>, C4<0>, C4<0>;
v00000000067d4a90_0 .net *"_ivl_75", 15 0, L_00000000067f9f68;  1 drivers
v00000000067d5ad0_0 .net *"_ivl_76", 31 0, L_00000000068529a0;  1 drivers
L_00000000067f9fb0 .functor BUFT 1, C4<00000000>, C4<0>, C4<0>, C4<0>;
v00000000067d3d70_0 .net *"_ivl_79", 7 0, L_00000000067f9fb0;  1 drivers
v00000000067d5df0_0 .net *"_ivl_80", 31 0, L_0000000006851e60;  1 drivers
v00000000067d57b0_0 .net *"_ivl_82", 23 0, L_0000000006853e40;  1 drivers
L_00000000067f9ff8 .functor BUFT 1, C4<00000000>, C4<0>, C4<0>, C4<0>;
v00000000067d4770_0 .net *"_ivl_84", 7 0, L_00000000067f9ff8;  1 drivers
v00000000067d5fd0_0 .net *"_ivl_86", 31 0, L_00000000068522c0;  1 drivers
v00000000067d4630_0 .net *"_ivl_88", 31 0, L_0000000006852e00;  1 drivers
L_00000000067fa040 .functor BUFT 1, C4<00000000>, C4<0>, C4<0>, C4<0>;
v00000000067d3910_0 .net *"_ivl_91", 7 0, L_00000000067fa040;  1 drivers
v00000000067d4270_0 .net *"_ivl_92", 31 0, L_0000000006853ee0;  1 drivers
v00000000067d5e90_0 .net *"_ivl_94", 23 0, L_0000000006854520;  1 drivers
L_00000000067fa088 .functor BUFT 1, C4<00000000>, C4<0>, C4<0>, C4<0>;
v00000000067d4450_0 .net *"_ivl_96", 7 0, L_00000000067fa088;  1 drivers
v00000000067d43b0_0 .net *"_ivl_98", 31 0, L_0000000006852680;  1 drivers
v00000000067d41d0_0 .net "clock", 0 0, L_00000000066c0690;  1 drivers
v00000000067d3c30_0 .net "iA", 15 0, L_00000000066c08c0;  1 drivers
v00000000067d3b90_0 .net "iB", 15 0, L_00000000066c0930;  1 drivers
v00000000067d3a50_0 .net "iC", 15 0, L_00000000066c1110;  1 drivers
v00000000067d3e10_0 .net "iD", 15 0, L_00000000066c09a0;  1 drivers
v00000000067d5710_0 .net "iF", 15 0, L_00000000066c0a10;  1 drivers
v00000000067d5030_0 .net "iG", 15 0, L_00000000066c0b60;  1 drivers
v00000000067d5f30_0 .net "iH", 31 0, L_00000000066c0bd0;  1 drivers
v00000000067d3870_0 .net "iJ", 15 0, L_00000000066c0a80;  1 drivers
v00000000067d4bd0_0 .net "iJ_e", 23 0, L_00000000068543e0;  1 drivers
v00000000067d4090_0 .net "iK", 15 0, L_00000000066c0af0;  1 drivers
v00000000067d4810_0 .net "iK_e", 23 0, L_00000000067ead50;  1 drivers
v00000000067d39b0_0 .net "iL", 31 0, L_0000000006852ea0;  1 drivers
v00000000067d5a30_0 .net "iP", 15 0, L_0000000006851fa0;  1 drivers
v00000000067d3eb0_0 .net "iQ", 15 0, v00000000067d55d0_0;  1 drivers
v00000000067d44f0_0 .net "iR", 15 0, L_0000000006853260;  1 drivers
v00000000067d48b0_0 .net "iS", 15 0, v00000000067d8410_0;  1 drivers
v00000000067d3f50_0 .net "iW", 15 0, L_00000000066c0c40;  1 drivers
v00000000067d3ff0_0 .net "iX", 15 0, L_00000000066c1b20;  1 drivers
v00000000067d4590_0 .net "iY", 15 0, L_00000000066c32c0;  1 drivers
v00000000067d4130_0 .net "iZ", 15 0, L_00000000066c3800;  1 drivers
v00000000067d46d0_0 .net "p_Ah_Bh", 15 0, L_00000000067ea490;  1 drivers
v00000000067d4950_0 .net "p_Ah_Bl", 15 0, L_00000000067eab70;  1 drivers
v00000000067d4f90_0 .net "p_Al_Bh", 15 0, L_00000000067ea710;  1 drivers
v00000000067d49f0_0 .net "p_Al_Bl", 15 0, L_00000000067eacb0;  1 drivers
v00000000067d4db0_0 .var "rA", 15 0;
v00000000067d4ef0_0 .var "rB", 15 0;
v00000000067d5210_0 .var "rC", 15 0;
v00000000067d50d0_0 .var "rD", 15 0;
v00000000067d5170_0 .var "rF", 15 0;
v00000000067d52b0_0 .var "rG", 15 0;
v00000000067d53f0_0 .var "rH", 31 0;
v00000000067d5490_0 .var "rJ", 15 0;
v00000000067d5530_0 .var "rK", 15 0;
v00000000067d55d0_0 .var "rQ", 15 0;
v00000000067d8410_0 .var "rS", 15 0;
E_000000000670d220 .event posedge, v00000000067d1110_0, v00000000067d41d0_0;
E_000000000670de20 .event posedge, v00000000067d3690_0, v00000000067d41d0_0;
E_000000000670d2a0 .event posedge, v00000000067d1750_0, v00000000067d41d0_0;
E_000000000670db20 .event posedge, v00000000067d2dd0_0, v00000000067d41d0_0;
L_00000000067ebc50 .part L_00000000066c08c0, 8, 8;
L_00000000067ec1f0 .concat [ 8 8 0 0], L_00000000067ebc50, L_00000000067f9d28;
L_00000000067ec6f0 .part L_00000000066c08c0, 0, 8;
L_00000000067ec790 .concat [ 8 8 0 0], L_00000000067ec6f0, L_00000000067f9d70;
L_00000000067ea210 .part L_00000000066c0930, 8, 8;
L_00000000067ea3f0 .concat [ 8 8 0 0], L_00000000067ea210, L_00000000067f9db8;
L_00000000067eae90 .part L_00000000066c0930, 0, 8;
L_00000000067ea850 .concat [ 8 8 0 0], L_00000000067eae90, L_00000000067f9e00;
L_00000000067ea490 .arith/mult 16, L_00000000067ec1f0, L_00000000067ea3f0;
L_00000000067ea530 .part L_00000000067ec790, 0, 8;
L_00000000067ea5d0 .concat [ 8 8 0 0], L_00000000067ea530, L_00000000067f9e48;
L_00000000067ea710 .arith/mult 16, L_00000000067ea5d0, L_00000000067ea3f0;
L_00000000067ea8f0 .part L_00000000067ea850, 0, 8;
L_00000000067eaad0 .concat [ 8 8 0 0], L_00000000067ea8f0, L_00000000067f9e90;
L_00000000067eab70 .arith/mult 16, L_00000000067ec1f0, L_00000000067eaad0;
L_00000000067eacb0 .arith/mult 16, L_00000000067ec790, L_00000000067ea850;
L_00000000067ead50 .concat [ 16 8 0 0], L_00000000066c0af0, L_00000000067f9ed8;
L_00000000068543e0 .concat [ 16 8 0 0], L_00000000066c0a80, L_00000000067f9f20;
L_00000000068524a0 .concat [ 16 16 0 0], L_00000000066c0b60, L_00000000067f9f68;
L_00000000068529a0 .concat [ 24 8 0 0], L_00000000067ead50, L_00000000067f9fb0;
L_0000000006853e40 .part L_00000000068529a0, 0, 24;
L_0000000006851e60 .concat [ 8 24 0 0], L_00000000067f9ff8, L_0000000006853e40;
L_00000000068522c0 .arith/sum 32, L_00000000068524a0, L_0000000006851e60;
L_0000000006852e00 .concat [ 24 8 0 0], L_00000000068543e0, L_00000000067fa040;
L_0000000006854520 .part L_0000000006852e00, 0, 24;
L_0000000006853ee0 .concat [ 8 24 0 0], L_00000000067fa088, L_0000000006854520;
L_0000000006852680 .arith/sum 32, L_00000000068522c0, L_0000000006853ee0;
L_0000000006851dc0 .concat [ 16 16 0 0], L_00000000066c0a10, L_00000000067fa0d0;
L_0000000006852040 .part L_0000000006851dc0, 0, 16;
L_0000000006852180 .concat [ 16 16 0 0], L_00000000067fa118, L_0000000006852040;
L_0000000006852ea0 .arith/sum 32, L_0000000006852680, L_0000000006852180;
L_0000000006851f00 .part L_00000000068531c0, 16, 1;
L_0000000006853300 .part L_00000000068531c0, 0, 16;
L_0000000006852c20 .concat [ 16 1 0 0], L_00000000066c1b20, L_00000000067fa160;
L_0000000006853bc0 .concat [ 16 1 0 0], L_00000000066c0c40, L_00000000067fa1a8;
LS_00000000068520e0_0_0 .concat [ 1 1 1 1], o0000000006766d68, o0000000006766d68, o0000000006766d68, o0000000006766d68;
LS_00000000068520e0_0_4 .concat [ 1 1 1 1], o0000000006766d68, o0000000006766d68, o0000000006766d68, o0000000006766d68;
LS_00000000068520e0_0_8 .concat [ 1 1 1 1], o0000000006766d68, o0000000006766d68, o0000000006766d68, o0000000006766d68;
LS_00000000068520e0_0_12 .concat [ 1 1 1 1], o0000000006766d68, o0000000006766d68, o0000000006766d68, o0000000006766d68;
L_00000000068520e0 .concat [ 4 4 4 4], LS_00000000068520e0_0_0, LS_00000000068520e0_0_4, LS_00000000068520e0_0_8, LS_00000000068520e0_0_12;
L_0000000006853b20 .concat [ 16 1 0 0], L_00000000068520e0, L_00000000067fa1f0;
L_0000000006852f40 .arith/sum 17, L_0000000006852c20, L_00000000066c2300;
L_00000000068531c0 .arith/sum 17, L_0000000006852f40, L_00000000067fa550;
LS_00000000068533a0_0_0 .concat [ 1 1 1 1], o0000000006766d68, o0000000006766d68, o0000000006766d68, o0000000006766d68;
LS_00000000068533a0_0_4 .concat [ 1 1 1 1], o0000000006766d68, o0000000006766d68, o0000000006766d68, o0000000006766d68;
LS_00000000068533a0_0_8 .concat [ 1 1 1 1], o0000000006766d68, o0000000006766d68, o0000000006766d68, o0000000006766d68;
LS_00000000068533a0_0_12 .concat [ 1 1 1 1], o0000000006766d68, o0000000006766d68, o0000000006766d68, o0000000006766d68;
L_00000000068533a0 .concat [ 4 4 4 4], LS_00000000068533a0_0_0, LS_00000000068533a0_0_4, LS_00000000068533a0_0_8, LS_00000000068533a0_0_12;
L_0000000006851fa0 .functor MUXZ 16, L_00000000066c1ce0, L_00000000066c1110, o0000000006767218, C4<>;
L_0000000006853d00 .part L_00000000066c1b20, 15, 1;
L_0000000006852220 .part L_0000000006852ae0, 16, 1;
L_00000000068527c0 .part L_0000000006852ae0, 0, 16;
L_0000000006853080 .concat [ 16 1 0 0], L_00000000066c3800, L_00000000067fa280;
L_0000000006853620 .concat [ 16 1 0 0], L_00000000066c32c0, L_00000000067fa2c8;
LS_0000000006853c60_0_0 .concat [ 1 1 1 1], o0000000006766d38, o0000000006766d38, o0000000006766d38, o0000000006766d38;
LS_0000000006853c60_0_4 .concat [ 1 1 1 1], o0000000006766d38, o0000000006766d38, o0000000006766d38, o0000000006766d38;
LS_0000000006853c60_0_8 .concat [ 1 1 1 1], o0000000006766d38, o0000000006766d38, o0000000006766d38, o0000000006766d38;
LS_0000000006853c60_0_12 .concat [ 1 1 1 1], o0000000006766d38, o0000000006766d38, o0000000006766d38, o0000000006766d38;
L_0000000006853c60 .concat [ 4 4 4 4], LS_0000000006853c60_0_0, LS_0000000006853c60_0_4, LS_0000000006853c60_0_8, LS_0000000006853c60_0_12;
L_0000000006852fe0 .concat [ 16 1 0 0], L_0000000006853c60, L_00000000067fa310;
L_0000000006853da0 .arith/sum 17, L_0000000006853080, L_00000000065d4b40;
L_0000000006852ae0 .arith/sum 17, L_0000000006853da0, L_00000000067fa598;
LS_0000000006854480_0_0 .concat [ 1 1 1 1], o0000000006766d38, o0000000006766d38, o0000000006766d38, o0000000006766d38;
LS_0000000006854480_0_4 .concat [ 1 1 1 1], o0000000006766d38, o0000000006766d38, o0000000006766d38, o0000000006766d38;
LS_0000000006854480_0_8 .concat [ 1 1 1 1], o0000000006766d38, o0000000006766d38, o0000000006766d38, o0000000006766d38;
LS_0000000006854480_0_12 .concat [ 1 1 1 1], o0000000006766d38, o0000000006766d38, o0000000006766d38, o0000000006766d38;
L_0000000006854480 .concat [ 4 4 4 4], LS_0000000006854480_0_0, LS_0000000006854480_0_4, LS_0000000006854480_0_8, LS_0000000006854480_0_12;
L_0000000006853260 .functor MUXZ 16, L_00000000065d4e50, L_00000000066c09a0, o00000000067671e8, C4<>;
L_0000000006853440 .concat [ 16 16 0 0], L_00000000064fb200, L_00000000066c33a0;
S_00000000064d5020 .scope module, "SB_PLL40_2F_CORE" "SB_PLL40_2F_CORE" 2 2521;
 .timescale -12 -12;
    .port_info 0 /INPUT 1 "REFERENCECLK";
    .port_info 1 /OUTPUT 1 "PLLOUTCOREA";
    .port_info 2 /OUTPUT 1 "PLLOUTGLOBALA";
    .port_info 3 /OUTPUT 1 "PLLOUTCOREB";
    .port_info 4 /OUTPUT 1 "PLLOUTGLOBALB";
    .port_info 5 /INPUT 1 "EXTFEEDBACK";
    .port_info 6 /INPUT 8 "DYNAMICDELAY";
    .port_info 7 /OUTPUT 1 "LOCK";
    .port_info 8 /INPUT 1 "BYPASS";
    .port_info 9 /INPUT 1 "RESETB";
    .port_info 10 /INPUT 1 "LATCHINPUTVALUE";
    .port_info 11 /OUTPUT 1 "SDO";
    .port_info 12 /INPUT 1 "SDI";
    .port_info 13 /INPUT 1 "SCLK";
P_000000000645eea0 .param/str "DELAY_ADJUSTMENT_MODE_FEEDBACK" 0 2 2538, "FIXED";
P_000000000645eed8 .param/str "DELAY_ADJUSTMENT_MODE_RELATIVE" 0 2 2539, "FIXED";
P_000000000645ef10 .param/l "DIVF" 0 2 2546, C4<0000000>;
P_000000000645ef48 .param/l "DIVQ" 0 2 2547, C4<000>;
P_000000000645ef80 .param/l "DIVR" 0 2 2545, C4<0000>;
P_000000000645efb8 .param/l "ENABLE_ICEGATE_PORTA" 0 2 2549, C4<0>;
P_000000000645eff0 .param/l "ENABLE_ICEGATE_PORTB" 0 2 2550, C4<0>;
P_000000000645f028 .param/l "EXTERNAL_DIVIDE_FACTOR" 0 2 2552, +C4<00000000000000000000000000000001>;
P_000000000645f060 .param/l "FDA_FEEDBACK" 0 2 2541, C4<0000>;
P_000000000645f098 .param/l "FDA_RELATIVE" 0 2 2542, C4<0000>;
P_000000000645f0d0 .param/str "FEEDBACK_PATH" 0 2 2537, "SIMPLE";
P_000000000645f108 .param/l "FILTER_RANGE" 0 2 2548, C4<000>;
P_000000000645f140 .param/str "PLLOUT_SELECT_PORTA" 0 2 2543, "GENCLK";
P_000000000645f178 .param/str "PLLOUT_SELECT_PORTB" 0 2 2544, "GENCLK";
P_000000000645f1b0 .param/l "SHIFTREG_DIV_MODE" 0 2 2540, C4<0>;
P_000000000645f1e8 .param/l "TEST_MODE" 0 2 2551, C4<0>;
o0000000006768b38 .functor BUFZ 1, C4<z>; HiZ drive
v00000000067d71f0_0 .net "BYPASS", 0 0, o0000000006768b38;  0 drivers
o0000000006768b68 .functor BUFZ 8, C4<zzzzzzzz>; HiZ drive
v00000000067d70b0_0 .net "DYNAMICDELAY", 7 0, o0000000006768b68;  0 drivers
o0000000006768b98 .functor BUFZ 1, C4<z>; HiZ drive
v00000000067d7650_0 .net "EXTFEEDBACK", 0 0, o0000000006768b98;  0 drivers
o0000000006768bc8 .functor BUFZ 1, C4<z>; HiZ drive
v00000000067d82d0_0 .net "LATCHINPUTVALUE", 0 0, o0000000006768bc8;  0 drivers
o0000000006768bf8 .functor BUFZ 1, C4<z>; HiZ drive
v00000000067d7470_0 .net "LOCK", 0 0, o0000000006768bf8;  0 drivers
o0000000006768c28 .functor BUFZ 1, C4<z>; HiZ drive
v00000000067d7970_0 .net "PLLOUTCOREA", 0 0, o0000000006768c28;  0 drivers
o0000000006768c58 .functor BUFZ 1, C4<z>; HiZ drive
v00000000067d6f70_0 .net "PLLOUTCOREB", 0 0, o0000000006768c58;  0 drivers
o0000000006768c88 .functor BUFZ 1, C4<z>; HiZ drive
v00000000067d6070_0 .net "PLLOUTGLOBALA", 0 0, o0000000006768c88;  0 drivers
o0000000006768cb8 .functor BUFZ 1, C4<z>; HiZ drive
v00000000067d8730_0 .net "PLLOUTGLOBALB", 0 0, o0000000006768cb8;  0 drivers
o0000000006768ce8 .functor BUFZ 1, C4<z>; HiZ drive
v00000000067d7790_0 .net "REFERENCECLK", 0 0, o0000000006768ce8;  0 drivers
o0000000006768d18 .functor BUFZ 1, C4<z>; HiZ drive
v00000000067d6110_0 .net "RESETB", 0 0, o0000000006768d18;  0 drivers
o0000000006768d48 .functor BUFZ 1, C4<z>; HiZ drive
v00000000067d7150_0 .net "SCLK", 0 0, o0000000006768d48;  0 drivers
o0000000006768d78 .functor BUFZ 1, C4<z>; HiZ drive
v00000000067d7290_0 .net "SDI", 0 0, o0000000006768d78;  0 drivers
o0000000006768da8 .functor BUFZ 1, C4<z>; HiZ drive
v00000000067d7bf0_0 .net "SDO", 0 0, o0000000006768da8;  0 drivers
S_00000000064d5ca0 .scope module, "SB_PLL40_2F_PAD" "SB_PLL40_2F_PAD" 2 2556;
 .timescale -12 -12;
    .port_info 0 /INPUT 1 "PACKAGEPIN";
    .port_info 1 /OUTPUT 1 "PLLOUTCOREA";
    .port_info 2 /OUTPUT 1 "PLLOUTGLOBALA";
    .port_info 3 /OUTPUT 1 "PLLOUTCOREB";
    .port_info 4 /OUTPUT 1 "PLLOUTGLOBALB";
    .port_info 5 /INPUT 1 "EXTFEEDBACK";
    .port_info 6 /INPUT 8 "DYNAMICDELAY";
    .port_info 7 /OUTPUT 1 "LOCK";
    .port_info 8 /INPUT 1 "BYPASS";
    .port_info 9 /INPUT 1 "RESETB";
    .port_info 10 /INPUT 1 "LATCHINPUTVALUE";
    .port_info 11 /OUTPUT 1 "SDO";
    .port_info 12 /INPUT 1 "SDI";
    .port_info 13 /INPUT 1 "SCLK";
P_0000000006457910 .param/str "DELAY_ADJUSTMENT_MODE_FEEDBACK" 0 2 2573, "FIXED";
P_0000000006457948 .param/str "DELAY_ADJUSTMENT_MODE_RELATIVE" 0 2 2574, "FIXED";
P_0000000006457980 .param/l "DIVF" 0 2 2581, C4<0000000>;
P_00000000064579b8 .param/l "DIVQ" 0 2 2582, C4<000>;
P_00000000064579f0 .param/l "DIVR" 0 2 2580, C4<0000>;
P_0000000006457a28 .param/l "ENABLE_ICEGATE_PORTA" 0 2 2584, C4<0>;
P_0000000006457a60 .param/l "ENABLE_ICEGATE_PORTB" 0 2 2585, C4<0>;
P_0000000006457a98 .param/l "EXTERNAL_DIVIDE_FACTOR" 0 2 2587, +C4<00000000000000000000000000000001>;
P_0000000006457ad0 .param/l "FDA_FEEDBACK" 0 2 2576, C4<0000>;
P_0000000006457b08 .param/l "FDA_RELATIVE" 0 2 2577, C4<0000>;
P_0000000006457b40 .param/str "FEEDBACK_PATH" 0 2 2572, "SIMPLE";
P_0000000006457b78 .param/l "FILTER_RANGE" 0 2 2583, C4<000>;
P_0000000006457bb0 .param/str "PLLOUT_SELECT_PORTA" 0 2 2578, "GENCLK";
P_0000000006457be8 .param/str "PLLOUT_SELECT_PORTB" 0 2 2579, "GENCLK";
P_0000000006457c20 .param/l "SHIFTREG_DIV_MODE" 0 2 2575, C4<00>;
P_0000000006457c58 .param/l "TEST_MODE" 0 2 2586, C4<0>;
o0000000006769078 .functor BUFZ 1, C4<z>; HiZ drive
v00000000067d8550_0 .net "BYPASS", 0 0, o0000000006769078;  0 drivers
o00000000067690a8 .functor BUFZ 8, C4<zzzzzzzz>; HiZ drive
v00000000067d7330_0 .net "DYNAMICDELAY", 7 0, o00000000067690a8;  0 drivers
o00000000067690d8 .functor BUFZ 1, C4<z>; HiZ drive
v00000000067d75b0_0 .net "EXTFEEDBACK", 0 0, o00000000067690d8;  0 drivers
o0000000006769108 .functor BUFZ 1, C4<z>; HiZ drive
v00000000067d7a10_0 .net "LATCHINPUTVALUE", 0 0, o0000000006769108;  0 drivers
o0000000006769138 .functor BUFZ 1, C4<z>; HiZ drive
v00000000067d6ed0_0 .net "LOCK", 0 0, o0000000006769138;  0 drivers
o0000000006769168 .functor BUFZ 1, C4<z>; HiZ drive
v00000000067d8370_0 .net "PACKAGEPIN", 0 0, o0000000006769168;  0 drivers
o0000000006769198 .functor BUFZ 1, C4<z>; HiZ drive
v00000000067d84b0_0 .net "PLLOUTCOREA", 0 0, o0000000006769198;  0 drivers
o00000000067691c8 .functor BUFZ 1, C4<z>; HiZ drive
v00000000067d6d90_0 .net "PLLOUTCOREB", 0 0, o00000000067691c8;  0 drivers
o00000000067691f8 .functor BUFZ 1, C4<z>; HiZ drive
v00000000067d87d0_0 .net "PLLOUTGLOBALA", 0 0, o00000000067691f8;  0 drivers
o0000000006769228 .functor BUFZ 1, C4<z>; HiZ drive
v00000000067d7dd0_0 .net "PLLOUTGLOBALB", 0 0, o0000000006769228;  0 drivers
o0000000006769258 .functor BUFZ 1, C4<z>; HiZ drive
v00000000067d85f0_0 .net "RESETB", 0 0, o0000000006769258;  0 drivers
o0000000006769288 .functor BUFZ 1, C4<z>; HiZ drive
v00000000067d61b0_0 .net "SCLK", 0 0, o0000000006769288;  0 drivers
o00000000067692b8 .functor BUFZ 1, C4<z>; HiZ drive
v00000000067d6750_0 .net "SDI", 0 0, o00000000067692b8;  0 drivers
o00000000067692e8 .functor BUFZ 1, C4<z>; HiZ drive
v00000000067d8690_0 .net "SDO", 0 0, o00000000067692e8;  0 drivers
S_00000000064d43a0 .scope module, "SB_PLL40_2_PAD" "SB_PLL40_2_PAD" 2 2487;
 .timescale -12 -12;
    .port_info 0 /INPUT 1 "PACKAGEPIN";
    .port_info 1 /OUTPUT 1 "PLLOUTCOREA";
    .port_info 2 /OUTPUT 1 "PLLOUTGLOBALA";
    .port_info 3 /OUTPUT 1 "PLLOUTCOREB";
    .port_info 4 /OUTPUT 1 "PLLOUTGLOBALB";
    .port_info 5 /INPUT 1 "EXTFEEDBACK";
    .port_info 6 /INPUT 8 "DYNAMICDELAY";
    .port_info 7 /OUTPUT 1 "LOCK";
    .port_info 8 /INPUT 1 "BYPASS";
    .port_info 9 /INPUT 1 "RESETB";
    .port_info 10 /INPUT 1 "LATCHINPUTVALUE";
    .port_info 11 /OUTPUT 1 "SDO";
    .port_info 12 /INPUT 1 "SDI";
    .port_info 13 /INPUT 1 "SCLK";
P_000000000645c9c0 .param/str "DELAY_ADJUSTMENT_MODE_FEEDBACK" 0 2 2504, "FIXED";
P_000000000645c9f8 .param/str "DELAY_ADJUSTMENT_MODE_RELATIVE" 0 2 2505, "FIXED";
P_000000000645ca30 .param/l "DIVF" 0 2 2511, C4<0000000>;
P_000000000645ca68 .param/l "DIVQ" 0 2 2512, C4<000>;
P_000000000645caa0 .param/l "DIVR" 0 2 2510, C4<0000>;
P_000000000645cad8 .param/l "ENABLE_ICEGATE_PORTA" 0 2 2514, C4<0>;
P_000000000645cb10 .param/l "ENABLE_ICEGATE_PORTB" 0 2 2515, C4<0>;
P_000000000645cb48 .param/l "EXTERNAL_DIVIDE_FACTOR" 0 2 2517, +C4<00000000000000000000000000000001>;
P_000000000645cb80 .param/l "FDA_FEEDBACK" 0 2 2507, C4<0000>;
P_000000000645cbb8 .param/l "FDA_RELATIVE" 0 2 2508, C4<0000>;
P_000000000645cbf0 .param/str "FEEDBACK_PATH" 0 2 2503, "SIMPLE";
P_000000000645cc28 .param/l "FILTER_RANGE" 0 2 2513, C4<000>;
P_000000000645cc60 .param/str "PLLOUT_SELECT_PORTB" 0 2 2509, "GENCLK";
P_000000000645cc98 .param/l "SHIFTREG_DIV_MODE" 0 2 2506, C4<0>;
P_000000000645ccd0 .param/l "TEST_MODE" 0 2 2516, C4<0>;
o00000000067695b8 .functor BUFZ 1, C4<z>; HiZ drive
v00000000067d8230_0 .net "BYPASS", 0 0, o00000000067695b8;  0 drivers
o00000000067695e8 .functor BUFZ 8, C4<zzzzzzzz>; HiZ drive
v00000000067d76f0_0 .net "DYNAMICDELAY", 7 0, o00000000067695e8;  0 drivers
o0000000006769618 .functor BUFZ 1, C4<z>; HiZ drive
v00000000067d7010_0 .net "EXTFEEDBACK", 0 0, o0000000006769618;  0 drivers
o0000000006769648 .functor BUFZ 1, C4<z>; HiZ drive
v00000000067d67f0_0 .net "LATCHINPUTVALUE", 0 0, o0000000006769648;  0 drivers
o0000000006769678 .functor BUFZ 1, C4<z>; HiZ drive
v00000000067d6bb0_0 .net "LOCK", 0 0, o0000000006769678;  0 drivers
o00000000067696a8 .functor BUFZ 1, C4<z>; HiZ drive
v00000000067d7c90_0 .net "PACKAGEPIN", 0 0, o00000000067696a8;  0 drivers
o00000000067696d8 .functor BUFZ 1, C4<z>; HiZ drive
v00000000067d6250_0 .net "PLLOUTCOREA", 0 0, o00000000067696d8;  0 drivers
o0000000006769708 .functor BUFZ 1, C4<z>; HiZ drive
v00000000067d7fb0_0 .net "PLLOUTCOREB", 0 0, o0000000006769708;  0 drivers
o0000000006769738 .functor BUFZ 1, C4<z>; HiZ drive
v00000000067d62f0_0 .net "PLLOUTGLOBALA", 0 0, o0000000006769738;  0 drivers
o0000000006769768 .functor BUFZ 1, C4<z>; HiZ drive
v00000000067d6390_0 .net "PLLOUTGLOBALB", 0 0, o0000000006769768;  0 drivers
o0000000006769798 .functor BUFZ 1, C4<z>; HiZ drive
v00000000067d6b10_0 .net "RESETB", 0 0, o0000000006769798;  0 drivers
o00000000067697c8 .functor BUFZ 1, C4<z>; HiZ drive
v00000000067d7d30_0 .net "SCLK", 0 0, o00000000067697c8;  0 drivers
o00000000067697f8 .functor BUFZ 1, C4<z>; HiZ drive
v00000000067d80f0_0 .net "SDI", 0 0, o00000000067697f8;  0 drivers
o0000000006769828 .functor BUFZ 1, C4<z>; HiZ drive
v00000000067d78d0_0 .net "SDO", 0 0, o0000000006769828;  0 drivers
S_00000000064d51b0 .scope module, "SB_PLL40_CORE" "SB_PLL40_CORE" 2 2425;
 .timescale -12 -12;
    .port_info 0 /INPUT 1 "REFERENCECLK";
    .port_info 1 /OUTPUT 1 "PLLOUTCORE";
    .port_info 2 /OUTPUT 1 "PLLOUTGLOBAL";
    .port_info 3 /INPUT 1 "EXTFEEDBACK";
    .port_info 4 /INPUT 8 "DYNAMICDELAY";
    .port_info 5 /OUTPUT 1 "LOCK";
    .port_info 6 /INPUT 1 "BYPASS";
    .port_info 7 /INPUT 1 "RESETB";
    .port_info 8 /INPUT 1 "LATCHINPUTVALUE";
    .port_info 9 /OUTPUT 1 "SDO";
    .port_info 10 /INPUT 1 "SDI";
    .port_info 11 /INPUT 1 "SCLK";
P_00000000064580e0 .param/str "DELAY_ADJUSTMENT_MODE_FEEDBACK" 0 2 2440, "FIXED";
P_0000000006458118 .param/str "DELAY_ADJUSTMENT_MODE_RELATIVE" 0 2 2441, "FIXED";
P_0000000006458150 .param/l "DIVF" 0 2 2447, C4<0000000>;
P_0000000006458188 .param/l "DIVQ" 0 2 2448, C4<000>;
P_00000000064581c0 .param/l "DIVR" 0 2 2446, C4<0000>;
P_00000000064581f8 .param/l "ENABLE_ICEGATE" 0 2 2450, C4<0>;
P_0000000006458230 .param/l "EXTERNAL_DIVIDE_FACTOR" 0 2 2452, +C4<00000000000000000000000000000001>;
P_0000000006458268 .param/l "FDA_FEEDBACK" 0 2 2443, C4<0000>;
P_00000000064582a0 .param/l "FDA_RELATIVE" 0 2 2444, C4<0000>;
P_00000000064582d8 .param/str "FEEDBACK_PATH" 0 2 2439, "SIMPLE";
P_0000000006458310 .param/l "FILTER_RANGE" 0 2 2449, C4<000>;
P_0000000006458348 .param/str "PLLOUT_SELECT" 0 2 2445, "GENCLK";
P_0000000006458380 .param/l "SHIFTREG_DIV_MODE" 0 2 2442, C4<0>;
P_00000000064583b8 .param/l "TEST_MODE" 0 2 2451, C4<0>;
o0000000006769af8 .functor BUFZ 1, C4<z>; HiZ drive
v00000000067d6430_0 .net "BYPASS", 0 0, o0000000006769af8;  0 drivers
o0000000006769b28 .functor BUFZ 8, C4<zzzzzzzz>; HiZ drive
v00000000067d64d0_0 .net "DYNAMICDELAY", 7 0, o0000000006769b28;  0 drivers
o0000000006769b58 .functor BUFZ 1, C4<z>; HiZ drive
v00000000067d6570_0 .net "EXTFEEDBACK", 0 0, o0000000006769b58;  0 drivers
o0000000006769b88 .functor BUFZ 1, C4<z>; HiZ drive
v00000000067d6610_0 .net "LATCHINPUTVALUE", 0 0, o0000000006769b88;  0 drivers
o0000000006769bb8 .functor BUFZ 1, C4<z>; HiZ drive
v00000000067d73d0_0 .net "LOCK", 0 0, o0000000006769bb8;  0 drivers
o0000000006769be8 .functor BUFZ 1, C4<z>; HiZ drive
v00000000067d66b0_0 .net "PLLOUTCORE", 0 0, o0000000006769be8;  0 drivers
o0000000006769c18 .functor BUFZ 1, C4<z>; HiZ drive
v00000000067d6890_0 .net "PLLOUTGLOBAL", 0 0, o0000000006769c18;  0 drivers
o0000000006769c48 .functor BUFZ 1, C4<z>; HiZ drive
v00000000067d7b50_0 .net "REFERENCECLK", 0 0, o0000000006769c48;  0 drivers
o0000000006769c78 .functor BUFZ 1, C4<z>; HiZ drive
v00000000067d6930_0 .net "RESETB", 0 0, o0000000006769c78;  0 drivers
o0000000006769ca8 .functor BUFZ 1, C4<z>; HiZ drive
v00000000067d6c50_0 .net "SCLK", 0 0, o0000000006769ca8;  0 drivers
o0000000006769cd8 .functor BUFZ 1, C4<z>; HiZ drive
v00000000067d69d0_0 .net "SDI", 0 0, o0000000006769cd8;  0 drivers
o0000000006769d08 .functor BUFZ 1, C4<z>; HiZ drive
v00000000067d6a70_0 .net "SDO", 0 0, o0000000006769d08;  0 drivers
S_00000000064d4530 .scope module, "SB_PLL40_PAD" "SB_PLL40_PAD" 2 2456;
 .timescale -12 -12;
    .port_info 0 /INPUT 1 "PACKAGEPIN";
    .port_info 1 /OUTPUT 1 "PLLOUTCORE";
    .port_info 2 /OUTPUT 1 "PLLOUTGLOBAL";
    .port_info 3 /INPUT 1 "EXTFEEDBACK";
    .port_info 4 /INPUT 8 "DYNAMICDELAY";
    .port_info 5 /OUTPUT 1 "LOCK";
    .port_info 6 /INPUT 1 "BYPASS";
    .port_info 7 /INPUT 1 "RESETB";
    .port_info 8 /INPUT 1 "LATCHINPUTVALUE";
    .port_info 9 /OUTPUT 1 "SDO";
    .port_info 10 /INPUT 1 "SDI";
    .port_info 11 /INPUT 1 "SCLK";
P_000000000644d890 .param/str "DELAY_ADJUSTMENT_MODE_FEEDBACK" 0 2 2471, "FIXED";
P_000000000644d8c8 .param/str "DELAY_ADJUSTMENT_MODE_RELATIVE" 0 2 2472, "FIXED";
P_000000000644d900 .param/l "DIVF" 0 2 2478, C4<0000000>;
P_000000000644d938 .param/l "DIVQ" 0 2 2479, C4<000>;
P_000000000644d970 .param/l "DIVR" 0 2 2477, C4<0000>;
P_000000000644d9a8 .param/l "ENABLE_ICEGATE" 0 2 2481, C4<0>;
P_000000000644d9e0 .param/l "EXTERNAL_DIVIDE_FACTOR" 0 2 2483, +C4<00000000000000000000000000000001>;
P_000000000644da18 .param/l "FDA_FEEDBACK" 0 2 2474, C4<0000>;
P_000000000644da50 .param/l "FDA_RELATIVE" 0 2 2475, C4<0000>;
P_000000000644da88 .param/str "FEEDBACK_PATH" 0 2 2470, "SIMPLE";
P_000000000644dac0 .param/l "FILTER_RANGE" 0 2 2480, C4<000>;
P_000000000644daf8 .param/str "PLLOUT_SELECT" 0 2 2476, "GENCLK";
P_000000000644db30 .param/l "SHIFTREG_DIV_MODE" 0 2 2473, C4<0>;
P_000000000644db68 .param/l "TEST_MODE" 0 2 2482, C4<0>;
o0000000006769f78 .functor BUFZ 1, C4<z>; HiZ drive
v00000000067d6cf0_0 .net "BYPASS", 0 0, o0000000006769f78;  0 drivers
o0000000006769fa8 .functor BUFZ 8, C4<zzzzzzzz>; HiZ drive
v00000000067d8050_0 .net "DYNAMICDELAY", 7 0, o0000000006769fa8;  0 drivers
o0000000006769fd8 .functor BUFZ 1, C4<z>; HiZ drive
v00000000067d8190_0 .net "EXTFEEDBACK", 0 0, o0000000006769fd8;  0 drivers
o000000000676a008 .functor BUFZ 1, C4<z>; HiZ drive
v00000000067d6e30_0 .net "LATCHINPUTVALUE", 0 0, o000000000676a008;  0 drivers
o000000000676a038 .functor BUFZ 1, C4<z>; HiZ drive
v00000000067d7510_0 .net "LOCK", 0 0, o000000000676a038;  0 drivers
o000000000676a068 .functor BUFZ 1, C4<z>; HiZ drive
v00000000067d7830_0 .net "PACKAGEPIN", 0 0, o000000000676a068;  0 drivers
o000000000676a098 .functor BUFZ 1, C4<z>; HiZ drive
v00000000067d7ab0_0 .net "PLLOUTCORE", 0 0, o000000000676a098;  0 drivers
o000000000676a0c8 .functor BUFZ 1, C4<z>; HiZ drive
v00000000067d7e70_0 .net "PLLOUTGLOBAL", 0 0, o000000000676a0c8;  0 drivers
o000000000676a0f8 .functor BUFZ 1, C4<z>; HiZ drive
v00000000067d7f10_0 .net "RESETB", 0 0, o000000000676a0f8;  0 drivers
o000000000676a128 .functor BUFZ 1, C4<z>; HiZ drive
v00000000067d8d70_0 .net "SCLK", 0 0, o000000000676a128;  0 drivers
o000000000676a158 .functor BUFZ 1, C4<z>; HiZ drive
v00000000067d8e10_0 .net "SDI", 0 0, o000000000676a158;  0 drivers
o000000000676a188 .functor BUFZ 1, C4<z>; HiZ drive
v00000000067d8c30_0 .net "SDO", 0 0, o000000000676a188;  0 drivers
S_00000000064d46c0 .scope module, "SB_RAM40_4KNR" "SB_RAM40_4KNR" 2 1726;
 .timescale -12 -12;
    .port_info 0 /OUTPUT 16 "RDATA";
    .port_info 1 /INPUT 1 "RCLKN";
    .port_info 2 /INPUT 1 "RCLKE";
    .port_info 3 /INPUT 1 "RE";
    .port_info 4 /INPUT 11 "RADDR";
    .port_info 5 /INPUT 1 "WCLK";
    .port_info 6 /INPUT 1 "WCLKE";
    .port_info 7 /INPUT 1 "WE";
    .port_info 8 /INPUT 11 "WADDR";
    .port_info 9 /INPUT 16 "MASK";
    .port_info 10 /INPUT 16 "WDATA";
P_000000000644bba0 .param/l "INIT_0" 0 2 1742, C4<0000000000000000000000000000000000000000000000000000000000000000000000000000000000000000000000000000000000000000000000000000000000000000000000000000000000000000000000000000000000000000000000000000000000000000000000000000000000000000000000000000000000000000>;
P_000000000644bbd8 .param/l "INIT_1" 0 2 1743, C4<0000000000000000000000000000000000000000000000000000000000000000000000000000000000000000000000000000000000000000000000000000000000000000000000000000000000000000000000000000000000000000000000000000000000000000000000000000000000000000000000000000000000000000>;
P_000000000644bc10 .param/l "INIT_2" 0 2 1744, C4<0000000000000000000000000000000000000000000000000000000000000000000000000000000000000000000000000000000000000000000000000000000000000000000000000000000000000000000000000000000000000000000000000000000000000000000000000000000000000000000000000000000000000000>;
P_000000000644bc48 .param/l "INIT_3" 0 2 1745, C4<0000000000000000000000000000000000000000000000000000000000000000000000000000000000000000000000000000000000000000000000000000000000000000000000000000000000000000000000000000000000000000000000000000000000000000000000000000000000000000000000000000000000000000>;
P_000000000644bc80 .param/l "INIT_4" 0 2 1746, C4<0000000000000000000000000000000000000000000000000000000000000000000000000000000000000000000000000000000000000000000000000000000000000000000000000000000000000000000000000000000000000000000000000000000000000000000000000000000000000000000000000000000000000000>;
P_000000000644bcb8 .param/l "INIT_5" 0 2 1747, C4<0000000000000000000000000000000000000000000000000000000000000000000000000000000000000000000000000000000000000000000000000000000000000000000000000000000000000000000000000000000000000000000000000000000000000000000000000000000000000000000000000000000000000000>;
P_000000000644bcf0 .param/l "INIT_6" 0 2 1748, C4<0000000000000000000000000000000000000000000000000000000000000000000000000000000000000000000000000000000000000000000000000000000000000000000000000000000000000000000000000000000000000000000000000000000000000000000000000000000000000000000000000000000000000000>;
P_000000000644bd28 .param/l "INIT_7" 0 2 1749, C4<0000000000000000000000000000000000000000000000000000000000000000000000000000000000000000000000000000000000000000000000000000000000000000000000000000000000000000000000000000000000000000000000000000000000000000000000000000000000000000000000000000000000000000>;
P_000000000644bd60 .param/l "INIT_8" 0 2 1750, C4<0000000000000000000000000000000000000000000000000000000000000000000000000000000000000000000000000000000000000000000000000000000000000000000000000000000000000000000000000000000000000000000000000000000000000000000000000000000000000000000000000000000000000000>;
P_000000000644bd98 .param/l "INIT_9" 0 2 1751, C4<0000000000000000000000000000000000000000000000000000000000000000000000000000000000000000000000000000000000000000000000000000000000000000000000000000000000000000000000000000000000000000000000000000000000000000000000000000000000000000000000000000000000000000>;
P_000000000644bdd0 .param/l "INIT_A" 0 2 1752, C4<0000000000000000000000000000000000000000000000000000000000000000000000000000000000000000000000000000000000000000000000000000000000000000000000000000000000000000000000000000000000000000000000000000000000000000000000000000000000000000000000000000000000000000>;
P_000000000644be08 .param/l "INIT_B" 0 2 1753, C4<0000000000000000000000000000000000000000000000000000000000000000000000000000000000000000000000000000000000000000000000000000000000000000000000000000000000000000000000000000000000000000000000000000000000000000000000000000000000000000000000000000000000000000>;
P_000000000644be40 .param/l "INIT_C" 0 2 1754, C4<0000000000000000000000000000000000000000000000000000000000000000000000000000000000000000000000000000000000000000000000000000000000000000000000000000000000000000000000000000000000000000000000000000000000000000000000000000000000000000000000000000000000000000>;
P_000000000644be78 .param/l "INIT_D" 0 2 1755, C4<0000000000000000000000000000000000000000000000000000000000000000000000000000000000000000000000000000000000000000000000000000000000000000000000000000000000000000000000000000000000000000000000000000000000000000000000000000000000000000000000000000000000000000>;
P_000000000644beb0 .param/l "INIT_E" 0 2 1756, C4<0000000000000000000000000000000000000000000000000000000000000000000000000000000000000000000000000000000000000000000000000000000000000000000000000000000000000000000000000000000000000000000000000000000000000000000000000000000000000000000000000000000000000000>;
P_000000000644bee8 .param/l "INIT_F" 0 2 1757, C4<0000000000000000000000000000000000000000000000000000000000000000000000000000000000000000000000000000000000000000000000000000000000000000000000000000000000000000000000000000000000000000000000000000000000000000000000000000000000000000000000000000000000000000>;
P_000000000644bf20 .param/str "INIT_FILE" 0 2 1759, "\000";
P_000000000644bf58 .param/l "READ_MODE" 0 2 1740, +C4<00000000000000000000000000000000>;
P_000000000644bf90 .param/l "WRITE_MODE" 0 2 1739, +C4<00000000000000000000000000000000>;
o000000000676a908 .functor BUFZ 1, C4<z>; HiZ drive
L_0000000006581fe0 .functor NOT 1, o000000000676a908, C4<0>, C4<0>, C4<0>;
o000000000676a3f8 .functor BUFZ 16, C4<zzzzzzzzzzzzzzzz>; HiZ drive
v00000000067dd390_0 .net "MASK", 15 0, o000000000676a3f8;  0 drivers
o000000000676a428 .functor BUFZ 11, C4<zzzzzzzzzzz>; HiZ drive
v00000000067dc210_0 .net "RADDR", 10 0, o000000000676a428;  0 drivers
o000000000676a488 .functor BUFZ 1, C4<z>; HiZ drive
v00000000067dc5d0_0 .net "RCLKE", 0 0, o000000000676a488;  0 drivers
v00000000067dc670_0 .net "RCLKN", 0 0, o000000000676a908;  0 drivers
v00000000067dd570_0 .net "RDATA", 15 0, L_00000000064cc1f0;  1 drivers
o000000000676a518 .functor BUFZ 1, C4<z>; HiZ drive
v00000000067dbe50_0 .net "RE", 0 0, o000000000676a518;  0 drivers
o000000000676a578 .functor BUFZ 11, C4<zzzzzzzzzzz>; HiZ drive
v00000000067dc990_0 .net "WADDR", 10 0, o000000000676a578;  0 drivers
o000000000676a5a8 .functor BUFZ 1, C4<z>; HiZ drive
v00000000067dca30_0 .net "WCLK", 0 0, o000000000676a5a8;  0 drivers
o000000000676a5d8 .functor BUFZ 1, C4<z>; HiZ drive
v00000000067db090_0 .net "WCLKE", 0 0, o000000000676a5d8;  0 drivers
o000000000676a608 .functor BUFZ 16, C4<zzzzzzzzzzzzzzzz>; HiZ drive
v00000000067dbef0_0 .net "WDATA", 15 0, o000000000676a608;  0 drivers
o000000000676a668 .functor BUFZ 1, C4<z>; HiZ drive
v00000000067db130_0 .net "WE", 0 0, o000000000676a668;  0 drivers
S_00000000065b5da0 .scope module, "RAM" "SB_RAM40_4K" 2 1781, 2 1487 0, S_00000000064d46c0;
 .timescale -12 -12;
    .port_info 0 /OUTPUT 16 "RDATA";
    .port_info 1 /INPUT 1 "RCLK";
    .port_info 2 /INPUT 1 "RCLKE";
    .port_info 3 /INPUT 1 "RE";
    .port_info 4 /INPUT 11 "RADDR";
    .port_info 5 /INPUT 1 "WCLK";
    .port_info 6 /INPUT 1 "WCLKE";
    .port_info 7 /INPUT 1 "WE";
    .port_info 8 /INPUT 11 "WADDR";
    .port_info 9 /INPUT 16 "MASK";
    .port_info 10 /INPUT 16 "WDATA";
P_00000000064dae20 .param/l "INIT_0" 0 2 1507, C4<0000000000000000000000000000000000000000000000000000000000000000000000000000000000000000000000000000000000000000000000000000000000000000000000000000000000000000000000000000000000000000000000000000000000000000000000000000000000000000000000000000000000000000>;
P_00000000064dae58 .param/l "INIT_1" 0 2 1508, C4<0000000000000000000000000000000000000000000000000000000000000000000000000000000000000000000000000000000000000000000000000000000000000000000000000000000000000000000000000000000000000000000000000000000000000000000000000000000000000000000000000000000000000000>;
P_00000000064dae90 .param/l "INIT_2" 0 2 1509, C4<0000000000000000000000000000000000000000000000000000000000000000000000000000000000000000000000000000000000000000000000000000000000000000000000000000000000000000000000000000000000000000000000000000000000000000000000000000000000000000000000000000000000000000>;
P_00000000064daec8 .param/l "INIT_3" 0 2 1510, C4<0000000000000000000000000000000000000000000000000000000000000000000000000000000000000000000000000000000000000000000000000000000000000000000000000000000000000000000000000000000000000000000000000000000000000000000000000000000000000000000000000000000000000000>;
P_00000000064daf00 .param/l "INIT_4" 0 2 1511, C4<0000000000000000000000000000000000000000000000000000000000000000000000000000000000000000000000000000000000000000000000000000000000000000000000000000000000000000000000000000000000000000000000000000000000000000000000000000000000000000000000000000000000000000>;
P_00000000064daf38 .param/l "INIT_5" 0 2 1512, C4<0000000000000000000000000000000000000000000000000000000000000000000000000000000000000000000000000000000000000000000000000000000000000000000000000000000000000000000000000000000000000000000000000000000000000000000000000000000000000000000000000000000000000000>;
P_00000000064daf70 .param/l "INIT_6" 0 2 1513, C4<0000000000000000000000000000000000000000000000000000000000000000000000000000000000000000000000000000000000000000000000000000000000000000000000000000000000000000000000000000000000000000000000000000000000000000000000000000000000000000000000000000000000000000>;
P_00000000064dafa8 .param/l "INIT_7" 0 2 1514, C4<0000000000000000000000000000000000000000000000000000000000000000000000000000000000000000000000000000000000000000000000000000000000000000000000000000000000000000000000000000000000000000000000000000000000000000000000000000000000000000000000000000000000000000>;
P_00000000064dafe0 .param/l "INIT_8" 0 2 1515, C4<0000000000000000000000000000000000000000000000000000000000000000000000000000000000000000000000000000000000000000000000000000000000000000000000000000000000000000000000000000000000000000000000000000000000000000000000000000000000000000000000000000000000000000>;
P_00000000064db018 .param/l "INIT_9" 0 2 1516, C4<0000000000000000000000000000000000000000000000000000000000000000000000000000000000000000000000000000000000000000000000000000000000000000000000000000000000000000000000000000000000000000000000000000000000000000000000000000000000000000000000000000000000000000>;
P_00000000064db050 .param/l "INIT_A" 0 2 1517, C4<0000000000000000000000000000000000000000000000000000000000000000000000000000000000000000000000000000000000000000000000000000000000000000000000000000000000000000000000000000000000000000000000000000000000000000000000000000000000000000000000000000000000000000>;
P_00000000064db088 .param/l "INIT_B" 0 2 1518, C4<0000000000000000000000000000000000000000000000000000000000000000000000000000000000000000000000000000000000000000000000000000000000000000000000000000000000000000000000000000000000000000000000000000000000000000000000000000000000000000000000000000000000000000>;
P_00000000064db0c0 .param/l "INIT_C" 0 2 1519, C4<0000000000000000000000000000000000000000000000000000000000000000000000000000000000000000000000000000000000000000000000000000000000000000000000000000000000000000000000000000000000000000000000000000000000000000000000000000000000000000000000000000000000000000>;
P_00000000064db0f8 .param/l "INIT_D" 0 2 1520, C4<0000000000000000000000000000000000000000000000000000000000000000000000000000000000000000000000000000000000000000000000000000000000000000000000000000000000000000000000000000000000000000000000000000000000000000000000000000000000000000000000000000000000000000>;
P_00000000064db130 .param/l "INIT_E" 0 2 1521, C4<0000000000000000000000000000000000000000000000000000000000000000000000000000000000000000000000000000000000000000000000000000000000000000000000000000000000000000000000000000000000000000000000000000000000000000000000000000000000000000000000000000000000000000>;
P_00000000064db168 .param/l "INIT_F" 0 2 1522, C4<0000000000000000000000000000000000000000000000000000000000000000000000000000000000000000000000000000000000000000000000000000000000000000000000000000000000000000000000000000000000000000000000000000000000000000000000000000000000000000000000000000000000000000>;
P_00000000064db1a0 .param/str "INIT_FILE" 0 2 1524, "\000";
P_00000000064db1d8 .param/l "READ_MODE" 0 2 1505, +C4<00000000000000000000000000000000>;
P_00000000064db210 .param/l "WRITE_MODE" 0 2 1504, +C4<00000000000000000000000000000000>;
v00000000067d8f50_0 .net "MASK", 15 0, o000000000676a3f8;  alias, 0 drivers
v00000000067d8af0_0 .net "RADDR", 10 0, o000000000676a428;  alias, 0 drivers
v00000000067d8870_0 .net "RCLK", 0 0, L_0000000006581fe0;  1 drivers
v00000000067d8b90_0 .net "RCLKE", 0 0, o000000000676a488;  alias, 0 drivers
v00000000067d8eb0_0 .net "RDATA", 15 0, L_00000000064cc1f0;  alias, 1 drivers
v00000000067d8a50_0 .var "RDATA_I", 15 0;
v00000000067d8910_0 .net "RE", 0 0, o000000000676a518;  alias, 0 drivers
L_00000000067fa3a0 .functor BUFT 1, C4<0000000000000000>, C4<0>, C4<0>, C4<0>;
v00000000067d89b0_0 .net "RMASK_I", 15 0, L_00000000067fa3a0;  1 drivers
v00000000067d8cd0_0 .net "WADDR", 10 0, o000000000676a578;  alias, 0 drivers
v00000000067dcc10_0 .net "WCLK", 0 0, o000000000676a5a8;  alias, 0 drivers
v00000000067dc490_0 .net "WCLKE", 0 0, o000000000676a5d8;  alias, 0 drivers
v00000000067dd610_0 .net "WDATA", 15 0, o000000000676a608;  alias, 0 drivers
v00000000067dc850_0 .net "WDATA_I", 15 0, L_00000000064cc650;  1 drivers
v00000000067dd7f0_0 .net "WE", 0 0, o000000000676a668;  alias, 0 drivers
v00000000067dd6b0_0 .net "WMASK_I", 15 0, L_00000000064fbac0;  1 drivers
v00000000067dcf30_0 .var/i "i", 31 0;
v00000000067dd250 .array "memory", 255 0, 15 0;
E_000000000670dce0 .event posedge, v00000000067d8870_0;
E_000000000670db60 .event posedge, v00000000067dcc10_0;
S_00000000065b63e0 .scope generate, "genblk1" "genblk1" 2 1534, 2 1534 0, S_00000000065b5da0;
 .timescale -12 -12;
L_00000000064fbac0 .functor BUFZ 16, o000000000676a3f8, C4<0000000000000000>, C4<0000000000000000>, C4<0000000000000000>;
S_00000000065b5f30 .scope generate, "genblk2" "genblk2" 2 1555, 2 1555 0, S_00000000065b5da0;
 .timescale -12 -12;
S_00000000067d9cf0 .scope generate, "genblk3" "genblk3" 2 1576, 2 1576 0, S_00000000065b5da0;
 .timescale -12 -12;
L_00000000064cc650 .functor BUFZ 16, o000000000676a608, C4<0000000000000000>, C4<0000000000000000>, C4<0000000000000000>;
S_00000000067da1a0 .scope generate, "genblk4" "genblk4" 2 1595, 2 1595 0, S_00000000065b5da0;
 .timescale -12 -12;
L_00000000064cc1f0 .functor BUFZ 16, v00000000067d8a50_0, C4<0000000000000000>, C4<0000000000000000>, C4<0000000000000000>;
S_00000000064d5660 .scope module, "SB_RAM40_4KNRNW" "SB_RAM40_4KNRNW" 2 1998;
 .timescale -12 -12;
    .port_info 0 /OUTPUT 16 "RDATA";
    .port_info 1 /INPUT 1 "RCLKN";
    .port_info 2 /INPUT 1 "RCLKE";
    .port_info 3 /INPUT 1 "RE";
    .port_info 4 /INPUT 11 "RADDR";
    .port_info 5 /INPUT 1 "WCLKN";
    .port_info 6 /INPUT 1 "WCLKE";
    .port_info 7 /INPUT 1 "WE";
    .port_info 8 /INPUT 11 "WADDR";
    .port_info 9 /INPUT 16 "MASK";
    .port_info 10 /INPUT 16 "WDATA";
P_000000000644b620 .param/l "INIT_0" 0 2 2014, C4<0000000000000000000000000000000000000000000000000000000000000000000000000000000000000000000000000000000000000000000000000000000000000000000000000000000000000000000000000000000000000000000000000000000000000000000000000000000000000000000000000000000000000000>;
P_000000000644b658 .param/l "INIT_1" 0 2 2015, C4<0000000000000000000000000000000000000000000000000000000000000000000000000000000000000000000000000000000000000000000000000000000000000000000000000000000000000000000000000000000000000000000000000000000000000000000000000000000000000000000000000000000000000000>;
P_000000000644b690 .param/l "INIT_2" 0 2 2016, C4<0000000000000000000000000000000000000000000000000000000000000000000000000000000000000000000000000000000000000000000000000000000000000000000000000000000000000000000000000000000000000000000000000000000000000000000000000000000000000000000000000000000000000000>;
P_000000000644b6c8 .param/l "INIT_3" 0 2 2017, C4<0000000000000000000000000000000000000000000000000000000000000000000000000000000000000000000000000000000000000000000000000000000000000000000000000000000000000000000000000000000000000000000000000000000000000000000000000000000000000000000000000000000000000000>;
P_000000000644b700 .param/l "INIT_4" 0 2 2018, C4<0000000000000000000000000000000000000000000000000000000000000000000000000000000000000000000000000000000000000000000000000000000000000000000000000000000000000000000000000000000000000000000000000000000000000000000000000000000000000000000000000000000000000000>;
P_000000000644b738 .param/l "INIT_5" 0 2 2019, C4<0000000000000000000000000000000000000000000000000000000000000000000000000000000000000000000000000000000000000000000000000000000000000000000000000000000000000000000000000000000000000000000000000000000000000000000000000000000000000000000000000000000000000000>;
P_000000000644b770 .param/l "INIT_6" 0 2 2020, C4<0000000000000000000000000000000000000000000000000000000000000000000000000000000000000000000000000000000000000000000000000000000000000000000000000000000000000000000000000000000000000000000000000000000000000000000000000000000000000000000000000000000000000000>;
P_000000000644b7a8 .param/l "INIT_7" 0 2 2021, C4<0000000000000000000000000000000000000000000000000000000000000000000000000000000000000000000000000000000000000000000000000000000000000000000000000000000000000000000000000000000000000000000000000000000000000000000000000000000000000000000000000000000000000000>;
P_000000000644b7e0 .param/l "INIT_8" 0 2 2022, C4<0000000000000000000000000000000000000000000000000000000000000000000000000000000000000000000000000000000000000000000000000000000000000000000000000000000000000000000000000000000000000000000000000000000000000000000000000000000000000000000000000000000000000000>;
P_000000000644b818 .param/l "INIT_9" 0 2 2023, C4<0000000000000000000000000000000000000000000000000000000000000000000000000000000000000000000000000000000000000000000000000000000000000000000000000000000000000000000000000000000000000000000000000000000000000000000000000000000000000000000000000000000000000000>;
P_000000000644b850 .param/l "INIT_A" 0 2 2024, C4<0000000000000000000000000000000000000000000000000000000000000000000000000000000000000000000000000000000000000000000000000000000000000000000000000000000000000000000000000000000000000000000000000000000000000000000000000000000000000000000000000000000000000000>;
P_000000000644b888 .param/l "INIT_B" 0 2 2025, C4<0000000000000000000000000000000000000000000000000000000000000000000000000000000000000000000000000000000000000000000000000000000000000000000000000000000000000000000000000000000000000000000000000000000000000000000000000000000000000000000000000000000000000000>;
P_000000000644b8c0 .param/l "INIT_C" 0 2 2026, C4<0000000000000000000000000000000000000000000000000000000000000000000000000000000000000000000000000000000000000000000000000000000000000000000000000000000000000000000000000000000000000000000000000000000000000000000000000000000000000000000000000000000000000000>;
P_000000000644b8f8 .param/l "INIT_D" 0 2 2027, C4<0000000000000000000000000000000000000000000000000000000000000000000000000000000000000000000000000000000000000000000000000000000000000000000000000000000000000000000000000000000000000000000000000000000000000000000000000000000000000000000000000000000000000000>;
P_000000000644b930 .param/l "INIT_E" 0 2 2028, C4<0000000000000000000000000000000000000000000000000000000000000000000000000000000000000000000000000000000000000000000000000000000000000000000000000000000000000000000000000000000000000000000000000000000000000000000000000000000000000000000000000000000000000000>;
P_000000000644b968 .param/l "INIT_F" 0 2 2029, C4<0000000000000000000000000000000000000000000000000000000000000000000000000000000000000000000000000000000000000000000000000000000000000000000000000000000000000000000000000000000000000000000000000000000000000000000000000000000000000000000000000000000000000000>;
P_000000000644b9a0 .param/str "INIT_FILE" 0 2 2031, "\000";
P_000000000644b9d8 .param/l "READ_MODE" 0 2 2012, +C4<00000000000000000000000000000000>;
P_000000000644ba10 .param/l "WRITE_MODE" 0 2 2011, +C4<00000000000000000000000000000000>;
o000000000676b058 .functor BUFZ 1, C4<z>; HiZ drive
L_000000000685cc40 .functor NOT 1, o000000000676b058, C4<0>, C4<0>, C4<0>;
o000000000676b088 .functor BUFZ 1, C4<z>; HiZ drive
L_000000000685c770 .functor NOT 1, o000000000676b088, C4<0>, C4<0>, C4<0>;
o000000000676ab48 .functor BUFZ 16, C4<zzzzzzzzzzzzzzzz>; HiZ drive
v00000000067dc3f0_0 .net "MASK", 15 0, o000000000676ab48;  0 drivers
o000000000676ab78 .functor BUFZ 11, C4<zzzzzzzzzzz>; HiZ drive
v00000000067db4f0_0 .net "RADDR", 10 0, o000000000676ab78;  0 drivers
o000000000676abd8 .functor BUFZ 1, C4<z>; HiZ drive
v00000000067dc7b0_0 .net "RCLKE", 0 0, o000000000676abd8;  0 drivers
v00000000067db770_0 .net "RCLKN", 0 0, o000000000676b058;  0 drivers
v00000000067db810_0 .net "RDATA", 15 0, L_000000000685c380;  1 drivers
o000000000676ac68 .functor BUFZ 1, C4<z>; HiZ drive
v00000000067db9f0_0 .net "RE", 0 0, o000000000676ac68;  0 drivers
o000000000676acc8 .functor BUFZ 11, C4<zzzzzzzzzzz>; HiZ drive
v00000000067dccb0_0 .net "WADDR", 10 0, o000000000676acc8;  0 drivers
o000000000676ad28 .functor BUFZ 1, C4<z>; HiZ drive
v00000000067dba90_0 .net "WCLKE", 0 0, o000000000676ad28;  0 drivers
v00000000067dc530_0 .net "WCLKN", 0 0, o000000000676b088;  0 drivers
o000000000676ad58 .functor BUFZ 16, C4<zzzzzzzzzzzzzzzz>; HiZ drive
v00000000067dcdf0_0 .net "WDATA", 15 0, o000000000676ad58;  0 drivers
o000000000676adb8 .functor BUFZ 1, C4<z>; HiZ drive
v00000000067dcd50_0 .net "WE", 0 0, o000000000676adb8;  0 drivers
S_00000000067da650 .scope module, "RAM" "SB_RAM40_4K" 2 2053, 2 1487 0, S_00000000064d5660;
 .timescale -12 -12;
    .port_info 0 /OUTPUT 16 "RDATA";
    .port_info 1 /INPUT 1 "RCLK";
    .port_info 2 /INPUT 1 "RCLKE";
    .port_info 3 /INPUT 1 "RE";
    .port_info 4 /INPUT 11 "RADDR";
    .port_info 5 /INPUT 1 "WCLK";
    .port_info 6 /INPUT 1 "WCLKE";
    .port_info 7 /INPUT 1 "WE";
    .port_info 8 /INPUT 11 "WADDR";
    .port_info 9 /INPUT 16 "MASK";
    .port_info 10 /INPUT 16 "WDATA";
P_00000000065bc750 .param/l "INIT_0" 0 2 1507, C4<0000000000000000000000000000000000000000000000000000000000000000000000000000000000000000000000000000000000000000000000000000000000000000000000000000000000000000000000000000000000000000000000000000000000000000000000000000000000000000000000000000000000000000>;
P_00000000065bc788 .param/l "INIT_1" 0 2 1508, C4<0000000000000000000000000000000000000000000000000000000000000000000000000000000000000000000000000000000000000000000000000000000000000000000000000000000000000000000000000000000000000000000000000000000000000000000000000000000000000000000000000000000000000000>;
P_00000000065bc7c0 .param/l "INIT_2" 0 2 1509, C4<0000000000000000000000000000000000000000000000000000000000000000000000000000000000000000000000000000000000000000000000000000000000000000000000000000000000000000000000000000000000000000000000000000000000000000000000000000000000000000000000000000000000000000>;
P_00000000065bc7f8 .param/l "INIT_3" 0 2 1510, C4<0000000000000000000000000000000000000000000000000000000000000000000000000000000000000000000000000000000000000000000000000000000000000000000000000000000000000000000000000000000000000000000000000000000000000000000000000000000000000000000000000000000000000000>;
P_00000000065bc830 .param/l "INIT_4" 0 2 1511, C4<0000000000000000000000000000000000000000000000000000000000000000000000000000000000000000000000000000000000000000000000000000000000000000000000000000000000000000000000000000000000000000000000000000000000000000000000000000000000000000000000000000000000000000>;
P_00000000065bc868 .param/l "INIT_5" 0 2 1512, C4<0000000000000000000000000000000000000000000000000000000000000000000000000000000000000000000000000000000000000000000000000000000000000000000000000000000000000000000000000000000000000000000000000000000000000000000000000000000000000000000000000000000000000000>;
P_00000000065bc8a0 .param/l "INIT_6" 0 2 1513, C4<0000000000000000000000000000000000000000000000000000000000000000000000000000000000000000000000000000000000000000000000000000000000000000000000000000000000000000000000000000000000000000000000000000000000000000000000000000000000000000000000000000000000000000>;
P_00000000065bc8d8 .param/l "INIT_7" 0 2 1514, C4<0000000000000000000000000000000000000000000000000000000000000000000000000000000000000000000000000000000000000000000000000000000000000000000000000000000000000000000000000000000000000000000000000000000000000000000000000000000000000000000000000000000000000000>;
P_00000000065bc910 .param/l "INIT_8" 0 2 1515, C4<0000000000000000000000000000000000000000000000000000000000000000000000000000000000000000000000000000000000000000000000000000000000000000000000000000000000000000000000000000000000000000000000000000000000000000000000000000000000000000000000000000000000000000>;
P_00000000065bc948 .param/l "INIT_9" 0 2 1516, C4<0000000000000000000000000000000000000000000000000000000000000000000000000000000000000000000000000000000000000000000000000000000000000000000000000000000000000000000000000000000000000000000000000000000000000000000000000000000000000000000000000000000000000000>;
P_00000000065bc980 .param/l "INIT_A" 0 2 1517, C4<0000000000000000000000000000000000000000000000000000000000000000000000000000000000000000000000000000000000000000000000000000000000000000000000000000000000000000000000000000000000000000000000000000000000000000000000000000000000000000000000000000000000000000>;
P_00000000065bc9b8 .param/l "INIT_B" 0 2 1518, C4<0000000000000000000000000000000000000000000000000000000000000000000000000000000000000000000000000000000000000000000000000000000000000000000000000000000000000000000000000000000000000000000000000000000000000000000000000000000000000000000000000000000000000000>;
P_00000000065bc9f0 .param/l "INIT_C" 0 2 1519, C4<0000000000000000000000000000000000000000000000000000000000000000000000000000000000000000000000000000000000000000000000000000000000000000000000000000000000000000000000000000000000000000000000000000000000000000000000000000000000000000000000000000000000000000>;
P_00000000065bca28 .param/l "INIT_D" 0 2 1520, C4<0000000000000000000000000000000000000000000000000000000000000000000000000000000000000000000000000000000000000000000000000000000000000000000000000000000000000000000000000000000000000000000000000000000000000000000000000000000000000000000000000000000000000000>;
P_00000000065bca60 .param/l "INIT_E" 0 2 1521, C4<0000000000000000000000000000000000000000000000000000000000000000000000000000000000000000000000000000000000000000000000000000000000000000000000000000000000000000000000000000000000000000000000000000000000000000000000000000000000000000000000000000000000000000>;
P_00000000065bca98 .param/l "INIT_F" 0 2 1522, C4<0000000000000000000000000000000000000000000000000000000000000000000000000000000000000000000000000000000000000000000000000000000000000000000000000000000000000000000000000000000000000000000000000000000000000000000000000000000000000000000000000000000000000000>;
P_00000000065bcad0 .param/str "INIT_FILE" 0 2 1524, "\000";
P_00000000065bcb08 .param/l "READ_MODE" 0 2 1505, +C4<00000000000000000000000000000000>;
P_00000000065bcb40 .param/l "WRITE_MODE" 0 2 1504, +C4<00000000000000000000000000000000>;
v00000000067db590_0 .net "MASK", 15 0, o000000000676ab48;  alias, 0 drivers
v00000000067db450_0 .net "RADDR", 10 0, o000000000676ab78;  alias, 0 drivers
v00000000067db1d0_0 .net "RCLK", 0 0, L_000000000685cc40;  1 drivers
v00000000067dc2b0_0 .net "RCLKE", 0 0, o000000000676abd8;  alias, 0 drivers
v00000000067db630_0 .net "RDATA", 15 0, L_000000000685c380;  alias, 1 drivers
v00000000067dc350_0 .var "RDATA_I", 15 0;
v00000000067db950_0 .net "RE", 0 0, o000000000676ac68;  alias, 0 drivers
L_00000000067fa3e8 .functor BUFT 1, C4<0000000000000000>, C4<0>, C4<0>, C4<0>;
v00000000067dd4d0_0 .net "RMASK_I", 15 0, L_00000000067fa3e8;  1 drivers
v00000000067dd430_0 .net "WADDR", 10 0, o000000000676acc8;  alias, 0 drivers
v00000000067db270_0 .net "WCLK", 0 0, L_000000000685c770;  1 drivers
v00000000067db8b0_0 .net "WCLKE", 0 0, o000000000676ad28;  alias, 0 drivers
v00000000067db6d0_0 .net "WDATA", 15 0, o000000000676ad58;  alias, 0 drivers
v00000000067dcad0_0 .net "WDATA_I", 15 0, L_000000000685db90;  1 drivers
v00000000067dd750_0 .net "WE", 0 0, o000000000676adb8;  alias, 0 drivers
v00000000067dcb70_0 .net "WMASK_I", 15 0, L_000000000685d500;  1 drivers
v00000000067db310_0 .var/i "i", 31 0;
v00000000067db3b0 .array "memory", 255 0, 15 0;
E_000000000670dba0 .event posedge, v00000000067db1d0_0;
E_000000000670dc60 .event posedge, v00000000067db270_0;
S_00000000067d9520 .scope generate, "genblk1" "genblk1" 2 1534, 2 1534 0, S_00000000067da650;
 .timescale -12 -12;
L_000000000685d500 .functor BUFZ 16, o000000000676ab48, C4<0000000000000000>, C4<0000000000000000>, C4<0000000000000000>;
S_00000000067da7e0 .scope generate, "genblk2" "genblk2" 2 1555, 2 1555 0, S_00000000067da650;
 .timescale -12 -12;
S_00000000067da4c0 .scope generate, "genblk3" "genblk3" 2 1576, 2 1576 0, S_00000000067da650;
 .timescale -12 -12;
L_000000000685db90 .functor BUFZ 16, o000000000676ad58, C4<0000000000000000>, C4<0000000000000000>, C4<0000000000000000>;
S_00000000067d96b0 .scope generate, "genblk4" "genblk4" 2 1595, 2 1595 0, S_00000000067da650;
 .timescale -12 -12;
L_000000000685c380 .functor BUFZ 16, v00000000067dc350_0, C4<0000000000000000>, C4<0000000000000000>, C4<0000000000000000>;
S_00000000064d49e0 .scope module, "SB_RAM40_4KNW" "SB_RAM40_4KNW" 2 1862;
 .timescale -12 -12;
    .port_info 0 /OUTPUT 16 "RDATA";
    .port_info 1 /INPUT 1 "RCLK";
    .port_info 2 /INPUT 1 "RCLKE";
    .port_info 3 /INPUT 1 "RE";
    .port_info 4 /INPUT 11 "RADDR";
    .port_info 5 /INPUT 1 "WCLKN";
    .port_info 6 /INPUT 1 "WCLKE";
    .port_info 7 /INPUT 1 "WE";
    .port_info 8 /INPUT 11 "WADDR";
    .port_info 9 /INPUT 16 "MASK";
    .port_info 10 /INPUT 16 "WDATA";
P_0000000006402d20 .param/l "INIT_0" 0 2 1878, C4<0000000000000000000000000000000000000000000000000000000000000000000000000000000000000000000000000000000000000000000000000000000000000000000000000000000000000000000000000000000000000000000000000000000000000000000000000000000000000000000000000000000000000000>;
P_0000000006402d58 .param/l "INIT_1" 0 2 1879, C4<0000000000000000000000000000000000000000000000000000000000000000000000000000000000000000000000000000000000000000000000000000000000000000000000000000000000000000000000000000000000000000000000000000000000000000000000000000000000000000000000000000000000000000>;
P_0000000006402d90 .param/l "INIT_2" 0 2 1880, C4<0000000000000000000000000000000000000000000000000000000000000000000000000000000000000000000000000000000000000000000000000000000000000000000000000000000000000000000000000000000000000000000000000000000000000000000000000000000000000000000000000000000000000000>;
P_0000000006402dc8 .param/l "INIT_3" 0 2 1881, C4<0000000000000000000000000000000000000000000000000000000000000000000000000000000000000000000000000000000000000000000000000000000000000000000000000000000000000000000000000000000000000000000000000000000000000000000000000000000000000000000000000000000000000000>;
P_0000000006402e00 .param/l "INIT_4" 0 2 1882, C4<0000000000000000000000000000000000000000000000000000000000000000000000000000000000000000000000000000000000000000000000000000000000000000000000000000000000000000000000000000000000000000000000000000000000000000000000000000000000000000000000000000000000000000>;
P_0000000006402e38 .param/l "INIT_5" 0 2 1883, C4<0000000000000000000000000000000000000000000000000000000000000000000000000000000000000000000000000000000000000000000000000000000000000000000000000000000000000000000000000000000000000000000000000000000000000000000000000000000000000000000000000000000000000000>;
P_0000000006402e70 .param/l "INIT_6" 0 2 1884, C4<0000000000000000000000000000000000000000000000000000000000000000000000000000000000000000000000000000000000000000000000000000000000000000000000000000000000000000000000000000000000000000000000000000000000000000000000000000000000000000000000000000000000000000>;
P_0000000006402ea8 .param/l "INIT_7" 0 2 1885, C4<0000000000000000000000000000000000000000000000000000000000000000000000000000000000000000000000000000000000000000000000000000000000000000000000000000000000000000000000000000000000000000000000000000000000000000000000000000000000000000000000000000000000000000>;
P_0000000006402ee0 .param/l "INIT_8" 0 2 1886, C4<0000000000000000000000000000000000000000000000000000000000000000000000000000000000000000000000000000000000000000000000000000000000000000000000000000000000000000000000000000000000000000000000000000000000000000000000000000000000000000000000000000000000000000>;
P_0000000006402f18 .param/l "INIT_9" 0 2 1887, C4<0000000000000000000000000000000000000000000000000000000000000000000000000000000000000000000000000000000000000000000000000000000000000000000000000000000000000000000000000000000000000000000000000000000000000000000000000000000000000000000000000000000000000000>;
P_0000000006402f50 .param/l "INIT_A" 0 2 1888, C4<0000000000000000000000000000000000000000000000000000000000000000000000000000000000000000000000000000000000000000000000000000000000000000000000000000000000000000000000000000000000000000000000000000000000000000000000000000000000000000000000000000000000000000>;
P_0000000006402f88 .param/l "INIT_B" 0 2 1889, C4<0000000000000000000000000000000000000000000000000000000000000000000000000000000000000000000000000000000000000000000000000000000000000000000000000000000000000000000000000000000000000000000000000000000000000000000000000000000000000000000000000000000000000000>;
P_0000000006402fc0 .param/l "INIT_C" 0 2 1890, C4<0000000000000000000000000000000000000000000000000000000000000000000000000000000000000000000000000000000000000000000000000000000000000000000000000000000000000000000000000000000000000000000000000000000000000000000000000000000000000000000000000000000000000000>;
P_0000000006402ff8 .param/l "INIT_D" 0 2 1891, C4<0000000000000000000000000000000000000000000000000000000000000000000000000000000000000000000000000000000000000000000000000000000000000000000000000000000000000000000000000000000000000000000000000000000000000000000000000000000000000000000000000000000000000000>;
P_0000000006403030 .param/l "INIT_E" 0 2 1892, C4<0000000000000000000000000000000000000000000000000000000000000000000000000000000000000000000000000000000000000000000000000000000000000000000000000000000000000000000000000000000000000000000000000000000000000000000000000000000000000000000000000000000000000000>;
P_0000000006403068 .param/l "INIT_F" 0 2 1893, C4<0000000000000000000000000000000000000000000000000000000000000000000000000000000000000000000000000000000000000000000000000000000000000000000000000000000000000000000000000000000000000000000000000000000000000000000000000000000000000000000000000000000000000000>;
P_00000000064030a0 .param/str "INIT_FILE" 0 2 1895, "\000";
P_00000000064030d8 .param/l "READ_MODE" 0 2 1876, +C4<00000000000000000000000000000000>;
P_0000000006403110 .param/l "WRITE_MODE" 0 2 1875, +C4<00000000000000000000000000000000>;
o000000000676b7d8 .functor BUFZ 1, C4<z>; HiZ drive
L_000000000685caf0 .functor NOT 1, o000000000676b7d8, C4<0>, C4<0>, C4<0>;
o000000000676b2c8 .functor BUFZ 16, C4<zzzzzzzzzzzzzzzz>; HiZ drive
v00000000067de470_0 .net "MASK", 15 0, o000000000676b2c8;  0 drivers
o000000000676b2f8 .functor BUFZ 11, C4<zzzzzzzzzzz>; HiZ drive
v00000000067ddd90_0 .net "RADDR", 10 0, o000000000676b2f8;  0 drivers
o000000000676b328 .functor BUFZ 1, C4<z>; HiZ drive
v00000000067deab0_0 .net "RCLK", 0 0, o000000000676b328;  0 drivers
o000000000676b358 .functor BUFZ 1, C4<z>; HiZ drive
v00000000067de150_0 .net "RCLKE", 0 0, o000000000676b358;  0 drivers
v00000000067dfcd0_0 .net "RDATA", 15 0, L_000000000685d180;  1 drivers
o000000000676b3e8 .functor BUFZ 1, C4<z>; HiZ drive
v00000000067df190_0 .net "RE", 0 0, o000000000676b3e8;  0 drivers
o000000000676b448 .functor BUFZ 11, C4<zzzzzzzzzzz>; HiZ drive
v00000000067debf0_0 .net "WADDR", 10 0, o000000000676b448;  0 drivers
o000000000676b4a8 .functor BUFZ 1, C4<z>; HiZ drive
v00000000067de0b0_0 .net "WCLKE", 0 0, o000000000676b4a8;  0 drivers
v00000000067dded0_0 .net "WCLKN", 0 0, o000000000676b7d8;  0 drivers
o000000000676b4d8 .functor BUFZ 16, C4<zzzzzzzzzzzzzzzz>; HiZ drive
v00000000067df230_0 .net "WDATA", 15 0, o000000000676b4d8;  0 drivers
o000000000676b538 .functor BUFZ 1, C4<z>; HiZ drive
v00000000067dff50_0 .net "WE", 0 0, o000000000676b538;  0 drivers
S_00000000067dab00 .scope module, "RAM" "SB_RAM40_4K" 2 1917, 2 1487 0, S_00000000064d49e0;
 .timescale -12 -12;
    .port_info 0 /OUTPUT 16 "RDATA";
    .port_info 1 /INPUT 1 "RCLK";
    .port_info 2 /INPUT 1 "RCLKE";
    .port_info 3 /INPUT 1 "RE";
    .port_info 4 /INPUT 11 "RADDR";
    .port_info 5 /INPUT 1 "WCLK";
    .port_info 6 /INPUT 1 "WCLKE";
    .port_info 7 /INPUT 1 "WE";
    .port_info 8 /INPUT 11 "WADDR";
    .port_info 9 /INPUT 16 "MASK";
    .port_info 10 /INPUT 16 "WDATA";
P_00000000065bcb80 .param/l "INIT_0" 0 2 1507, C4<0000000000000000000000000000000000000000000000000000000000000000000000000000000000000000000000000000000000000000000000000000000000000000000000000000000000000000000000000000000000000000000000000000000000000000000000000000000000000000000000000000000000000000>;
P_00000000065bcbb8 .param/l "INIT_1" 0 2 1508, C4<0000000000000000000000000000000000000000000000000000000000000000000000000000000000000000000000000000000000000000000000000000000000000000000000000000000000000000000000000000000000000000000000000000000000000000000000000000000000000000000000000000000000000000>;
P_00000000065bcbf0 .param/l "INIT_2" 0 2 1509, C4<0000000000000000000000000000000000000000000000000000000000000000000000000000000000000000000000000000000000000000000000000000000000000000000000000000000000000000000000000000000000000000000000000000000000000000000000000000000000000000000000000000000000000000>;
P_00000000065bcc28 .param/l "INIT_3" 0 2 1510, C4<0000000000000000000000000000000000000000000000000000000000000000000000000000000000000000000000000000000000000000000000000000000000000000000000000000000000000000000000000000000000000000000000000000000000000000000000000000000000000000000000000000000000000000>;
P_00000000065bcc60 .param/l "INIT_4" 0 2 1511, C4<0000000000000000000000000000000000000000000000000000000000000000000000000000000000000000000000000000000000000000000000000000000000000000000000000000000000000000000000000000000000000000000000000000000000000000000000000000000000000000000000000000000000000000>;
P_00000000065bcc98 .param/l "INIT_5" 0 2 1512, C4<0000000000000000000000000000000000000000000000000000000000000000000000000000000000000000000000000000000000000000000000000000000000000000000000000000000000000000000000000000000000000000000000000000000000000000000000000000000000000000000000000000000000000000>;
P_00000000065bccd0 .param/l "INIT_6" 0 2 1513, C4<0000000000000000000000000000000000000000000000000000000000000000000000000000000000000000000000000000000000000000000000000000000000000000000000000000000000000000000000000000000000000000000000000000000000000000000000000000000000000000000000000000000000000000>;
P_00000000065bcd08 .param/l "INIT_7" 0 2 1514, C4<0000000000000000000000000000000000000000000000000000000000000000000000000000000000000000000000000000000000000000000000000000000000000000000000000000000000000000000000000000000000000000000000000000000000000000000000000000000000000000000000000000000000000000>;
P_00000000065bcd40 .param/l "INIT_8" 0 2 1515, C4<0000000000000000000000000000000000000000000000000000000000000000000000000000000000000000000000000000000000000000000000000000000000000000000000000000000000000000000000000000000000000000000000000000000000000000000000000000000000000000000000000000000000000000>;
P_00000000065bcd78 .param/l "INIT_9" 0 2 1516, C4<0000000000000000000000000000000000000000000000000000000000000000000000000000000000000000000000000000000000000000000000000000000000000000000000000000000000000000000000000000000000000000000000000000000000000000000000000000000000000000000000000000000000000000>;
P_00000000065bcdb0 .param/l "INIT_A" 0 2 1517, C4<0000000000000000000000000000000000000000000000000000000000000000000000000000000000000000000000000000000000000000000000000000000000000000000000000000000000000000000000000000000000000000000000000000000000000000000000000000000000000000000000000000000000000000>;
P_00000000065bcde8 .param/l "INIT_B" 0 2 1518, C4<0000000000000000000000000000000000000000000000000000000000000000000000000000000000000000000000000000000000000000000000000000000000000000000000000000000000000000000000000000000000000000000000000000000000000000000000000000000000000000000000000000000000000000>;
P_00000000065bce20 .param/l "INIT_C" 0 2 1519, C4<0000000000000000000000000000000000000000000000000000000000000000000000000000000000000000000000000000000000000000000000000000000000000000000000000000000000000000000000000000000000000000000000000000000000000000000000000000000000000000000000000000000000000000>;
P_00000000065bce58 .param/l "INIT_D" 0 2 1520, C4<0000000000000000000000000000000000000000000000000000000000000000000000000000000000000000000000000000000000000000000000000000000000000000000000000000000000000000000000000000000000000000000000000000000000000000000000000000000000000000000000000000000000000000>;
P_00000000065bce90 .param/l "INIT_E" 0 2 1521, C4<0000000000000000000000000000000000000000000000000000000000000000000000000000000000000000000000000000000000000000000000000000000000000000000000000000000000000000000000000000000000000000000000000000000000000000000000000000000000000000000000000000000000000000>;
P_00000000065bcec8 .param/l "INIT_F" 0 2 1522, C4<0000000000000000000000000000000000000000000000000000000000000000000000000000000000000000000000000000000000000000000000000000000000000000000000000000000000000000000000000000000000000000000000000000000000000000000000000000000000000000000000000000000000000000>;
P_00000000065bcf00 .param/str "INIT_FILE" 0 2 1524, "\000";
P_00000000065bcf38 .param/l "READ_MODE" 0 2 1505, +C4<00000000000000000000000000000000>;
P_00000000065bcf70 .param/l "WRITE_MODE" 0 2 1504, +C4<00000000000000000000000000000000>;
v00000000067dbb30_0 .net "MASK", 15 0, o000000000676b2c8;  alias, 0 drivers
v00000000067dbbd0_0 .net "RADDR", 10 0, o000000000676b2f8;  alias, 0 drivers
v00000000067dc710_0 .net "RCLK", 0 0, o000000000676b328;  alias, 0 drivers
v00000000067dbc70_0 .net "RCLKE", 0 0, o000000000676b358;  alias, 0 drivers
v00000000067dbd10_0 .net "RDATA", 15 0, L_000000000685d180;  alias, 1 drivers
v00000000067dbdb0_0 .var "RDATA_I", 15 0;
v00000000067dbf90_0 .net "RE", 0 0, o000000000676b3e8;  alias, 0 drivers
L_00000000067fa430 .functor BUFT 1, C4<0000000000000000>, C4<0>, C4<0>, C4<0>;
v00000000067dce90_0 .net "RMASK_I", 15 0, L_00000000067fa430;  1 drivers
v00000000067dc030_0 .net "WADDR", 10 0, o000000000676b448;  alias, 0 drivers
v00000000067dcfd0_0 .net "WCLK", 0 0, L_000000000685caf0;  1 drivers
v00000000067dc8f0_0 .net "WCLKE", 0 0, o000000000676b4a8;  alias, 0 drivers
v00000000067dd070_0 .net "WDATA", 15 0, o000000000676b4d8;  alias, 0 drivers
v00000000067dc0d0_0 .net "WDATA_I", 15 0, L_000000000685c4d0;  1 drivers
v00000000067dc170_0 .net "WE", 0 0, o000000000676b538;  alias, 0 drivers
v00000000067dd110_0 .net "WMASK_I", 15 0, L_000000000685d490;  1 drivers
v00000000067dd1b0_0 .var/i "i", 31 0;
v00000000067dd2f0 .array "memory", 255 0, 15 0;
E_000000000670d460 .event posedge, v00000000067dc710_0;
E_000000000670dca0 .event posedge, v00000000067dcfd0_0;
S_00000000067dac90 .scope generate, "genblk1" "genblk1" 2 1534, 2 1534 0, S_00000000067dab00;
 .timescale -12 -12;
L_000000000685d490 .functor BUFZ 16, o000000000676b2c8, C4<0000000000000000>, C4<0000000000000000>, C4<0000000000000000>;
S_00000000067dae20 .scope generate, "genblk2" "genblk2" 2 1555, 2 1555 0, S_00000000067dab00;
 .timescale -12 -12;
S_00000000067d9b60 .scope generate, "genblk3" "genblk3" 2 1576, 2 1576 0, S_00000000067dab00;
 .timescale -12 -12;
L_000000000685c4d0 .functor BUFZ 16, o000000000676b4d8, C4<0000000000000000>, C4<0000000000000000>, C4<0000000000000000>;
S_00000000067d9070 .scope generate, "genblk4" "genblk4" 2 1595, 2 1595 0, S_00000000067dab00;
 .timescale -12 -12;
L_000000000685d180 .functor BUFZ 16, v00000000067dbdb0_0, C4<0000000000000000>, C4<0000000000000000>, C4<0000000000000000>;
S_00000000064d57f0 .scope module, "SB_RGBA_DRV" "SB_RGBA_DRV" 2 2692;
 .timescale -12 -12;
    .port_info 0 /INPUT 1 "CURREN";
    .port_info 1 /INPUT 1 "RGBLEDEN";
    .port_info 2 /INPUT 1 "RGB0PWM";
    .port_info 3 /INPUT 1 "RGB1PWM";
    .port_info 4 /INPUT 1 "RGB2PWM";
    .port_info 5 /OUTPUT 1 "RGB0";
    .port_info 6 /OUTPUT 1 "RGB1";
    .port_info 7 /OUTPUT 1 "RGB2";
P_0000000006403150 .param/str "CURRENT_MODE" 0 2 2702, "0b0";
P_0000000006403188 .param/str "RGB0_CURRENT" 0 2 2703, "0b000000";
P_00000000064031c0 .param/str "RGB1_CURRENT" 0 2 2704, "0b000000";
P_00000000064031f8 .param/str "RGB2_CURRENT" 0 2 2705, "0b000000";
o000000000676ba18 .functor BUFZ 1, C4<z>; HiZ drive
v00000000067de8d0_0 .net "CURREN", 0 0, o000000000676ba18;  0 drivers
o000000000676ba48 .functor BUFZ 1, C4<z>; HiZ drive
v00000000067dfa50_0 .net "RGB0", 0 0, o000000000676ba48;  0 drivers
o000000000676ba78 .functor BUFZ 1, C4<z>; HiZ drive
v00000000067dfd70_0 .net "RGB0PWM", 0 0, o000000000676ba78;  0 drivers
o000000000676baa8 .functor BUFZ 1, C4<z>; HiZ drive
v00000000067dea10_0 .net "RGB1", 0 0, o000000000676baa8;  0 drivers
o000000000676bad8 .functor BUFZ 1, C4<z>; HiZ drive
v00000000067dfeb0_0 .net "RGB1PWM", 0 0, o000000000676bad8;  0 drivers
o000000000676bb08 .functor BUFZ 1, C4<z>; HiZ drive
v00000000067df870_0 .net "RGB2", 0 0, o000000000676bb08;  0 drivers
o000000000676bb38 .functor BUFZ 1, C4<z>; HiZ drive
v00000000067dde30_0 .net "RGB2PWM", 0 0, o000000000676bb38;  0 drivers
o000000000676bb68 .functor BUFZ 1, C4<z>; HiZ drive
v00000000067df690_0 .net "RGBLEDEN", 0 0, o000000000676bb68;  0 drivers
S_00000000065b6890 .scope module, "SB_RGB_DRV" "SB_RGB_DRV" 2 2716;
 .timescale -12 -12;
    .port_info 0 /INPUT 1 "RGBLEDEN";
    .port_info 1 /INPUT 1 "RGB0PWM";
    .port_info 2 /INPUT 1 "RGB1PWM";
    .port_info 3 /INPUT 1 "RGB2PWM";
    .port_info 4 /INPUT 1 "RGBPU";
    .port_info 5 /OUTPUT 1 "RGB0";
    .port_info 6 /OUTPUT 1 "RGB1";
    .port_info 7 /OUTPUT 1 "RGB2";
P_0000000006457ca0 .param/str "CURRENT_MODE" 0 2 2726, "0b0";
P_0000000006457cd8 .param/str "RGB0_CURRENT" 0 2 2727, "0b000000";
P_0000000006457d10 .param/str "RGB1_CURRENT" 0 2 2728, "0b000000";
P_0000000006457d48 .param/str "RGB2_CURRENT" 0 2 2729, "0b000000";
o000000000676bd18 .functor BUFZ 1, C4<z>; HiZ drive
v00000000067df2d0_0 .net "RGB0", 0 0, o000000000676bd18;  0 drivers
o000000000676bd48 .functor BUFZ 1, C4<z>; HiZ drive
v00000000067df730_0 .net "RGB0PWM", 0 0, o000000000676bd48;  0 drivers
o000000000676bd78 .functor BUFZ 1, C4<z>; HiZ drive
v00000000067de830_0 .net "RGB1", 0 0, o000000000676bd78;  0 drivers
o000000000676bda8 .functor BUFZ 1, C4<z>; HiZ drive
v00000000067df910_0 .net "RGB1PWM", 0 0, o000000000676bda8;  0 drivers
o000000000676bdd8 .functor BUFZ 1, C4<z>; HiZ drive
v00000000067dee70_0 .net "RGB2", 0 0, o000000000676bdd8;  0 drivers
o000000000676be08 .functor BUFZ 1, C4<z>; HiZ drive
v00000000067dfff0_0 .net "RGB2PWM", 0 0, o000000000676be08;  0 drivers
o000000000676be38 .functor BUFZ 1, C4<z>; HiZ drive
v00000000067df5f0_0 .net "RGBLEDEN", 0 0, o000000000676be38;  0 drivers
o000000000676be68 .functor BUFZ 1, C4<z>; HiZ drive
v00000000067ddb10_0 .net "RGBPU", 0 0, o000000000676be68;  0 drivers
S_00000000065b6570 .scope module, "SB_SPI" "SB_SPI" 2 2776;
 .timescale -12 -12;
    .port_info 0 /INPUT 1 "SBCLKI";
    .port_info 1 /INPUT 1 "SBRWI";
    .port_info 2 /INPUT 1 "SBSTBI";
    .port_info 3 /INPUT 1 "SBADRI7";
    .port_info 4 /INPUT 1 "SBADRI6";
    .port_info 5 /INPUT 1 "SBADRI5";
    .port_info 6 /INPUT 1 "SBADRI4";
    .port_info 7 /INPUT 1 "SBADRI3";
    .port_info 8 /INPUT 1 "SBADRI2";
    .port_info 9 /INPUT 1 "SBADRI1";
    .port_info 10 /INPUT 1 "SBADRI0";
    .port_info 11 /INPUT 1 "SBDATI7";
    .port_info 12 /INPUT 1 "SBDATI6";
    .port_info 13 /INPUT 1 "SBDATI5";
    .port_info 14 /INPUT 1 "SBDATI4";
    .port_info 15 /INPUT 1 "SBDATI3";
    .port_info 16 /INPUT 1 "SBDATI2";
    .port_info 17 /INPUT 1 "SBDATI1";
    .port_info 18 /INPUT 1 "SBDATI0";
    .port_info 19 /INPUT 1 "MI";
    .port_info 20 /INPUT 1 "SI";
    .port_info 21 /INPUT 1 "SCKI";
    .port_info 22 /INPUT 1 "SCSNI";
    .port_info 23 /OUTPUT 1 "SBDATO7";
    .port_info 24 /OUTPUT 1 "SBDATO6";
    .port_info 25 /OUTPUT 1 "SBDATO5";
    .port_info 26 /OUTPUT 1 "SBDATO4";
    .port_info 27 /OUTPUT 1 "SBDATO3";
    .port_info 28 /OUTPUT 1 "SBDATO2";
    .port_info 29 /OUTPUT 1 "SBDATO1";
    .port_info 30 /OUTPUT 1 "SBDATO0";
    .port_info 31 /OUTPUT 1 "SBACKO";
    .port_info 32 /OUTPUT 1 "SPIIRQ";
    .port_info 33 /OUTPUT 1 "SPIWKUP";
    .port_info 34 /OUTPUT 1 "SO";
    .port_info 35 /OUTPUT 1 "SOE";
    .port_info 36 /OUTPUT 1 "MO";
    .port_info 37 /OUTPUT 1 "MOE";
    .port_info 38 /OUTPUT 1 "SCKO";
    .port_info 39 /OUTPUT 1 "SCKOE";
    .port_info 40 /OUTPUT 1 "MCSNO3";
    .port_info 41 /OUTPUT 1 "MCSNO2";
    .port_info 42 /OUTPUT 1 "MCSNO1";
    .port_info 43 /OUTPUT 1 "MCSNO0";
    .port_info 44 /OUTPUT 1 "MCSNOE3";
    .port_info 45 /OUTPUT 1 "MCSNOE2";
    .port_info 46 /OUTPUT 1 "MCSNOE1";
    .port_info 47 /OUTPUT 1 "MCSNOE0";
P_000000000670a5e0 .param/str "BUS_ADDR74" 0 2 2826, "0b0000";
o000000000676c018 .functor BUFZ 1, C4<z>; HiZ drive
v00000000067de3d0_0 .net "MCSNO0", 0 0, o000000000676c018;  0 drivers
o000000000676c048 .functor BUFZ 1, C4<z>; HiZ drive
v00000000067dd9d0_0 .net "MCSNO1", 0 0, o000000000676c048;  0 drivers
o000000000676c078 .functor BUFZ 1, C4<z>; HiZ drive
v00000000067de5b0_0 .net "MCSNO2", 0 0, o000000000676c078;  0 drivers
o000000000676c0a8 .functor BUFZ 1, C4<z>; HiZ drive
v00000000067dd890_0 .net "MCSNO3", 0 0, o000000000676c0a8;  0 drivers
o000000000676c0d8 .functor BUFZ 1, C4<z>; HiZ drive
v00000000067ddf70_0 .net "MCSNOE0", 0 0, o000000000676c0d8;  0 drivers
o000000000676c108 .functor BUFZ 1, C4<z>; HiZ drive
v00000000067de010_0 .net "MCSNOE1", 0 0, o000000000676c108;  0 drivers
o000000000676c138 .functor BUFZ 1, C4<z>; HiZ drive
v00000000067deb50_0 .net "MCSNOE2", 0 0, o000000000676c138;  0 drivers
o000000000676c168 .functor BUFZ 1, C4<z>; HiZ drive
v00000000067dfc30_0 .net "MCSNOE3", 0 0, o000000000676c168;  0 drivers
o000000000676c198 .functor BUFZ 1, C4<z>; HiZ drive
v00000000067de1f0_0 .net "MI", 0 0, o000000000676c198;  0 drivers
o000000000676c1c8 .functor BUFZ 1, C4<z>; HiZ drive
v00000000067dda70_0 .net "MO", 0 0, o000000000676c1c8;  0 drivers
o000000000676c1f8 .functor BUFZ 1, C4<z>; HiZ drive
v00000000067df370_0 .net "MOE", 0 0, o000000000676c1f8;  0 drivers
o000000000676c228 .functor BUFZ 1, C4<z>; HiZ drive
v00000000067df410_0 .net "SBACKO", 0 0, o000000000676c228;  0 drivers
o000000000676c258 .functor BUFZ 1, C4<z>; HiZ drive
v00000000067de970_0 .net "SBADRI0", 0 0, o000000000676c258;  0 drivers
o000000000676c288 .functor BUFZ 1, C4<z>; HiZ drive
v00000000067dfaf0_0 .net "SBADRI1", 0 0, o000000000676c288;  0 drivers
o000000000676c2b8 .functor BUFZ 1, C4<z>; HiZ drive
v00000000067de290_0 .net "SBADRI2", 0 0, o000000000676c2b8;  0 drivers
o000000000676c2e8 .functor BUFZ 1, C4<z>; HiZ drive
v00000000067df9b0_0 .net "SBADRI3", 0 0, o000000000676c2e8;  0 drivers
o000000000676c318 .functor BUFZ 1, C4<z>; HiZ drive
v00000000067de330_0 .net "SBADRI4", 0 0, o000000000676c318;  0 drivers
o000000000676c348 .functor BUFZ 1, C4<z>; HiZ drive
v00000000067dfb90_0 .net "SBADRI5", 0 0, o000000000676c348;  0 drivers
o000000000676c378 .functor BUFZ 1, C4<z>; HiZ drive
v00000000067dd930_0 .net "SBADRI6", 0 0, o000000000676c378;  0 drivers
o000000000676c3a8 .functor BUFZ 1, C4<z>; HiZ drive
v00000000067ddbb0_0 .net "SBADRI7", 0 0, o000000000676c3a8;  0 drivers
o000000000676c3d8 .functor BUFZ 1, C4<z>; HiZ drive
v00000000067dec90_0 .net "SBCLKI", 0 0, o000000000676c3d8;  0 drivers
o000000000676c408 .functor BUFZ 1, C4<z>; HiZ drive
v00000000067dfe10_0 .net "SBDATI0", 0 0, o000000000676c408;  0 drivers
o000000000676c438 .functor BUFZ 1, C4<z>; HiZ drive
v00000000067df4b0_0 .net "SBDATI1", 0 0, o000000000676c438;  0 drivers
o000000000676c468 .functor BUFZ 1, C4<z>; HiZ drive
v00000000067ddc50_0 .net "SBDATI2", 0 0, o000000000676c468;  0 drivers
o000000000676c498 .functor BUFZ 1, C4<z>; HiZ drive
v00000000067ded30_0 .net "SBDATI3", 0 0, o000000000676c498;  0 drivers
o000000000676c4c8 .functor BUFZ 1, C4<z>; HiZ drive
v00000000067dedd0_0 .net "SBDATI4", 0 0, o000000000676c4c8;  0 drivers
o000000000676c4f8 .functor BUFZ 1, C4<z>; HiZ drive
v00000000067de650_0 .net "SBDATI5", 0 0, o000000000676c4f8;  0 drivers
o000000000676c528 .functor BUFZ 1, C4<z>; HiZ drive
v00000000067df550_0 .net "SBDATI6", 0 0, o000000000676c528;  0 drivers
o000000000676c558 .functor BUFZ 1, C4<z>; HiZ drive
v00000000067ddcf0_0 .net "SBDATI7", 0 0, o000000000676c558;  0 drivers
o000000000676c588 .functor BUFZ 1, C4<z>; HiZ drive
v00000000067de510_0 .net "SBDATO0", 0 0, o000000000676c588;  0 drivers
o000000000676c5b8 .functor BUFZ 1, C4<z>; HiZ drive
v00000000067df7d0_0 .net "SBDATO1", 0 0, o000000000676c5b8;  0 drivers
o000000000676c5e8 .functor BUFZ 1, C4<z>; HiZ drive
v00000000067de6f0_0 .net "SBDATO2", 0 0, o000000000676c5e8;  0 drivers
o000000000676c618 .functor BUFZ 1, C4<z>; HiZ drive
v00000000067de790_0 .net "SBDATO3", 0 0, o000000000676c618;  0 drivers
o000000000676c648 .functor BUFZ 1, C4<z>; HiZ drive
v00000000067def10_0 .net "SBDATO4", 0 0, o000000000676c648;  0 drivers
o000000000676c678 .functor BUFZ 1, C4<z>; HiZ drive
v00000000067defb0_0 .net "SBDATO5", 0 0, o000000000676c678;  0 drivers
o000000000676c6a8 .functor BUFZ 1, C4<z>; HiZ drive
v00000000067df050_0 .net "SBDATO6", 0 0, o000000000676c6a8;  0 drivers
o000000000676c6d8 .functor BUFZ 1, C4<z>; HiZ drive
v00000000067df0f0_0 .net "SBDATO7", 0 0, o000000000676c6d8;  0 drivers
o000000000676c708 .functor BUFZ 1, C4<z>; HiZ drive
v00000000067e0b30_0 .net "SBRWI", 0 0, o000000000676c708;  0 drivers
o000000000676c738 .functor BUFZ 1, C4<z>; HiZ drive
v00000000067e01d0_0 .net "SBSTBI", 0 0, o000000000676c738;  0 drivers
o000000000676c768 .functor BUFZ 1, C4<z>; HiZ drive
v00000000067e1490_0 .net "SCKI", 0 0, o000000000676c768;  0 drivers
o000000000676c798 .functor BUFZ 1, C4<z>; HiZ drive
v00000000067e1530_0 .net "SCKO", 0 0, o000000000676c798;  0 drivers
o000000000676c7c8 .functor BUFZ 1, C4<z>; HiZ drive
v00000000067e0090_0 .net "SCKOE", 0 0, o000000000676c7c8;  0 drivers
o000000000676c7f8 .functor BUFZ 1, C4<z>; HiZ drive
v00000000067e0630_0 .net "SCSNI", 0 0, o000000000676c7f8;  0 drivers
o000000000676c828 .functor BUFZ 1, C4<z>; HiZ drive
v00000000067e1670_0 .net "SI", 0 0, o000000000676c828;  0 drivers
o000000000676c858 .functor BUFZ 1, C4<z>; HiZ drive
v00000000067e27f0_0 .net "SO", 0 0, o000000000676c858;  0 drivers
o000000000676c888 .functor BUFZ 1, C4<z>; HiZ drive
v00000000067e1b70_0 .net "SOE", 0 0, o000000000676c888;  0 drivers
o000000000676c8b8 .functor BUFZ 1, C4<z>; HiZ drive
v00000000067e24d0_0 .net "SPIIRQ", 0 0, o000000000676c8b8;  0 drivers
o000000000676c8e8 .functor BUFZ 1, C4<z>; HiZ drive
v00000000067e2750_0 .net "SPIWKUP", 0 0, o000000000676c8e8;  0 drivers
S_00000000065b60c0 .scope module, "SB_SPRAM256KA" "SB_SPRAM256KA" 2 2600;
 .timescale -12 -12;
    .port_info 0 /INPUT 14 "ADDRESS";
    .port_info 1 /INPUT 16 "DATAIN";
    .port_info 2 /INPUT 4 "MASKWREN";
    .port_info 3 /INPUT 1 "WREN";
    .port_info 4 /INPUT 1 "CHIPSELECT";
    .port_info 5 /INPUT 1 "CLOCK";
    .port_info 6 /INPUT 1 "STANDBY";
    .port_info 7 /INPUT 1 "SLEEP";
    .port_info 8 /INPUT 1 "POWEROFF";
    .port_info 9 /OUTPUT 16 "DATAOUT";
o000000000676d368 .functor BUFZ 1, C4<z>; HiZ drive
L_000000000685cbd0 .functor OR 1, o000000000676d368, L_0000000006852360, C4<0>, C4<0>;
o000000000676d218 .functor BUFZ 14, C4<zzzzzzzzzzzzzz>; HiZ drive
v00000000067e0310_0 .net "ADDRESS", 13 0, o000000000676d218;  0 drivers
o000000000676d248 .functor BUFZ 1, C4<z>; HiZ drive
v00000000067e15d0_0 .net "CHIPSELECT", 0 0, o000000000676d248;  0 drivers
o000000000676d278 .functor BUFZ 1, C4<z>; HiZ drive
v00000000067e1990_0 .net "CLOCK", 0 0, o000000000676d278;  0 drivers
o000000000676d2a8 .functor BUFZ 16, C4<zzzzzzzzzzzzzzzz>; HiZ drive
v00000000067e12b0_0 .net "DATAIN", 15 0, o000000000676d2a8;  0 drivers
v00000000067e03b0_0 .var "DATAOUT", 15 0;
o000000000676d308 .functor BUFZ 4, C4<zzzz>; HiZ drive
v00000000067e0810_0 .net "MASKWREN", 3 0, o000000000676d308;  0 drivers
o000000000676d338 .functor BUFZ 1, C4<z>; HiZ drive
v00000000067e0130_0 .net "POWEROFF", 0 0, o000000000676d338;  0 drivers
v00000000067e13f0_0 .net "SLEEP", 0 0, o000000000676d368;  0 drivers
o000000000676d398 .functor BUFZ 1, C4<z>; HiZ drive
v00000000067e2250_0 .net "STANDBY", 0 0, o000000000676d398;  0 drivers
o000000000676d3c8 .functor BUFZ 1, C4<z>; HiZ drive
v00000000067e0770_0 .net "WREN", 0 0, o000000000676d3c8;  0 drivers
v00000000067e1fd0_0 .net *"_ivl_1", 0 0, L_0000000006852360;  1 drivers
v00000000067e0450_0 .var/i "i", 31 0;
v00000000067e0bd0 .array "mem", 16383 0, 15 0;
v00000000067e1a30_0 .net "off", 0 0, L_000000000685cbd0;  1 drivers
E_000000000670dd60 .event posedge, v00000000067e1a30_0, v00000000067e1990_0;
E_000000000670dde0 .event negedge, v00000000067e0130_0;
L_0000000006852360 .reduce/nor o000000000676d338;
S_00000000065b7380 .scope module, "SB_WARMBOOT" "SB_WARMBOOT" 2 2593;
 .timescale -12 -12;
    .port_info 0 /INPUT 1 "BOOT";
    .port_info 1 /INPUT 1 "S1";
    .port_info 2 /INPUT 1 "S0";
o000000000676d668 .functor BUFZ 1, C4<z>; HiZ drive
v00000000067e1710_0 .net "BOOT", 0 0, o000000000676d668;  0 drivers
o000000000676d698 .functor BUFZ 1, C4<z>; HiZ drive
v00000000067e17b0_0 .net "S0", 0 0, o000000000676d698;  0 drivers
o000000000676d6c8 .functor BUFZ 1, C4<z>; HiZ drive
v00000000067e1c10_0 .net "S1", 0 0, o000000000676d6c8;  0 drivers
S_00000000065b6250 .scope module, "procesador_tb" "procesador_tb" 3 3;
 .timescale -9 -12;
v00000000067ef2b0_0 .var "PINB", 7 0;
v00000000067ef210_0 .var "PINC", 7 0;
v00000000067ef5d0_0 .var "PIND", 7 0;
v00000000067ef170_0 .net "PORTB", 7 0, L_000000000685ce00;  1 drivers
v00000000067ef710_0 .net "PORTC", 7 0, L_000000000685d570;  1 drivers
v00000000067ef350_0 .net "PORTD", 7 0, L_000000000685db20;  1 drivers
v00000000067ef490_0 .var "clock", 0 0;
v00000000067ef530_0 .var "reset", 0 0;
S_00000000067da970 .scope module, "uut" "procesador" 3 14, 4 1 0, S_00000000065b6250;
 .timescale -12 -12;
    .port_info 0 /INPUT 1 "clock";
    .port_info 1 /INPUT 1 "reset";
    .port_info 2 /INPUT 8 "PIND";
    .port_info 3 /INPUT 8 "PINC";
    .port_info 4 /INPUT 8 "PINB";
    .port_info 5 /OUTPUT 8 "PORTD";
    .port_info 6 /OUTPUT 8 "PORTC";
    .port_info 7 /OUTPUT 8 "PORTB";
v00000000067edf50_0 .net "PINB", 7 0, v00000000067ef2b0_0;  1 drivers
v00000000067ee590_0 .net "PINC", 7 0, v00000000067ef210_0;  1 drivers
v00000000067eef90_0 .net "PIND", 7 0, v00000000067ef5d0_0;  1 drivers
v00000000067ee630_0 .net "PORTB", 7 0, L_000000000685ce00;  alias, 1 drivers
v00000000067edc30_0 .net "PORTC", 7 0, L_000000000685d570;  alias, 1 drivers
v00000000067ee310_0 .net "PORTD", 7 0, L_000000000685db20;  alias, 1 drivers
v00000000067eeef0_0 .net "clock", 0 0, v00000000067ef490_0;  1 drivers
v00000000067eebd0_0 .net "reset", 0 0, v00000000067ef530_0;  1 drivers
v00000000067ede10_0 .net "wire_ALU_result", 7 0, v00000000067e0590_0;  1 drivers
v00000000067ecab0_0 .net "wire_C_decode", 0 0, L_00000000068540c0;  1 drivers
v00000000067ee770_0 .net "wire_C_flag", 0 0, v00000000067e0270_0;  1 drivers
v00000000067ef030_0 .net "wire_F", 2 0, L_000000000685dc00;  1 drivers
v00000000067edff0_0 .net "wire_K", 7 0, v00000000067e2a70_0;  1 drivers
v00000000067ec970_0 .net "wire_PC_count", 6 0, v00000000067ed370_0;  1 drivers
v00000000067ee090_0 .net "wire_PCinstr", 0 0, L_000000000685c0e0;  1 drivers
v00000000067ee130_0 .net "wire_Rd", 7 0, L_000000000685cd90;  1 drivers
v00000000067eca10_0 .net "wire_RrK_from_RAM", 7 0, L_000000000685cd20;  1 drivers
v00000000067ed0f0_0 .net "wire_RrK_to_ALU", 7 0, L_0000000006852720;  1 drivers
v00000000067ee810_0 .net "wire_S", 0 0, v00000000067e2930_0;  1 drivers
v00000000067ee950_0 .net "wire_Z_decode", 0 0, L_0000000006853120;  1 drivers
v00000000067ee9f0_0 .net "wire_Z_flag", 0 0, v00000000067e08b0_0;  1 drivers
v00000000067eea90_0 .net "wire_address1", 7 0, v00000000067e2b10_0;  1 drivers
v00000000067ecd30_0 .net "wire_address2", 7 0, v00000000067e2bb0_0;  1 drivers
v00000000067ece70_0 .net "wire_instrEN", 0 0, L_000000000685d260;  1 drivers
v00000000067ecfb0_0 .net "wire_instrReg", 15 0, v00000000067ed910_0;  1 drivers
v00000000067ed050_0 .net "wire_instruction", 15 0, L_000000000685d5e0;  1 drivers
v00000000067ed190_0 .net "wire_k", 6 0, L_000000000685d0a0;  1 drivers
v00000000067ed230_0 .net "wire_loadPC", 0 0, L_000000000685d3b0;  1 drivers
v00000000067ef0d0_0 .net "wire_newPC", 6 0, L_000000000685c3f0;  1 drivers
v00000000067ef3f0_0 .net "wire_ramWE", 0 0, L_000000000685d030;  1 drivers
S_00000000067d9840 .scope module, "arithmetic_logic_unit" "ALU" 4 131, 5 1 0, S_00000000067da970;
 .timescale -12 -12;
    .port_info 0 /INPUT 8 "Rd";
    .port_info 1 /INPUT 8 "RrK";
    .port_info 2 /INPUT 3 "F";
    .port_info 3 /OUTPUT 8 "Y";
    .port_info 4 /OUTPUT 1 "Z";
    .port_info 5 /OUTPUT 1 "C";
P_00000000067d9200 .param/l "_and" 0 5 13, C4<010>;
P_00000000067d9238 .param/l "_or" 0 5 17, C4<110>;
P_00000000067d9270 .param/l "_passRd" 0 5 16, C4<101>;
P_00000000067d92a8 .param/l "_passRrk" 0 5 11, C4<000>;
P_00000000067d92e0 .param/l "_resta" 0 5 14, C4<011>;
P_00000000067d9318 .param/l "_suma" 0 5 12, C4<001>;
P_00000000067d9350 .param/l "_xor" 0 5 15, C4<100>;
v00000000067e0270_0 .var "C", 0 0;
v00000000067e06d0_0 .net "F", 2 0, L_000000000685dc00;  alias, 1 drivers
v00000000067e04f0_0 .net "Rd", 7 0, L_000000000685cd90;  alias, 1 drivers
v00000000067e1cb0_0 .net "RrK", 7 0, L_0000000006852720;  alias, 1 drivers
v00000000067e0590_0 .var "Y", 7 0;
v00000000067e08b0_0 .var "Z", 0 0;
v00000000067e0950_0 .var "temp_result", 8 0;
E_000000000670df60/0 .event anyedge, v00000000067e06d0_0, v00000000067e1cb0_0, v00000000067e04f0_0, v00000000067e0950_0;
E_000000000670df60/1 .event anyedge, v00000000067e0590_0;
E_000000000670df60 .event/or E_000000000670df60/0, E_000000000670df60/1;
S_00000000067d99d0 .scope module, "data_memory" "RAM" 4 103, 6 1 0, S_00000000067da970;
 .timescale -12 -12;
    .port_info 0 /INPUT 1 "clock";
    .port_info 1 /INPUT 8 "address1";
    .port_info 2 /INPUT 8 "address2";
    .port_info 3 /INPUT 8 "regWrite";
    .port_info 4 /INPUT 1 "WE";
    .port_info 5 /INPUT 1 "Z";
    .port_info 6 /INPUT 1 "C";
    .port_info 7 /INPUT 8 "PIND";
    .port_info 8 /INPUT 8 "PINC";
    .port_info 9 /INPUT 8 "PINB";
    .port_info 10 /OUTPUT 8 "data1";
    .port_info 11 /OUTPUT 8 "data2";
    .port_info 12 /OUTPUT 8 "PORTD";
    .port_info 13 /OUTPUT 8 "PORTC";
    .port_info 14 /OUTPUT 8 "PORTB";
    .port_info 15 /OUTPUT 1 "Z_decode";
    .port_info 16 /OUTPUT 1 "C_decode";
L_000000000685cd90 .functor BUFZ 8, L_0000000006852400, C4<00000000>, C4<00000000>, C4<00000000>;
L_000000000685cd20 .functor BUFZ 8, L_0000000006852d60, C4<00000000>, C4<00000000>, C4<00000000>;
v00000000067e1030_43 .array/port v00000000067e1030, 43;
L_000000000685db20 .functor BUFZ 8, v00000000067e1030_43, C4<00000000>, C4<00000000>, C4<00000000>;
v00000000067e1030_40 .array/port v00000000067e1030, 40;
L_000000000685d570 .functor BUFZ 8, v00000000067e1030_40, C4<00000000>, C4<00000000>, C4<00000000>;
v00000000067e1030_37 .array/port v00000000067e1030, 37;
L_000000000685ce00 .functor BUFZ 8, v00000000067e1030_37, C4<00000000>, C4<00000000>, C4<00000000>;
v00000000067e0c70_0 .net "C", 0 0, v00000000067e0270_0;  alias, 1 drivers
v00000000067e2610_0 .net "C_decode", 0 0, L_00000000068540c0;  alias, 1 drivers
v00000000067e09f0_0 .net "PINB", 7 0, v00000000067ef2b0_0;  alias, 1 drivers
v00000000067e1850_0 .net "PINC", 7 0, v00000000067ef210_0;  alias, 1 drivers
v00000000067e1d50_0 .net "PIND", 7 0, v00000000067ef5d0_0;  alias, 1 drivers
v00000000067e1f30_0 .net "PORTB", 7 0, L_000000000685ce00;  alias, 1 drivers
v00000000067e2390_0 .net "PORTC", 7 0, L_000000000685d570;  alias, 1 drivers
v00000000067e0a90_0 .net "PORTD", 7 0, L_000000000685db20;  alias, 1 drivers
v00000000067e0d10_0 .net "WE", 0 0, L_000000000685d030;  alias, 1 drivers
v00000000067e2570_0 .net "Z", 0 0, v00000000067e08b0_0;  alias, 1 drivers
v00000000067e0db0_0 .net "Z_decode", 0 0, L_0000000006853120;  alias, 1 drivers
v00000000067e0e50_0 .net *"_ivl_0", 7 0, L_0000000006852400;  1 drivers
v00000000067e18f0_0 .net *"_ivl_10", 9 0, L_0000000006853580;  1 drivers
L_00000000067fa508 .functor BUFT 1, C4<00>, C4<0>, C4<0>, C4<0>;
v00000000067e2430_0 .net *"_ivl_13", 1 0, L_00000000067fa508;  1 drivers
v00000000067e1df0_0 .net *"_ivl_2", 9 0, L_0000000006852b80;  1 drivers
L_00000000067fa4c0 .functor BUFT 1, C4<00>, C4<0>, C4<0>, C4<0>;
v00000000067e26b0_0 .net *"_ivl_5", 1 0, L_00000000067fa4c0;  1 drivers
v00000000067e1e90_0 .net *"_ivl_8", 7 0, L_0000000006852d60;  1 drivers
v00000000067e22f0_0 .net "address1", 7 0, v00000000067e2b10_0;  alias, 1 drivers
v00000000067e2070_0 .net "address2", 7 0, v00000000067e2bb0_0;  alias, 1 drivers
v00000000067e2110_0 .net "clock", 0 0, v00000000067ef490_0;  alias, 1 drivers
v00000000067e0ef0_0 .net "data1", 7 0, L_000000000685cd90;  alias, 1 drivers
v00000000067e0f90_0 .net "data2", 7 0, L_000000000685cd20;  alias, 1 drivers
v00000000067e1030 .array "mem", 255 0, 7 0;
v00000000067e10d0_0 .net "regWrite", 7 0, v00000000067e0590_0;  alias, 1 drivers
E_000000000670df20 .event anyedge, v00000000067e09f0_0, v00000000067e1850_0, v00000000067e1d50_0;
E_000000000670ede0 .event posedge, v00000000067e2110_0;
L_0000000006852400 .array/port v00000000067e1030, L_0000000006852b80;
L_0000000006852b80 .concat [ 8 2 0 0], v00000000067e2b10_0, L_00000000067fa4c0;
L_0000000006852d60 .array/port v00000000067e1030, L_0000000006853580;
L_0000000006853580 .concat [ 8 2 0 0], v00000000067e2bb0_0, L_00000000067fa508;
v00000000067e1030_95 .array/port v00000000067e1030, 95;
L_0000000006853120 .part v00000000067e1030_95, 1, 1;
L_00000000068540c0 .part v00000000067e1030_95, 0, 1;
S_00000000067d9e80 .scope module, "instruction_decoder" "decoder" 4 86, 7 1 0, S_00000000067da970;
 .timescale -12 -12;
    .port_info 0 /INPUT 16 "instrReg";
    .port_info 1 /INPUT 1 "Z_decode";
    .port_info 2 /INPUT 1 "C_decode";
    .port_info 3 /OUTPUT 1 "S";
    .port_info 4 /OUTPUT 3 "F";
    .port_info 5 /OUTPUT 8 "address1";
    .port_info 6 /OUTPUT 8 "address2";
    .port_info 7 /OUTPUT 1 "ramWE";
    .port_info 8 /OUTPUT 1 "loadPC";
    .port_info 9 /OUTPUT 1 "instrEN";
    .port_info 10 /OUTPUT 1 "PCinstr";
    .port_info 11 /OUTPUT 7 "k";
    .port_info 12 /OUTPUT 8 "K";
P_00000000067da010 .param/l "_and" 0 7 39, C4<010>;
P_00000000067da048 .param/l "_or" 0 7 43, C4<110>;
P_00000000067da080 .param/l "_pasaRd" 0 7 42, C4<101>;
P_00000000067da0b8 .param/l "_pasaRrk" 0 7 37, C4<000>;
P_00000000067da0f0 .param/l "_resta" 0 7 40, C4<011>;
P_00000000067da128 .param/l "_suma" 0 7 38, C4<001>;
P_00000000067da160 .param/l "_xor" 0 7 41, C4<100>;
L_000000000685c0e0 .functor BUFZ 1, v00000000067e2ed0_0, C4<0>, C4<0>, C4<0>;
L_000000000685d030 .functor BUFZ 1, v00000000067e2e30_0, C4<0>, C4<0>, C4<0>;
L_000000000685d3b0 .functor BUFZ 1, v00000000067e2d90_0, C4<0>, C4<0>, C4<0>;
L_000000000685dc00 .functor BUFZ 3, v00000000067e29d0_0, C4<000>, C4<000>, C4<000>;
L_000000000685d0a0 .functor BUFZ 7, v00000000067e2c50_0, C4<0000000>, C4<0000000>, C4<0000000>;
L_000000000685d260 .functor BUFZ 1, v00000000067e2cf0_0, C4<0>, C4<0>, C4<0>;
v00000000067e1170_0 .net "C_decode", 0 0, L_00000000068540c0;  alias, 1 drivers
v00000000067e1210_0 .net "F", 2 0, L_000000000685dc00;  alias, 1 drivers
v00000000067e1350_0 .net "K", 7 0, v00000000067e2a70_0;  alias, 1 drivers
v00000000067e21b0_0 .net "PCinstr", 0 0, L_000000000685c0e0;  alias, 1 drivers
v00000000067e2f70_0 .net "S", 0 0, v00000000067e2930_0;  alias, 1 drivers
v00000000067e2890_0 .net "Z_decode", 0 0, L_0000000006853120;  alias, 1 drivers
v00000000067e29d0_0 .var "_F", 2 0;
v00000000067e2a70_0 .var "_K", 7 0;
v00000000067e2ed0_0 .var "_PCinstr", 0 0;
v00000000067e2930_0 .var "_S", 0 0;
v00000000067e2b10_0 .var "_address1", 7 0;
v00000000067e2bb0_0 .var "_address2", 7 0;
v00000000067e2cf0_0 .var "_instrEN", 0 0;
v00000000067e2c50_0 .var "_k", 6 0;
v00000000067e2d90_0 .var "_loadPC", 0 0;
v00000000067e2e30_0 .var "_ramWE", 0 0;
v00000000067ed4b0_0 .net "address1", 7 0, v00000000067e2b10_0;  alias, 1 drivers
v00000000067ee8b0_0 .net "address2", 7 0, v00000000067e2bb0_0;  alias, 1 drivers
v00000000067ecb50_0 .net "instrEN", 0 0, L_000000000685d260;  alias, 1 drivers
v00000000067ee4f0_0 .net "instrReg", 15 0, v00000000067ed910_0;  alias, 1 drivers
v00000000067ecdd0_0 .net "instruction", 3 0, L_0000000006852cc0;  1 drivers
v00000000067eec70_0 .net "k", 6 0, L_000000000685d0a0;  alias, 1 drivers
v00000000067ed410_0 .net "loadPC", 0 0, L_000000000685d3b0;  alias, 1 drivers
v00000000067ed730_0 .net "ramWE", 0 0, L_000000000685d030;  alias, 1 drivers
E_000000000670e7e0 .event anyedge, v00000000067ee4f0_0, v00000000067e2610_0, v00000000067e0db0_0;
L_0000000006852cc0 .part v00000000067ed910_0, 12, 4;
S_00000000067da330 .scope module, "instruction_reg" "instr_register" 4 77, 8 1 0, S_00000000067da970;
 .timescale -12 -12;
    .port_info 0 /INPUT 1 "clock";
    .port_info 1 /INPUT 1 "reset";
    .port_info 2 /INPUT 1 "enable";
    .port_info 3 /INPUT 16 "A";
    .port_info 4 /OUTPUT 16 "Q";
v00000000067ee3b0_0 .net "A", 15 0, L_000000000685d5e0;  alias, 1 drivers
v00000000067ed910_0 .var "Q", 15 0;
v00000000067edeb0_0 .net "clock", 0 0, v00000000067ef490_0;  alias, 1 drivers
v00000000067eeb30_0 .var "delay", 0 0;
v00000000067edcd0_0 .net "enable", 0 0, L_000000000685d260;  alias, 1 drivers
v00000000067ee1d0_0 .net "reset", 0 0, v00000000067ef530_0;  alias, 1 drivers
E_000000000670efe0 .event posedge, v00000000067ee1d0_0, v00000000067e2110_0;
S_00000000065b6bb0 .scope module, "mux_alu" "MUX_ALU" 4 123, 9 1 0, S_00000000067da970;
 .timescale -12 -12;
    .port_info 0 /INPUT 8 "_0";
    .port_info 1 /INPUT 8 "_1";
    .port_info 2 /INPUT 1 "S";
    .port_info 3 /OUTPUT 8 "Y";
v00000000067ed9b0_0 .net "S", 0 0, v00000000067e2930_0;  alias, 1 drivers
v00000000067ed2d0_0 .net "Y", 7 0, L_0000000006852720;  alias, 1 drivers
v00000000067ed550_0 .net "_0", 7 0, v00000000067e2a70_0;  alias, 1 drivers
v00000000067ed7d0_0 .net "_1", 7 0, L_000000000685cd20;  alias, 1 drivers
L_0000000006852720 .functor MUXZ 8, v00000000067e2a70_0, L_000000000685cd20, v00000000067e2930_0, C4<>;
S_00000000067efbf0 .scope module, "pc_arithmetic" "pc_alu" 4 63, 10 1 0, S_00000000067da970;
 .timescale -12 -12;
    .port_info 0 /INPUT 7 "k";
    .port_info 1 /INPUT 7 "PC_count";
    .port_info 2 /INPUT 1 "instruction";
    .port_info 3 /OUTPUT 7 "newPC";
L_000000000685c3f0 .functor BUFZ 7, v00000000067ed870_0, C4<0000000>, C4<0000000>, C4<0000000>;
v00000000067ee450_0 .net "PC_count", 6 0, v00000000067ed370_0;  alias, 1 drivers
v00000000067ed870_0 .var "_newPC", 6 0;
v00000000067eda50_0 .net "instruction", 0 0, L_000000000685c0e0;  alias, 1 drivers
v00000000067eed10_0 .net "k", 6 0, L_000000000685d0a0;  alias, 1 drivers
v00000000067ecf10_0 .var "neg_k", 6 0;
v00000000067eedb0_0 .net "newPC", 6 0, L_000000000685c3f0;  alias, 1 drivers
E_000000000670f1a0 .event anyedge, v00000000067e21b0_0, v00000000067ee450_0, v00000000067eec70_0;
S_00000000067f11d0 .scope module, "program_counter" "pc" 4 54, 11 1 0, S_00000000067da970;
 .timescale -12 -12;
    .port_info 0 /INPUT 1 "clock";
    .port_info 1 /INPUT 1 "reset";
    .port_info 2 /INPUT 1 "load";
    .port_info 3 /INPUT 7 "loadValue";
    .port_info 4 /OUTPUT 7 "count";
v00000000067ee6d0_0 .net "clock", 0 0, v00000000067ef490_0;  alias, 1 drivers
v00000000067ed370_0 .var "count", 6 0;
v00000000067edaf0_0 .var "delay", 0 0;
v00000000067ee270_0 .net "load", 0 0, L_000000000685d3b0;  alias, 1 drivers
v00000000067ec8d0_0 .net "loadValue", 6 0, L_000000000685c3f0;  alias, 1 drivers
v00000000067edb90_0 .net "reset", 0 0, v00000000067ef530_0;  alias, 1 drivers
S_00000000067f0eb0 .scope module, "program_memory" "flash_memory" 4 71, 12 1 0, S_00000000067da970;
 .timescale -12 -12;
    .port_info 0 /INPUT 7 "address";
    .port_info 1 /OUTPUT 16 "data";
L_000000000685d5e0 .functor BUFZ 16, L_0000000006853f80, C4<0000000000000000>, C4<0000000000000000>, C4<0000000000000000>;
v00000000067ecbf0_0 .net *"_ivl_0", 15 0, L_0000000006853f80;  1 drivers
v00000000067ecc90_0 .net *"_ivl_2", 8 0, L_00000000068539e0;  1 drivers
L_00000000067fa478 .functor BUFT 1, C4<00>, C4<0>, C4<0>, C4<0>;
v00000000067eee50_0 .net *"_ivl_5", 1 0, L_00000000067fa478;  1 drivers
v00000000067ed5f0_0 .net "address", 6 0, v00000000067ed370_0;  alias, 1 drivers
v00000000067edd70_0 .net "data", 15 0, L_000000000685d5e0;  alias, 1 drivers
v00000000067ed690 .array "mem", 127 0, 15 0;
L_0000000006853f80 .array/port v00000000067ed690, L_00000000068539e0;
L_00000000068539e0 .concat [ 7 2 0 0], v00000000067ed370_0, L_00000000067fa478;
    .scope S_000000000650ca60;
T_2 ;
    %pushi/vec4 0, 0, 1;
    %store/vec4 v00000000067af710_0, 0, 1;
    %pushi/vec4 0, 0, 1;
    %store/vec4 v00000000067af8f0_0, 0, 1;
    %end;
    .thread T_2;
    .scope S_000000000650ca60;
T_3 ;
    %wait E_000000000670a720;
    %load/vec4 v00000000067396a0_0;
    %flag_set/vec4 8;
    %jmp/0xz  T_3.0, 8;
    %load/vec4 v00000000065d2e60_0;
    %flag_set/vec4 8;
    %jmp/0 T_3.2, 8;
    %pushi/vec4 0, 0, 1;
    %jmp/1 T_3.3, 8;
T_3.2 ; End of true expr.
    %load/vec4 v00000000067ae8b0_0;
    %jmp/0 T_3.3, 8;
 ; End of false expr.
    %blend;
T_3.3;
    %assign/vec4 v00000000067af710_0, 0;
T_3.0 ;
    %jmp T_3;
    .thread T_3;
    .scope S_000000000650ca60;
T_4 ;
    %wait E_000000000670ace0;
    %load/vec4 v00000000065d2e60_0;
    %flag_set/vec4 8;
    %jmp/0xz  T_4.0, 8;
    %pushi/vec4 0, 0, 1;
    %assign/vec4 v00000000067af8f0_0, 0;
    %jmp T_4.1;
T_4.0 ;
    %load/vec4 v00000000067396a0_0;
    %flag_set/vec4 8;
    %jmp/0xz  T_4.2, 8;
    %load/vec4 v00000000067ae8b0_0;
    %assign/vec4 v00000000067af8f0_0, 0;
T_4.2 ;
T_4.1 ;
    %jmp T_4;
    .thread T_4;
    .scope S_00000000065b6a20;
T_5 ;
    %pushi/vec4 0, 0, 32;
    %store/vec4 v00000000067ae130_0, 0, 32;
T_5.0 ; Top of for-loop 
    %load/vec4 v00000000067ae130_0;
    %cmpi/s 16, 0, 32;
    %jmp/0xz T_5.1, 5;
    %pushi/vec4 0, 0, 256;
    %load/vec4 v00000000067ae130_0;
    %muli 16, 0, 32;
    %part/s 16;
    %pushi/vec4 0, 0, 32;
    %load/vec4 v00000000067ae130_0;
    %add;
    %ix/vec4/s 4;
    %store/vec4a v00000000067ae590, 4, 0;
    %pushi/vec4 0, 0, 256;
    %load/vec4 v00000000067ae130_0;
    %muli 16, 0, 32;
    %part/s 16;
    %pushi/vec4 16, 0, 32;
    %load/vec4 v00000000067ae130_0;
    %add;
    %ix/vec4/s 4;
    %store/vec4a v00000000067ae590, 4, 0;
    %pushi/vec4 0, 0, 256;
    %load/vec4 v00000000067ae130_0;
    %muli 16, 0, 32;
    %part/s 16;
    %pushi/vec4 32, 0, 32;
    %load/vec4 v00000000067ae130_0;
    %add;
    %ix/vec4/s 4;
    %store/vec4a v00000000067ae590, 4, 0;
    %pushi/vec4 0, 0, 256;
    %load/vec4 v00000000067ae130_0;
    %muli 16, 0, 32;
    %part/s 16;
    %pushi/vec4 48, 0, 32;
    %load/vec4 v00000000067ae130_0;
    %add;
    %ix/vec4/s 4;
    %store/vec4a v00000000067ae590, 4, 0;
    %pushi/vec4 0, 0, 256;
    %load/vec4 v00000000067ae130_0;
    %muli 16, 0, 32;
    %part/s 16;
    %pushi/vec4 64, 0, 32;
    %load/vec4 v00000000067ae130_0;
    %add;
    %ix/vec4/s 4;
    %store/vec4a v00000000067ae590, 4, 0;
    %pushi/vec4 0, 0, 256;
    %load/vec4 v00000000067ae130_0;
    %muli 16, 0, 32;
    %part/s 16;
    %pushi/vec4 80, 0, 32;
    %load/vec4 v00000000067ae130_0;
    %add;
    %ix/vec4/s 4;
    %store/vec4a v00000000067ae590, 4, 0;
    %pushi/vec4 0, 0, 256;
    %load/vec4 v00000000067ae130_0;
    %muli 16, 0, 32;
    %part/s 16;
    %pushi/vec4 96, 0, 32;
    %load/vec4 v00000000067ae130_0;
    %add;
    %ix/vec4/s 4;
    %store/vec4a v00000000067ae590, 4, 0;
    %pushi/vec4 0, 0, 256;
    %load/vec4 v00000000067ae130_0;
    %muli 16, 0, 32;
    %part/s 16;
    %pushi/vec4 112, 0, 32;
    %load/vec4 v00000000067ae130_0;
    %add;
    %ix/vec4/s 4;
    %store/vec4a v00000000067ae590, 4, 0;
    %pushi/vec4 0, 0, 256;
    %load/vec4 v00000000067ae130_0;
    %muli 16, 0, 32;
    %part/s 16;
    %pushi/vec4 128, 0, 32;
    %load/vec4 v00000000067ae130_0;
    %add;
    %ix/vec4/s 4;
    %store/vec4a v00000000067ae590, 4, 0;
    %pushi/vec4 0, 0, 256;
    %load/vec4 v00000000067ae130_0;
    %muli 16, 0, 32;
    %part/s 16;
    %pushi/vec4 144, 0, 32;
    %load/vec4 v00000000067ae130_0;
    %add;
    %ix/vec4/s 4;
    %store/vec4a v00000000067ae590, 4, 0;
    %pushi/vec4 0, 0, 256;
    %load/vec4 v00000000067ae130_0;
    %muli 16, 0, 32;
    %part/s 16;
    %pushi/vec4 160, 0, 32;
    %load/vec4 v00000000067ae130_0;
    %add;
    %ix/vec4/s 4;
    %store/vec4a v00000000067ae590, 4, 0;
    %pushi/vec4 0, 0, 256;
    %load/vec4 v00000000067ae130_0;
    %muli 16, 0, 32;
    %part/s 16;
    %pushi/vec4 176, 0, 32;
    %load/vec4 v00000000067ae130_0;
    %add;
    %ix/vec4/s 4;
    %store/vec4a v00000000067ae590, 4, 0;
    %pushi/vec4 0, 0, 256;
    %load/vec4 v00000000067ae130_0;
    %muli 16, 0, 32;
    %part/s 16;
    %pushi/vec4 192, 0, 32;
    %load/vec4 v00000000067ae130_0;
    %add;
    %ix/vec4/s 4;
    %store/vec4a v00000000067ae590, 4, 0;
    %pushi/vec4 0, 0, 256;
    %load/vec4 v00000000067ae130_0;
    %muli 16, 0, 32;
    %part/s 16;
    %pushi/vec4 208, 0, 32;
    %load/vec4 v00000000067ae130_0;
    %add;
    %ix/vec4/s 4;
    %store/vec4a v00000000067ae590, 4, 0;
    %pushi/vec4 0, 0, 256;
    %load/vec4 v00000000067ae130_0;
    %muli 16, 0, 32;
    %part/s 16;
    %pushi/vec4 224, 0, 32;
    %load/vec4 v00000000067ae130_0;
    %add;
    %ix/vec4/s 4;
    %store/vec4a v00000000067ae590, 4, 0;
    %pushi/vec4 0, 0, 256;
    %load/vec4 v00000000067ae130_0;
    %muli 16, 0, 32;
    %part/s 16;
    %pushi/vec4 240, 0, 32;
    %load/vec4 v00000000067ae130_0;
    %add;
    %ix/vec4/s 4;
    %store/vec4a v00000000067ae590, 4, 0;
T_5.2 ; for-loop step statement
    %load/vec4 v00000000067ae130_0;
    %addi 1, 0, 32;
    %store/vec4 v00000000067ae130_0, 0, 32;
    %jmp T_5.0;
T_5.1 ; for-loop exit label
    %end;
    .thread T_5;
    .scope S_00000000065b6a20;
T_6 ;
    %wait E_000000000670bf20;
    %load/vec4 v00000000067ae9f0_0;
    %flag_set/vec4 9;
    %flag_get/vec4 9;
    %jmp/0 T_6.2, 9;
    %load/vec4 v00000000067adcd0_0;
    %and;
T_6.2;
    %flag_set/vec4 8;
    %jmp/0xz  T_6.0, 8;
    %load/vec4 v00000000067af2b0_0;
    %parti/s 1, 0, 2;
    %nor/r;
    %flag_set/vec4 8;
    %jmp/0xz  T_6.3, 8;
    %load/vec4 v00000000067ae810_0;
    %parti/s 1, 0, 2;
    %load/vec4 v00000000067adff0_0;
    %parti/s 8, 0, 2;
    %pad/u 10;
    %ix/vec4 3;
    %ix/load 4, 0, 0; Constant delay
    %assign/vec4/a/d v00000000067ae590, 0, 4;
T_6.3 ;
    %load/vec4 v00000000067af2b0_0;
    %parti/s 1, 1, 2;
    %nor/r;
    %flag_set/vec4 8;
    %jmp/0xz  T_6.5, 8;
    %load/vec4 v00000000067ae810_0;
    %parti/s 1, 1, 2;
    %load/vec4 v00000000067adff0_0;
    %parti/s 8, 0, 2;
    %pad/u 10;
    %ix/vec4 3;
    %ix/load 4, 1, 0; part off
    %ix/load 5, 0, 0; Constant delay
    %assign/vec4/a/d v00000000067ae590, 4, 5;
T_6.5 ;
    %load/vec4 v00000000067af2b0_0;
    %parti/s 1, 2, 3;
    %nor/r;
    %flag_set/vec4 8;
    %jmp/0xz  T_6.7, 8;
    %load/vec4 v00000000067ae810_0;
    %parti/s 1, 2, 3;
    %load/vec4 v00000000067adff0_0;
    %parti/s 8, 0, 2;
    %pad/u 10;
    %ix/vec4 3;
    %ix/load 4, 2, 0; part off
    %ix/load 5, 0, 0; Constant delay
    %assign/vec4/a/d v00000000067ae590, 4, 5;
T_6.7 ;
    %load/vec4 v00000000067af2b0_0;
    %parti/s 1, 3, 3;
    %nor/r;
    %flag_set/vec4 8;
    %jmp/0xz  T_6.9, 8;
    %load/vec4 v00000000067ae810_0;
    %parti/s 1, 3, 3;
    %load/vec4 v00000000067adff0_0;
    %parti/s 8, 0, 2;
    %pad/u 10;
    %ix/vec4 3;
    %ix/load 4, 3, 0; part off
    %ix/load 5, 0, 0; Constant delay
    %assign/vec4/a/d v00000000067ae590, 4, 5;
T_6.9 ;
    %load/vec4 v00000000067af2b0_0;
    %parti/s 1, 4, 4;
    %nor/r;
    %flag_set/vec4 8;
    %jmp/0xz  T_6.11, 8;
    %load/vec4 v00000000067ae810_0;
    %parti/s 1, 4, 4;
    %load/vec4 v00000000067adff0_0;
    %parti/s 8, 0, 2;
    %pad/u 10;
    %ix/vec4 3;
    %ix/load 4, 4, 0; part off
    %ix/load 5, 0, 0; Constant delay
    %assign/vec4/a/d v00000000067ae590, 4, 5;
T_6.11 ;
    %load/vec4 v00000000067af2b0_0;
    %parti/s 1, 5, 4;
    %nor/r;
    %flag_set/vec4 8;
    %jmp/0xz  T_6.13, 8;
    %load/vec4 v00000000067ae810_0;
    %parti/s 1, 5, 4;
    %load/vec4 v00000000067adff0_0;
    %parti/s 8, 0, 2;
    %pad/u 10;
    %ix/vec4 3;
    %ix/load 4, 5, 0; part off
    %ix/load 5, 0, 0; Constant delay
    %assign/vec4/a/d v00000000067ae590, 4, 5;
T_6.13 ;
    %load/vec4 v00000000067af2b0_0;
    %parti/s 1, 6, 4;
    %nor/r;
    %flag_set/vec4 8;
    %jmp/0xz  T_6.15, 8;
    %load/vec4 v00000000067ae810_0;
    %parti/s 1, 6, 4;
    %load/vec4 v00000000067adff0_0;
    %parti/s 8, 0, 2;
    %pad/u 10;
    %ix/vec4 3;
    %ix/load 4, 6, 0; part off
    %ix/load 5, 0, 0; Constant delay
    %assign/vec4/a/d v00000000067ae590, 4, 5;
T_6.15 ;
    %load/vec4 v00000000067af2b0_0;
    %parti/s 1, 7, 4;
    %nor/r;
    %flag_set/vec4 8;
    %jmp/0xz  T_6.17, 8;
    %load/vec4 v00000000067ae810_0;
    %parti/s 1, 7, 4;
    %load/vec4 v00000000067adff0_0;
    %parti/s 8, 0, 2;
    %pad/u 10;
    %ix/vec4 3;
    %ix/load 4, 7, 0; part off
    %ix/load 5, 0, 0; Constant delay
    %assign/vec4/a/d v00000000067ae590, 4, 5;
T_6.17 ;
    %load/vec4 v00000000067af2b0_0;
    %parti/s 1, 8, 5;
    %nor/r;
    %flag_set/vec4 8;
    %jmp/0xz  T_6.19, 8;
    %load/vec4 v00000000067ae810_0;
    %parti/s 1, 8, 5;
    %load/vec4 v00000000067adff0_0;
    %parti/s 8, 0, 2;
    %pad/u 10;
    %ix/vec4 3;
    %ix/load 4, 8, 0; part off
    %ix/load 5, 0, 0; Constant delay
    %assign/vec4/a/d v00000000067ae590, 4, 5;
T_6.19 ;
    %load/vec4 v00000000067af2b0_0;
    %parti/s 1, 9, 5;
    %nor/r;
    %flag_set/vec4 8;
    %jmp/0xz  T_6.21, 8;
    %load/vec4 v00000000067ae810_0;
    %parti/s 1, 9, 5;
    %load/vec4 v00000000067adff0_0;
    %parti/s 8, 0, 2;
    %pad/u 10;
    %ix/vec4 3;
    %ix/load 4, 9, 0; part off
    %ix/load 5, 0, 0; Constant delay
    %assign/vec4/a/d v00000000067ae590, 4, 5;
T_6.21 ;
    %load/vec4 v00000000067af2b0_0;
    %parti/s 1, 10, 5;
    %nor/r;
    %flag_set/vec4 8;
    %jmp/0xz  T_6.23, 8;
    %load/vec4 v00000000067ae810_0;
    %parti/s 1, 10, 5;
    %load/vec4 v00000000067adff0_0;
    %parti/s 8, 0, 2;
    %pad/u 10;
    %ix/vec4 3;
    %ix/load 4, 10, 0; part off
    %ix/load 5, 0, 0; Constant delay
    %assign/vec4/a/d v00000000067ae590, 4, 5;
T_6.23 ;
    %load/vec4 v00000000067af2b0_0;
    %parti/s 1, 11, 5;
    %nor/r;
    %flag_set/vec4 8;
    %jmp/0xz  T_6.25, 8;
    %load/vec4 v00000000067ae810_0;
    %parti/s 1, 11, 5;
    %load/vec4 v00000000067adff0_0;
    %parti/s 8, 0, 2;
    %pad/u 10;
    %ix/vec4 3;
    %ix/load 4, 11, 0; part off
    %ix/load 5, 0, 0; Constant delay
    %assign/vec4/a/d v00000000067ae590, 4, 5;
T_6.25 ;
    %load/vec4 v00000000067af2b0_0;
    %parti/s 1, 12, 5;
    %nor/r;
    %flag_set/vec4 8;
    %jmp/0xz  T_6.27, 8;
    %load/vec4 v00000000067ae810_0;
    %parti/s 1, 12, 5;
    %load/vec4 v00000000067adff0_0;
    %parti/s 8, 0, 2;
    %pad/u 10;
    %ix/vec4 3;
    %ix/load 4, 12, 0; part off
    %ix/load 5, 0, 0; Constant delay
    %assign/vec4/a/d v00000000067ae590, 4, 5;
T_6.27 ;
    %load/vec4 v00000000067af2b0_0;
    %parti/s 1, 13, 5;
    %nor/r;
    %flag_set/vec4 8;
    %jmp/0xz  T_6.29, 8;
    %load/vec4 v00000000067ae810_0;
    %parti/s 1, 13, 5;
    %load/vec4 v00000000067adff0_0;
    %parti/s 8, 0, 2;
    %pad/u 10;
    %ix/vec4 3;
    %ix/load 4, 13, 0; part off
    %ix/load 5, 0, 0; Constant delay
    %assign/vec4/a/d v00000000067ae590, 4, 5;
T_6.29 ;
    %load/vec4 v00000000067af2b0_0;
    %parti/s 1, 14, 5;
    %nor/r;
    %flag_set/vec4 8;
    %jmp/0xz  T_6.31, 8;
    %load/vec4 v00000000067ae810_0;
    %parti/s 1, 14, 5;
    %load/vec4 v00000000067adff0_0;
    %parti/s 8, 0, 2;
    %pad/u 10;
    %ix/vec4 3;
    %ix/load 4, 14, 0; part off
    %ix/load 5, 0, 0; Constant delay
    %assign/vec4/a/d v00000000067ae590, 4, 5;
T_6.31 ;
    %load/vec4 v00000000067af2b0_0;
    %parti/s 1, 15, 5;
    %nor/r;
    %flag_set/vec4 8;
    %jmp/0xz  T_6.33, 8;
    %load/vec4 v00000000067ae810_0;
    %parti/s 1, 15, 5;
    %load/vec4 v00000000067adff0_0;
    %parti/s 8, 0, 2;
    %pad/u 10;
    %ix/vec4 3;
    %ix/load 4, 15, 0; part off
    %ix/load 5, 0, 0; Constant delay
    %assign/vec4/a/d v00000000067ae590, 4, 5;
T_6.33 ;
T_6.0 ;
    %jmp T_6;
    .thread T_6;
    .scope S_00000000065b6a20;
T_7 ;
    %wait E_000000000670a360;
    %load/vec4 v00000000067afa30_0;
    %flag_set/vec4 9;
    %flag_get/vec4 9;
    %jmp/0 T_7.2, 9;
    %load/vec4 v00000000067af3f0_0;
    %and;
T_7.2;
    %flag_set/vec4 8;
    %jmp/0xz  T_7.0, 8;
    %load/vec4 v00000000067ae770_0;
    %parti/s 8, 0, 2;
    %pad/u 10;
    %ix/vec4 4;
    %load/vec4a v00000000067ae590, 4;
    %load/vec4 v00000000067af210_0;
    %inv;
    %and;
    %assign/vec4 v00000000067af030_0, 0;
T_7.0 ;
    %jmp T_7;
    .thread T_7;
    .scope S_00000000065d9b40;
T_8 ;
    %pushi/vec4 0, 0, 1;
    %store/vec4 v00000000067b2a20_0, 0, 1;
    %end;
    .thread T_8;
    .scope S_00000000065d9b40;
T_9 ;
    %wait E_000000000670bfa0;
    %load/vec4 v00000000067b40a0_0;
    %assign/vec4 v00000000067b2a20_0, 0;
    %jmp T_9;
    .thread T_9;
    .scope S_0000000006442fc0;
T_10 ;
    %pushi/vec4 0, 0, 1;
    %store/vec4 v00000000067b2200_0, 0, 1;
    %end;
    .thread T_10;
    .scope S_0000000006442fc0;
T_11 ;
    %wait E_000000000670bfe0;
    %load/vec4 v00000000067b4320_0;
    %flag_set/vec4 8;
    %jmp/0xz  T_11.0, 8;
    %load/vec4 v00000000067b2f20_0;
    %assign/vec4 v00000000067b2200_0, 0;
T_11.0 ;
    %jmp T_11;
    .thread T_11;
    .scope S_0000000006443150;
T_12 ;
    %pushi/vec4 0, 0, 1;
    %store/vec4 v00000000067b3b00_0, 0, 1;
    %end;
    .thread T_12;
    .scope S_0000000006443150;
T_13 ;
    %wait E_000000000670d0a0;
    %load/vec4 v00000000067b31a0_0;
    %flag_set/vec4 8;
    %jmp/0xz  T_13.0, 8;
    %pushi/vec4 0, 0, 1;
    %assign/vec4 v00000000067b3b00_0, 0;
    %jmp T_13.1;
T_13.0 ;
    %load/vec4 v00000000067b3100_0;
    %flag_set/vec4 8;
    %jmp/0xz  T_13.2, 8;
    %load/vec4 v00000000067b2ac0_0;
    %assign/vec4 v00000000067b3b00_0, 0;
T_13.2 ;
T_13.1 ;
    %jmp T_13;
    .thread T_13;
    .scope S_00000000064432e0;
T_14 ;
    %pushi/vec4 0, 0, 1;
    %store/vec4 v00000000067b32e0_0, 0, 1;
    %end;
    .thread T_14;
    .scope S_00000000064432e0;
T_15 ;
    %wait E_000000000670c360;
    %load/vec4 v00000000067b1c60_0;
    %flag_set/vec4 8;
    %jmp/0xz  T_15.0, 8;
    %pushi/vec4 1, 0, 1;
    %assign/vec4 v00000000067b32e0_0, 0;
    %jmp T_15.1;
T_15.0 ;
    %load/vec4 v00000000067b4280_0;
    %flag_set/vec4 8;
    %jmp/0xz  T_15.2, 8;
    %load/vec4 v00000000067b34c0_0;
    %assign/vec4 v00000000067b32e0_0, 0;
T_15.2 ;
T_15.1 ;
    %jmp T_15;
    .thread T_15;
    .scope S_00000000064478d0;
T_16 ;
    %pushi/vec4 0, 0, 1;
    %store/vec4 v00000000067b1e40_0, 0, 1;
    %end;
    .thread T_16;
    .scope S_00000000064478d0;
T_17 ;
    %wait E_000000000670c3a0;
    %load/vec4 v00000000067b2840_0;
    %flag_set/vec4 8;
    %jmp/0xz  T_17.0, 8;
    %load/vec4 v00000000067b28e0_0;
    %flag_set/vec4 8;
    %jmp/0xz  T_17.2, 8;
    %pushi/vec4 0, 0, 1;
    %assign/vec4 v00000000067b1e40_0, 0;
    %jmp T_17.3;
T_17.2 ;
    %load/vec4 v00000000067b3f60_0;
    %assign/vec4 v00000000067b1e40_0, 0;
T_17.3 ;
T_17.0 ;
    %jmp T_17;
    .thread T_17;
    .scope S_0000000006447a60;
T_18 ;
    %pushi/vec4 0, 0, 1;
    %store/vec4 v00000000067b1d00_0, 0, 1;
    %end;
    .thread T_18;
    .scope S_0000000006447a60;
T_19 ;
    %wait E_000000000670e0a0;
    %load/vec4 v00000000067b2480_0;
    %flag_set/vec4 8;
    %jmp/0xz  T_19.0, 8;
    %load/vec4 v00000000067b1da0_0;
    %flag_set/vec4 8;
    %jmp/0xz  T_19.2, 8;
    %pushi/vec4 1, 0, 1;
    %assign/vec4 v00000000067b1d00_0, 0;
    %jmp T_19.3;
T_19.2 ;
    %load/vec4 v00000000067b3ec0_0;
    %assign/vec4 v00000000067b1d00_0, 0;
T_19.3 ;
T_19.0 ;
    %jmp T_19;
    .thread T_19;
    .scope S_0000000006447bf0;
T_20 ;
    %pushi/vec4 0, 0, 1;
    %store/vec4 v00000000067b1ee0_0, 0, 1;
    %end;
    .thread T_20;
    .scope S_0000000006447bf0;
T_21 ;
    %wait E_000000000670e020;
    %load/vec4 v00000000067b3880_0;
    %assign/vec4 v00000000067b1ee0_0, 0;
    %jmp T_21;
    .thread T_21;
    .scope S_0000000006451f40;
T_22 ;
    %pushi/vec4 0, 0, 1;
    %store/vec4 v00000000067b3d80_0, 0, 1;
    %end;
    .thread T_22;
    .scope S_0000000006451f40;
T_23 ;
    %wait E_000000000670da60;
    %load/vec4 v00000000067b2c00_0;
    %flag_set/vec4 8;
    %jmp/0xz  T_23.0, 8;
    %load/vec4 v00000000067b3e20_0;
    %assign/vec4 v00000000067b3d80_0, 0;
T_23.0 ;
    %jmp T_23;
    .thread T_23;
    .scope S_00000000064520d0;
T_24 ;
    %pushi/vec4 0, 0, 1;
    %store/vec4 v00000000067b2980_0, 0, 1;
    %end;
    .thread T_24;
    .scope S_00000000064520d0;
T_25 ;
    %wait E_000000000670d260;
    %load/vec4 v00000000067b2e80_0;
    %flag_set/vec4 8;
    %jmp/0xz  T_25.0, 8;
    %pushi/vec4 0, 0, 1;
    %assign/vec4 v00000000067b2980_0, 0;
    %jmp T_25.1;
T_25.0 ;
    %load/vec4 v00000000067b2de0_0;
    %flag_set/vec4 8;
    %jmp/0xz  T_25.2, 8;
    %load/vec4 v00000000067b3c40_0;
    %assign/vec4 v00000000067b2980_0, 0;
T_25.2 ;
T_25.1 ;
    %jmp T_25;
    .thread T_25;
    .scope S_0000000006452260;
T_26 ;
    %pushi/vec4 0, 0, 1;
    %store/vec4 v00000000067b2340_0, 0, 1;
    %end;
    .thread T_26;
    .scope S_0000000006452260;
T_27 ;
    %wait E_000000000670d5a0;
    %load/vec4 v00000000067b2d40_0;
    %flag_set/vec4 8;
    %jmp/0xz  T_27.0, 8;
    %pushi/vec4 1, 0, 1;
    %assign/vec4 v00000000067b2340_0, 0;
    %jmp T_27.1;
T_27.0 ;
    %load/vec4 v00000000067b2160_0;
    %flag_set/vec4 8;
    %jmp/0xz  T_27.2, 8;
    %load/vec4 v00000000067b2020_0;
    %assign/vec4 v00000000067b2340_0, 0;
T_27.2 ;
T_27.1 ;
    %jmp T_27;
    .thread T_27;
    .scope S_000000000644ed70;
T_28 ;
    %pushi/vec4 0, 0, 1;
    %store/vec4 v00000000067b23e0_0, 0, 1;
    %end;
    .thread T_28;
    .scope S_000000000644ed70;
T_29 ;
    %wait E_000000000670e120;
    %load/vec4 v00000000067b4000_0;
    %flag_set/vec4 8;
    %jmp/0xz  T_29.0, 8;
    %load/vec4 v00000000067b3a60_0;
    %flag_set/vec4 8;
    %jmp/0xz  T_29.2, 8;
    %pushi/vec4 0, 0, 1;
    %assign/vec4 v00000000067b23e0_0, 0;
    %jmp T_29.3;
T_29.2 ;
    %load/vec4 v00000000067b3060_0;
    %assign/vec4 v00000000067b23e0_0, 0;
T_29.3 ;
T_29.0 ;
    %jmp T_29;
    .thread T_29;
    .scope S_00000000064d36b0;
T_30 ;
    %pushi/vec4 0, 0, 1;
    %store/vec4 v00000000067b3240_0, 0, 1;
    %end;
    .thread T_30;
    .scope S_00000000064d36b0;
T_31 ;
    %wait E_000000000670d360;
    %load/vec4 v00000000067b25c0_0;
    %flag_set/vec4 8;
    %jmp/0xz  T_31.0, 8;
    %load/vec4 v00000000067b3ba0_0;
    %flag_set/vec4 8;
    %jmp/0xz  T_31.2, 8;
    %pushi/vec4 1, 0, 1;
    %assign/vec4 v00000000067b3240_0, 0;
    %jmp T_31.3;
T_31.2 ;
    %load/vec4 v00000000067b3ce0_0;
    %assign/vec4 v00000000067b3240_0, 0;
T_31.3 ;
T_31.0 ;
    %jmp T_31;
    .thread T_31;
    .scope S_00000000064d3840;
T_32 ;
    %pushi/vec4 0, 0, 1;
    %store/vec4 v00000000067b3380_0, 0, 1;
    %end;
    .thread T_32;
    .scope S_00000000064d3840;
T_33 ;
    %wait E_000000000670dda0;
    %load/vec4 v00000000067b3420_0;
    %flag_set/vec4 8;
    %jmp/0xz  T_33.0, 8;
    %pushi/vec4 0, 0, 1;
    %assign/vec4 v00000000067b3380_0, 0;
    %jmp T_33.1;
T_33.0 ;
    %load/vec4 v00000000067b2660_0;
    %assign/vec4 v00000000067b3380_0, 0;
T_33.1 ;
    %jmp T_33;
    .thread T_33;
    .scope S_00000000064d3e80;
T_34 ;
    %pushi/vec4 0, 0, 1;
    %store/vec4 v00000000067b36a0_0, 0, 1;
    %end;
    .thread T_34;
    .scope S_00000000064d3e80;
T_35 ;
    %wait E_000000000670e060;
    %load/vec4 v00000000067b3740_0;
    %flag_set/vec4 8;
    %jmp/0xz  T_35.0, 8;
    %pushi/vec4 1, 0, 1;
    %assign/vec4 v00000000067b36a0_0, 0;
    %jmp T_35.1;
T_35.0 ;
    %load/vec4 v00000000067b3600_0;
    %assign/vec4 v00000000067b36a0_0, 0;
T_35.1 ;
    %jmp T_35;
    .thread T_35;
    .scope S_00000000064d3cf0;
T_36 ;
    %pushi/vec4 0, 0, 1;
    %store/vec4 v00000000067b8dd0_0, 0, 1;
    %end;
    .thread T_36;
    .scope S_00000000064d3cf0;
T_37 ;
    %wait E_000000000670d960;
    %load/vec4 v00000000067b8d30_0;
    %flag_set/vec4 8;
    %jmp/0xz  T_37.0, 8;
    %pushi/vec4 0, 0, 1;
    %assign/vec4 v00000000067b8dd0_0, 0;
    %jmp T_37.1;
T_37.0 ;
    %load/vec4 v00000000067b39c0_0;
    %assign/vec4 v00000000067b8dd0_0, 0;
T_37.1 ;
    %jmp T_37;
    .thread T_37;
    .scope S_00000000064d3520;
T_38 ;
    %pushi/vec4 0, 0, 1;
    %store/vec4 v00000000067b83d0_0, 0, 1;
    %end;
    .thread T_38;
    .scope S_00000000064d3520;
T_39 ;
    %wait E_000000000670dfa0;
    %load/vec4 v00000000067b90f0_0;
    %flag_set/vec4 8;
    %jmp/0xz  T_39.0, 8;
    %pushi/vec4 1, 0, 1;
    %assign/vec4 v00000000067b83d0_0, 0;
    %jmp T_39.1;
T_39.0 ;
    %load/vec4 v00000000067b8470_0;
    %assign/vec4 v00000000067b83d0_0, 0;
T_39.1 ;
    %jmp T_39;
    .thread T_39;
    .scope S_00000000064d4010;
T_40 ;
    %pushi/vec4 0, 0, 1;
    %store/vec4 v00000000067b8fb0_0, 0, 1;
    %end;
    .thread T_40;
    .scope S_00000000064d4010;
T_41 ;
    %wait E_000000000670e0e0;
    %load/vec4 v00000000067b9870_0;
    %flag_set/vec4 8;
    %jmp/0xz  T_41.0, 8;
    %pushi/vec4 0, 0, 1;
    %assign/vec4 v00000000067b8fb0_0, 0;
    %jmp T_41.1;
T_41.0 ;
    %load/vec4 v00000000067b94b0_0;
    %assign/vec4 v00000000067b8fb0_0, 0;
T_41.1 ;
    %jmp T_41;
    .thread T_41;
    .scope S_00000000064d3390;
T_42 ;
    %pushi/vec4 0, 0, 1;
    %store/vec4 v00000000067b8510_0, 0, 1;
    %end;
    .thread T_42;
    .scope S_00000000064d3390;
T_43 ;
    %wait E_000000000670d9e0;
    %load/vec4 v00000000067b92d0_0;
    %flag_set/vec4 8;
    %jmp/0xz  T_43.0, 8;
    %pushi/vec4 1, 0, 1;
    %assign/vec4 v00000000067b8510_0, 0;
    %jmp T_43.1;
T_43.0 ;
    %load/vec4 v00000000067b9410_0;
    %assign/vec4 v00000000067b8510_0, 0;
T_43.1 ;
    %jmp T_43;
    .thread T_43;
    .scope S_00000000064d3b60;
T_44 ;
    %pushi/vec4 0, 0, 1;
    %store/vec4 v00000000067b8830_0, 0, 1;
    %end;
    .thread T_44;
    .scope S_00000000064d3b60;
T_45 ;
    %wait E_000000000670d5e0;
    %load/vec4 v00000000067b9a50_0;
    %flag_set/vec4 8;
    %jmp/0xz  T_45.0, 8;
    %pushi/vec4 0, 0, 1;
    %assign/vec4 v00000000067b8830_0, 0;
    %jmp T_45.1;
T_45.0 ;
    %load/vec4 v00000000067b8e70_0;
    %assign/vec4 v00000000067b8830_0, 0;
T_45.1 ;
    %jmp T_45;
    .thread T_45;
    .scope S_00000000064d39d0;
T_46 ;
    %pushi/vec4 0, 0, 1;
    %store/vec4 v00000000067b9550_0, 0, 1;
    %end;
    .thread T_46;
    .scope S_00000000064d39d0;
T_47 ;
    %wait E_000000000670d620;
    %load/vec4 v00000000067b9190_0;
    %flag_set/vec4 8;
    %jmp/0xz  T_47.0, 8;
    %pushi/vec4 1, 0, 1;
    %assign/vec4 v00000000067b9550_0, 0;
    %jmp T_47.1;
T_47.0 ;
    %load/vec4 v00000000067b9230_0;
    %assign/vec4 v00000000067b9550_0, 0;
T_47.1 ;
    %jmp T_47;
    .thread T_47;
    .scope S_00000000065b58f0;
T_48 ;
    %wait E_000000000670d320;
    %load/vec4 v00000000067b7c50_0;
    %assign/vec4 v00000000067b81f0_0, 0;
    %jmp T_48;
    .thread T_48;
    .scope S_00000000065b58f0;
T_49 ;
    %wait E_000000000670d320;
    %load/vec4 v00000000067b7c50_0;
    %flag_set/vec4 8;
    %jmp/0xz  T_49.0, 8;
    %load/vec4 v00000000067b97d0_0;
    %assign/vec4 v00000000067b6990_0, 0;
T_49.0 ;
    %jmp T_49;
    .thread T_49;
    .scope S_00000000065b58f0;
T_50 ;
    %wait E_000000000670d3a0;
    %load/vec4 v00000000067b81f0_0;
    %flag_set/vec4 8;
    %jmp/0xz  T_50.0, 8;
    %load/vec4 v00000000067b97d0_0;
    %assign/vec4 v00000000067b6c10_0, 0;
T_50.0 ;
    %jmp T_50;
    .thread T_50;
    .scope S_00000000065b58f0;
T_51 ;
    %wait E_000000000670d6a0;
    %load/vec4 v00000000067b7c50_0;
    %assign/vec4 v00000000067b5e50_0, 0;
    %jmp T_51;
    .thread T_51;
    .scope S_00000000065b58f0;
T_52 ;
    %wait E_000000000670d6a0;
    %load/vec4 v00000000067b7c50_0;
    %flag_set/vec4 8;
    %jmp/0xz  T_52.0, 8;
    %load/vec4 v00000000067b9690_0;
    %assign/vec4 v00000000067b7a70_0, 0;
T_52.0 ;
    %jmp T_52;
    .thread T_52;
    .scope S_00000000065b58f0;
T_53 ;
    %wait E_000000000670dd20;
    %load/vec4 v00000000067b5e50_0;
    %flag_set/vec4 8;
    %jmp/0xz  T_53.0, 8;
    %load/vec4 v00000000067b8f10_0;
    %assign/vec4 v00000000067b80b0_0, 0;
T_53.0 ;
    %jmp T_53;
    .thread T_53;
    .scope S_00000000065b58f0;
T_54 ;
    %wait E_000000000670d6a0;
    %load/vec4 v00000000067b7c50_0;
    %flag_set/vec4 8;
    %jmp/0xz  T_54.0, 8;
    %load/vec4 v00000000067b8c90_0;
    %assign/vec4 v00000000067b6530_0, 0;
T_54.0 ;
    %jmp T_54;
    .thread T_54;
    .scope S_00000000065b7510;
T_55 ;
    %wait E_000000000670dea0;
    %load/vec4 v00000000067b6990_0;
    %store/vec4 v00000000067b67b0_0, 0, 1;
    %load/vec4 v00000000067b6c10_0;
    %store/vec4 v00000000067b5f90_0, 0, 1;
    %jmp T_55;
    .thread T_55, $push;
    .scope S_00000000065b7510;
T_56 ;
    %wait E_000000000670d660;
    %load/vec4 v00000000067b9730_0;
    %assign/vec4 v00000000067b8150_0, 0;
    %jmp T_56;
    .thread T_56, $push;
    .scope S_00000000065b7510;
T_57 ;
    %wait E_000000000670d7a0;
    %load/vec4 v00000000067b8150_0;
    %assign/vec4 v00000000067b77f0_0, 0;
    %jmp T_57;
    .thread T_57, $push;
    .scope S_00000000065b7510;
T_58 ;
    %wait E_000000000670d520;
    %load/vec4 v00000000067b77f0_0;
    %pushi/vec4 0, 0, 1;
    %xor;
    %flag_set/vec4 8;
    %jmp/1 T_58.2, 8;
    %pushi/vec4 0, 0, 1;
    %flag_set/vec4 9;
    %flag_or 8, 9;
T_58.2;
    %jmp/0 T_58.0, 8;
    %load/vec4 v00000000067b7a70_0;
    %jmp/1 T_58.1, 8;
T_58.0 ; End of true expr.
    %load/vec4 v00000000067b80b0_0;
    %jmp/0 T_58.1, 8;
 ; End of false expr.
    %blend;
T_58.1;
    %store/vec4 v00000000067b6210_0, 0, 1;
    %jmp T_58;
    .thread T_58, $push;
    .scope S_00000000065b5a80;
T_59 ;
    %wait E_000000000670d820;
    %load/vec4 v00000000067b9d20_0;
    %flag_set/vec4 8;
    %jmp/0xz  T_59.0, 8;
    %load/vec4 v00000000067bad60_0;
    %assign/vec4 v00000000067bbee0_0, 0;
T_59.0 ;
    %jmp T_59;
    .thread T_59;
    .scope S_00000000065b5a80;
T_60 ;
    %wait E_000000000670e1a0;
    %load/vec4 v00000000067b9d20_0;
    %flag_set/vec4 8;
    %jmp/0xz  T_60.0, 8;
    %load/vec4 v00000000067bad60_0;
    %assign/vec4 v00000000067bafe0_0, 0;
T_60.0 ;
    %jmp T_60;
    .thread T_60;
    .scope S_00000000065b5a80;
T_61 ;
    %wait E_000000000670d8e0;
    %load/vec4 v00000000067b9d20_0;
    %flag_set/vec4 8;
    %jmp/0xz  T_61.0, 8;
    %load/vec4 v00000000067bb080_0;
    %assign/vec4 v00000000067bab80_0, 0;
T_61.0 ;
    %jmp T_61;
    .thread T_61;
    .scope S_00000000065b5a80;
T_62 ;
    %wait E_000000000670d3e0;
    %load/vec4 v00000000067b9d20_0;
    %flag_set/vec4 8;
    %jmp/0xz  T_62.0, 8;
    %load/vec4 v00000000067ba2c0_0;
    %assign/vec4 v00000000067b9f00_0, 0;
T_62.0 ;
    %jmp T_62;
    .thread T_62;
    .scope S_00000000065b5a80;
T_63 ;
    %wait E_000000000670d8e0;
    %load/vec4 v00000000067b9d20_0;
    %flag_set/vec4 8;
    %jmp/0xz  T_63.0, 8;
    %load/vec4 v00000000067b9dc0_0;
    %assign/vec4 v00000000067bb3a0_0, 0;
T_63.0 ;
    %jmp T_63;
    .thread T_63;
    .scope S_00000000064d5340;
T_64 ;
    %wait E_000000000670e160;
    %load/vec4 v00000000067bbee0_0;
    %store/vec4 v00000000067bb580_0, 0, 1;
    %load/vec4 v00000000067bafe0_0;
    %store/vec4 v00000000067ba040_0, 0, 1;
    %jmp T_64;
    .thread T_64, $push;
    .scope S_00000000064d5340;
T_65 ;
    %wait E_000000000670daa0;
    %load/vec4 v00000000067bc2a0_0;
    %assign/vec4 v00000000067bc340_0, 0;
    %jmp T_65;
    .thread T_65, $push;
    .scope S_00000000064d5340;
T_66 ;
    %wait E_000000000670d760;
    %load/vec4 v00000000067bc340_0;
    %assign/vec4 v00000000067ba9a0_0, 0;
    %jmp T_66;
    .thread T_66, $push;
    .scope S_00000000064d5340;
T_67 ;
    %wait E_000000000670d7e0;
    %load/vec4 v00000000067ba9a0_0;
    %pushi/vec4 0, 0, 1;
    %xor;
    %flag_set/vec4 8;
    %jmp/1 T_67.2, 8;
    %pushi/vec4 0, 0, 1;
    %flag_set/vec4 9;
    %flag_or 8, 9;
T_67.2;
    %jmp/0 T_67.0, 8;
    %load/vec4 v00000000067bab80_0;
    %jmp/1 T_67.1, 8;
T_67.0 ; End of true expr.
    %load/vec4 v00000000067b9f00_0;
    %jmp/0 T_67.1, 8;
 ; End of false expr.
    %blend;
T_67.1;
    %store/vec4 v00000000067bbb20_0, 0, 1;
    %jmp T_67;
    .thread T_67, $push;
    .scope S_00000000065b5c10;
T_68 ;
    %wait E_000000000670da20;
    %load/vec4 v00000000067bbbc0_0;
    %flag_set/vec4 8;
    %jmp/0xz  T_68.0, 8;
    %load/vec4 v00000000067ba540_0;
    %assign/vec4 v00000000067ba860_0, 0;
T_68.0 ;
    %jmp T_68;
    .thread T_68;
    .scope S_00000000065b5c10;
T_69 ;
    %wait E_000000000670d9a0;
    %load/vec4 v00000000067bbbc0_0;
    %flag_set/vec4 8;
    %jmp/0xz  T_69.0, 8;
    %load/vec4 v00000000067ba540_0;
    %assign/vec4 v00000000067baa40_0, 0;
T_69.0 ;
    %jmp T_69;
    .thread T_69;
    .scope S_00000000065b5c10;
T_70 ;
    %wait E_000000000670dee0;
    %load/vec4 v00000000067bbbc0_0;
    %flag_set/vec4 8;
    %jmp/0xz  T_70.0, 8;
    %load/vec4 v00000000067bb800_0;
    %assign/vec4 v00000000067ba680_0, 0;
T_70.0 ;
    %jmp T_70;
    .thread T_70;
    .scope S_00000000065b5c10;
T_71 ;
    %wait E_000000000670d920;
    %load/vec4 v00000000067bbbc0_0;
    %flag_set/vec4 8;
    %jmp/0xz  T_71.0, 8;
    %load/vec4 v00000000067bbd00_0;
    %assign/vec4 v00000000067ba400_0, 0;
T_71.0 ;
    %jmp T_71;
    .thread T_71;
    .scope S_00000000065b5c10;
T_72 ;
    %wait E_000000000670dee0;
    %load/vec4 v00000000067bbbc0_0;
    %flag_set/vec4 8;
    %jmp/0xz  T_72.0, 8;
    %load/vec4 v00000000067ba220_0;
    %assign/vec4 v00000000067bb620_0, 0;
T_72.0 ;
    %jmp T_72;
    .thread T_72;
    .scope S_00000000064d5e30;
T_73 ;
    %wait E_000000000670d8a0;
    %load/vec4 v00000000067ba860_0;
    %store/vec4 v00000000067baf40_0, 0, 1;
    %load/vec4 v00000000067baa40_0;
    %store/vec4 v00000000067bb440_0, 0, 1;
    %jmp T_73;
    .thread T_73, $push;
    .scope S_00000000064d5e30;
T_74 ;
    %wait E_000000000670d1e0;
    %load/vec4 v00000000067ba180_0;
    %assign/vec4 v00000000067bc0c0_0, 0;
    %jmp T_74;
    .thread T_74, $push;
    .scope S_00000000064d5e30;
T_75 ;
    %wait E_000000000670dfe0;
    %load/vec4 v00000000067bc0c0_0;
    %assign/vec4 v00000000067bac20_0, 0;
    %jmp T_75;
    .thread T_75, $push;
    .scope S_00000000064d5e30;
T_76 ;
    %wait E_000000000670d420;
    %load/vec4 v00000000067bac20_0;
    %pushi/vec4 0, 0, 1;
    %xor;
    %flag_set/vec4 8;
    %jmp/1 T_76.2, 8;
    %pushi/vec4 0, 0, 1;
    %flag_set/vec4 9;
    %flag_or 8, 9;
T_76.2;
    %jmp/0 T_76.0, 8;
    %load/vec4 v00000000067ba680_0;
    %jmp/1 T_76.1, 8;
T_76.0 ; End of true expr.
    %load/vec4 v00000000067ba400_0;
    %jmp/0 T_76.1, 8;
 ; End of false expr.
    %blend;
T_76.1;
    %store/vec4 v00000000067bbf80_0, 0, 1;
    %jmp T_76;
    .thread T_76, $push;
    .scope S_00000000064d4d00;
T_77 ;
    %wait E_000000000670db20;
    %load/vec4 v00000000067d2dd0_0;
    %flag_set/vec4 8;
    %jmp/0xz  T_77.0, 8;
    %pushi/vec4 0, 0, 16;
    %assign/vec4 v00000000067d5210_0, 0;
    %pushi/vec4 0, 0, 16;
    %assign/vec4 v00000000067d4db0_0, 0;
    %jmp T_77.1;
T_77.0 ;
    %load/vec4 v00000000067d2470_0;
    %flag_set/vec4 8;
    %jmp/0xz  T_77.2, 8;
    %load/vec4 v00000000067d34b0_0;
    %nor/r;
    %flag_set/vec4 8;
    %jmp/0xz  T_77.4, 8;
    %load/vec4 v00000000067d37d0_0;
    %assign/vec4 v00000000067d5210_0, 0;
T_77.4 ;
    %load/vec4 v00000000067bcd40_0;
    %nor/r;
    %flag_set/vec4 8;
    %jmp/0xz  T_77.6, 8;
    %load/vec4 v00000000067bc980_0;
    %assign/vec4 v00000000067d4db0_0, 0;
T_77.6 ;
T_77.2 ;
T_77.1 ;
    %jmp T_77;
    .thread T_77;
    .scope S_00000000064d4d00;
T_78 ;
    %wait E_000000000670d2a0;
    %load/vec4 v00000000067d1750_0;
    %flag_set/vec4 8;
    %jmp/0xz  T_78.0, 8;
    %pushi/vec4 0, 0, 16;
    %assign/vec4 v00000000067d4ef0_0, 0;
    %pushi/vec4 0, 0, 16;
    %assign/vec4 v00000000067d50d0_0, 0;
    %jmp T_78.1;
T_78.0 ;
    %load/vec4 v00000000067d2470_0;
    %flag_set/vec4 8;
    %jmp/0xz  T_78.2, 8;
    %load/vec4 v00000000067d2830_0;
    %nor/r;
    %flag_set/vec4 8;
    %jmp/0xz  T_78.4, 8;
    %load/vec4 v00000000067d17f0_0;
    %assign/vec4 v00000000067d4ef0_0, 0;
T_78.4 ;
    %load/vec4 v00000000067d1930_0;
    %nor/r;
    %flag_set/vec4 8;
    %jmp/0xz  T_78.6, 8;
    %load/vec4 v00000000067d3370_0;
    %assign/vec4 v00000000067d50d0_0, 0;
T_78.6 ;
T_78.2 ;
T_78.1 ;
    %jmp T_78;
    .thread T_78;
    .scope S_00000000064d4d00;
T_79 ;
    %wait E_000000000670db20;
    %load/vec4 v00000000067d2dd0_0;
    %flag_set/vec4 8;
    %jmp/0xz  T_79.0, 8;
    %pushi/vec4 0, 0, 16;
    %assign/vec4 v00000000067d5170_0, 0;
    %pushi/vec4 0, 0, 16;
    %assign/vec4 v00000000067d5490_0, 0;
    %jmp T_79.1;
T_79.0 ;
    %load/vec4 v00000000067d2470_0;
    %flag_set/vec4 8;
    %jmp/0xz  T_79.2, 8;
    %load/vec4 v00000000067d46d0_0;
    %assign/vec4 v00000000067d5170_0, 0;
    %load/vec4 v00000000067d4f90_0;
    %assign/vec4 v00000000067d5490_0, 0;
T_79.2 ;
T_79.1 ;
    %jmp T_79;
    .thread T_79;
    .scope S_00000000064d4d00;
T_80 ;
    %wait E_000000000670d2a0;
    %load/vec4 v00000000067d1750_0;
    %flag_set/vec4 8;
    %jmp/0xz  T_80.0, 8;
    %pushi/vec4 0, 0, 16;
    %assign/vec4 v00000000067d5530_0, 0;
    %pushi/vec4 0, 0, 16;
    %assign/vec4 v00000000067d52b0_0, 0;
    %jmp T_80.1;
T_80.0 ;
    %load/vec4 v00000000067d2470_0;
    %flag_set/vec4 8;
    %jmp/0xz  T_80.2, 8;
    %load/vec4 v00000000067d4950_0;
    %assign/vec4 v00000000067d5530_0, 0;
    %load/vec4 v00000000067d49f0_0;
    %assign/vec4 v00000000067d52b0_0, 0;
T_80.2 ;
T_80.1 ;
    %jmp T_80;
    .thread T_80;
    .scope S_00000000064d4d00;
T_81 ;
    %wait E_000000000670d2a0;
    %load/vec4 v00000000067d1750_0;
    %flag_set/vec4 8;
    %jmp/0xz  T_81.0, 8;
    %pushi/vec4 0, 0, 32;
    %assign/vec4 v00000000067d53f0_0, 0;
    %jmp T_81.1;
T_81.0 ;
    %load/vec4 v00000000067d2470_0;
    %flag_set/vec4 8;
    %jmp/0xz  T_81.2, 8;
    %load/vec4 v00000000067d39b0_0;
    %assign/vec4 v00000000067d53f0_0, 0;
T_81.2 ;
T_81.1 ;
    %jmp T_81;
    .thread T_81;
    .scope S_00000000064d4d00;
T_82 ;
    %wait E_000000000670de20;
    %load/vec4 v00000000067d3690_0;
    %flag_set/vec4 8;
    %jmp/0xz  T_82.0, 8;
    %pushi/vec4 0, 0, 16;
    %assign/vec4 v00000000067d55d0_0, 0;
    %jmp T_82.1;
T_82.0 ;
    %load/vec4 v00000000067d2470_0;
    %flag_set/vec4 8;
    %jmp/0xz  T_82.2, 8;
    %load/vec4 v00000000067d1bb0_0;
    %nor/r;
    %flag_set/vec4 8;
    %jmp/0xz  T_82.4, 8;
    %load/vec4 v00000000067d5a30_0;
    %assign/vec4 v00000000067d55d0_0, 0;
T_82.4 ;
T_82.2 ;
T_82.1 ;
    %jmp T_82;
    .thread T_82;
    .scope S_00000000064d4d00;
T_83 ;
    %wait E_000000000670d220;
    %load/vec4 v00000000067d1110_0;
    %flag_set/vec4 8;
    %jmp/0xz  T_83.0, 8;
    %pushi/vec4 0, 0, 16;
    %assign/vec4 v00000000067d8410_0, 0;
    %jmp T_83.1;
T_83.0 ;
    %load/vec4 v00000000067d2470_0;
    %flag_set/vec4 8;
    %jmp/0xz  T_83.2, 8;
    %load/vec4 v00000000067d1f70_0;
    %nor/r;
    %flag_set/vec4 8;
    %jmp/0xz  T_83.4, 8;
    %load/vec4 v00000000067d44f0_0;
    %assign/vec4 v00000000067d8410_0, 0;
T_83.4 ;
T_83.2 ;
T_83.1 ;
    %jmp T_83;
    .thread T_83;
    .scope S_00000000065b5da0;
T_84 ;
    %pushi/vec4 0, 0, 32;
    %store/vec4 v00000000067dcf30_0, 0, 32;
T_84.0 ; Top of for-loop 
    %load/vec4 v00000000067dcf30_0;
    %cmpi/s 16, 0, 32;
    %jmp/0xz T_84.1, 5;
    %pushi/vec4 0, 0, 256;
    %load/vec4 v00000000067dcf30_0;
    %muli 16, 0, 32;
    %part/s 16;
    %pushi/vec4 0, 0, 32;
    %load/vec4 v00000000067dcf30_0;
    %add;
    %ix/vec4/s 4;
    %store/vec4a v00000000067dd250, 4, 0;
    %pushi/vec4 0, 0, 256;
    %load/vec4 v00000000067dcf30_0;
    %muli 16, 0, 32;
    %part/s 16;
    %pushi/vec4 16, 0, 32;
    %load/vec4 v00000000067dcf30_0;
    %add;
    %ix/vec4/s 4;
    %store/vec4a v00000000067dd250, 4, 0;
    %pushi/vec4 0, 0, 256;
    %load/vec4 v00000000067dcf30_0;
    %muli 16, 0, 32;
    %part/s 16;
    %pushi/vec4 32, 0, 32;
    %load/vec4 v00000000067dcf30_0;
    %add;
    %ix/vec4/s 4;
    %store/vec4a v00000000067dd250, 4, 0;
    %pushi/vec4 0, 0, 256;
    %load/vec4 v00000000067dcf30_0;
    %muli 16, 0, 32;
    %part/s 16;
    %pushi/vec4 48, 0, 32;
    %load/vec4 v00000000067dcf30_0;
    %add;
    %ix/vec4/s 4;
    %store/vec4a v00000000067dd250, 4, 0;
    %pushi/vec4 0, 0, 256;
    %load/vec4 v00000000067dcf30_0;
    %muli 16, 0, 32;
    %part/s 16;
    %pushi/vec4 64, 0, 32;
    %load/vec4 v00000000067dcf30_0;
    %add;
    %ix/vec4/s 4;
    %store/vec4a v00000000067dd250, 4, 0;
    %pushi/vec4 0, 0, 256;
    %load/vec4 v00000000067dcf30_0;
    %muli 16, 0, 32;
    %part/s 16;
    %pushi/vec4 80, 0, 32;
    %load/vec4 v00000000067dcf30_0;
    %add;
    %ix/vec4/s 4;
    %store/vec4a v00000000067dd250, 4, 0;
    %pushi/vec4 0, 0, 256;
    %load/vec4 v00000000067dcf30_0;
    %muli 16, 0, 32;
    %part/s 16;
    %pushi/vec4 96, 0, 32;
    %load/vec4 v00000000067dcf30_0;
    %add;
    %ix/vec4/s 4;
    %store/vec4a v00000000067dd250, 4, 0;
    %pushi/vec4 0, 0, 256;
    %load/vec4 v00000000067dcf30_0;
    %muli 16, 0, 32;
    %part/s 16;
    %pushi/vec4 112, 0, 32;
    %load/vec4 v00000000067dcf30_0;
    %add;
    %ix/vec4/s 4;
    %store/vec4a v00000000067dd250, 4, 0;
    %pushi/vec4 0, 0, 256;
    %load/vec4 v00000000067dcf30_0;
    %muli 16, 0, 32;
    %part/s 16;
    %pushi/vec4 128, 0, 32;
    %load/vec4 v00000000067dcf30_0;
    %add;
    %ix/vec4/s 4;
    %store/vec4a v00000000067dd250, 4, 0;
    %pushi/vec4 0, 0, 256;
    %load/vec4 v00000000067dcf30_0;
    %muli 16, 0, 32;
    %part/s 16;
    %pushi/vec4 144, 0, 32;
    %load/vec4 v00000000067dcf30_0;
    %add;
    %ix/vec4/s 4;
    %store/vec4a v00000000067dd250, 4, 0;
    %pushi/vec4 0, 0, 256;
    %load/vec4 v00000000067dcf30_0;
    %muli 16, 0, 32;
    %part/s 16;
    %pushi/vec4 160, 0, 32;
    %load/vec4 v00000000067dcf30_0;
    %add;
    %ix/vec4/s 4;
    %store/vec4a v00000000067dd250, 4, 0;
    %pushi/vec4 0, 0, 256;
    %load/vec4 v00000000067dcf30_0;
    %muli 16, 0, 32;
    %part/s 16;
    %pushi/vec4 176, 0, 32;
    %load/vec4 v00000000067dcf30_0;
    %add;
    %ix/vec4/s 4;
    %store/vec4a v00000000067dd250, 4, 0;
    %pushi/vec4 0, 0, 256;
    %load/vec4 v00000000067dcf30_0;
    %muli 16, 0, 32;
    %part/s 16;
    %pushi/vec4 192, 0, 32;
    %load/vec4 v00000000067dcf30_0;
    %add;
    %ix/vec4/s 4;
    %store/vec4a v00000000067dd250, 4, 0;
    %pushi/vec4 0, 0, 256;
    %load/vec4 v00000000067dcf30_0;
    %muli 16, 0, 32;
    %part/s 16;
    %pushi/vec4 208, 0, 32;
    %load/vec4 v00000000067dcf30_0;
    %add;
    %ix/vec4/s 4;
    %store/vec4a v00000000067dd250, 4, 0;
    %pushi/vec4 0, 0, 256;
    %load/vec4 v00000000067dcf30_0;
    %muli 16, 0, 32;
    %part/s 16;
    %pushi/vec4 224, 0, 32;
    %load/vec4 v00000000067dcf30_0;
    %add;
    %ix/vec4/s 4;
    %store/vec4a v00000000067dd250, 4, 0;
    %pushi/vec4 0, 0, 256;
    %load/vec4 v00000000067dcf30_0;
    %muli 16, 0, 32;
    %part/s 16;
    %pushi/vec4 240, 0, 32;
    %load/vec4 v00000000067dcf30_0;
    %add;
    %ix/vec4/s 4;
    %store/vec4a v00000000067dd250, 4, 0;
T_84.2 ; for-loop step statement
    %load/vec4 v00000000067dcf30_0;
    %addi 1, 0, 32;
    %store/vec4 v00000000067dcf30_0, 0, 32;
    %jmp T_84.0;
T_84.1 ; for-loop exit label
    %end;
    .thread T_84;
    .scope S_00000000065b5da0;
T_85 ;
    %wait E_000000000670db60;
    %load/vec4 v00000000067dd7f0_0;
    %flag_set/vec4 9;
    %flag_get/vec4 9;
    %jmp/0 T_85.2, 9;
    %load/vec4 v00000000067dc490_0;
    %and;
T_85.2;
    %flag_set/vec4 8;
    %jmp/0xz  T_85.0, 8;
    %load/vec4 v00000000067dd6b0_0;
    %parti/s 1, 0, 2;
    %nor/r;
    %flag_set/vec4 8;
    %jmp/0xz  T_85.3, 8;
    %load/vec4 v00000000067dc850_0;
    %parti/s 1, 0, 2;
    %load/vec4 v00000000067d8cd0_0;
    %parti/s 8, 0, 2;
    %pad/u 10;
    %ix/vec4 3;
    %ix/load 4, 0, 0; Constant delay
    %assign/vec4/a/d v00000000067dd250, 0, 4;
T_85.3 ;
    %load/vec4 v00000000067dd6b0_0;
    %parti/s 1, 1, 2;
    %nor/r;
    %flag_set/vec4 8;
    %jmp/0xz  T_85.5, 8;
    %load/vec4 v00000000067dc850_0;
    %parti/s 1, 1, 2;
    %load/vec4 v00000000067d8cd0_0;
    %parti/s 8, 0, 2;
    %pad/u 10;
    %ix/vec4 3;
    %ix/load 4, 1, 0; part off
    %ix/load 5, 0, 0; Constant delay
    %assign/vec4/a/d v00000000067dd250, 4, 5;
T_85.5 ;
    %load/vec4 v00000000067dd6b0_0;
    %parti/s 1, 2, 3;
    %nor/r;
    %flag_set/vec4 8;
    %jmp/0xz  T_85.7, 8;
    %load/vec4 v00000000067dc850_0;
    %parti/s 1, 2, 3;
    %load/vec4 v00000000067d8cd0_0;
    %parti/s 8, 0, 2;
    %pad/u 10;
    %ix/vec4 3;
    %ix/load 4, 2, 0; part off
    %ix/load 5, 0, 0; Constant delay
    %assign/vec4/a/d v00000000067dd250, 4, 5;
T_85.7 ;
    %load/vec4 v00000000067dd6b0_0;
    %parti/s 1, 3, 3;
    %nor/r;
    %flag_set/vec4 8;
    %jmp/0xz  T_85.9, 8;
    %load/vec4 v00000000067dc850_0;
    %parti/s 1, 3, 3;
    %load/vec4 v00000000067d8cd0_0;
    %parti/s 8, 0, 2;
    %pad/u 10;
    %ix/vec4 3;
    %ix/load 4, 3, 0; part off
    %ix/load 5, 0, 0; Constant delay
    %assign/vec4/a/d v00000000067dd250, 4, 5;
T_85.9 ;
    %load/vec4 v00000000067dd6b0_0;
    %parti/s 1, 4, 4;
    %nor/r;
    %flag_set/vec4 8;
    %jmp/0xz  T_85.11, 8;
    %load/vec4 v00000000067dc850_0;
    %parti/s 1, 4, 4;
    %load/vec4 v00000000067d8cd0_0;
    %parti/s 8, 0, 2;
    %pad/u 10;
    %ix/vec4 3;
    %ix/load 4, 4, 0; part off
    %ix/load 5, 0, 0; Constant delay
    %assign/vec4/a/d v00000000067dd250, 4, 5;
T_85.11 ;
    %load/vec4 v00000000067dd6b0_0;
    %parti/s 1, 5, 4;
    %nor/r;
    %flag_set/vec4 8;
    %jmp/0xz  T_85.13, 8;
    %load/vec4 v00000000067dc850_0;
    %parti/s 1, 5, 4;
    %load/vec4 v00000000067d8cd0_0;
    %parti/s 8, 0, 2;
    %pad/u 10;
    %ix/vec4 3;
    %ix/load 4, 5, 0; part off
    %ix/load 5, 0, 0; Constant delay
    %assign/vec4/a/d v00000000067dd250, 4, 5;
T_85.13 ;
    %load/vec4 v00000000067dd6b0_0;
    %parti/s 1, 6, 4;
    %nor/r;
    %flag_set/vec4 8;
    %jmp/0xz  T_85.15, 8;
    %load/vec4 v00000000067dc850_0;
    %parti/s 1, 6, 4;
    %load/vec4 v00000000067d8cd0_0;
    %parti/s 8, 0, 2;
    %pad/u 10;
    %ix/vec4 3;
    %ix/load 4, 6, 0; part off
    %ix/load 5, 0, 0; Constant delay
    %assign/vec4/a/d v00000000067dd250, 4, 5;
T_85.15 ;
    %load/vec4 v00000000067dd6b0_0;
    %parti/s 1, 7, 4;
    %nor/r;
    %flag_set/vec4 8;
    %jmp/0xz  T_85.17, 8;
    %load/vec4 v00000000067dc850_0;
    %parti/s 1, 7, 4;
    %load/vec4 v00000000067d8cd0_0;
    %parti/s 8, 0, 2;
    %pad/u 10;
    %ix/vec4 3;
    %ix/load 4, 7, 0; part off
    %ix/load 5, 0, 0; Constant delay
    %assign/vec4/a/d v00000000067dd250, 4, 5;
T_85.17 ;
    %load/vec4 v00000000067dd6b0_0;
    %parti/s 1, 8, 5;
    %nor/r;
    %flag_set/vec4 8;
    %jmp/0xz  T_85.19, 8;
    %load/vec4 v00000000067dc850_0;
    %parti/s 1, 8, 5;
    %load/vec4 v00000000067d8cd0_0;
    %parti/s 8, 0, 2;
    %pad/u 10;
    %ix/vec4 3;
    %ix/load 4, 8, 0; part off
    %ix/load 5, 0, 0; Constant delay
    %assign/vec4/a/d v00000000067dd250, 4, 5;
T_85.19 ;
    %load/vec4 v00000000067dd6b0_0;
    %parti/s 1, 9, 5;
    %nor/r;
    %flag_set/vec4 8;
    %jmp/0xz  T_85.21, 8;
    %load/vec4 v00000000067dc850_0;
    %parti/s 1, 9, 5;
    %load/vec4 v00000000067d8cd0_0;
    %parti/s 8, 0, 2;
    %pad/u 10;
    %ix/vec4 3;
    %ix/load 4, 9, 0; part off
    %ix/load 5, 0, 0; Constant delay
    %assign/vec4/a/d v00000000067dd250, 4, 5;
T_85.21 ;
    %load/vec4 v00000000067dd6b0_0;
    %parti/s 1, 10, 5;
    %nor/r;
    %flag_set/vec4 8;
    %jmp/0xz  T_85.23, 8;
    %load/vec4 v00000000067dc850_0;
    %parti/s 1, 10, 5;
    %load/vec4 v00000000067d8cd0_0;
    %parti/s 8, 0, 2;
    %pad/u 10;
    %ix/vec4 3;
    %ix/load 4, 10, 0; part off
    %ix/load 5, 0, 0; Constant delay
    %assign/vec4/a/d v00000000067dd250, 4, 5;
T_85.23 ;
    %load/vec4 v00000000067dd6b0_0;
    %parti/s 1, 11, 5;
    %nor/r;
    %flag_set/vec4 8;
    %jmp/0xz  T_85.25, 8;
    %load/vec4 v00000000067dc850_0;
    %parti/s 1, 11, 5;
    %load/vec4 v00000000067d8cd0_0;
    %parti/s 8, 0, 2;
    %pad/u 10;
    %ix/vec4 3;
    %ix/load 4, 11, 0; part off
    %ix/load 5, 0, 0; Constant delay
    %assign/vec4/a/d v00000000067dd250, 4, 5;
T_85.25 ;
    %load/vec4 v00000000067dd6b0_0;
    %parti/s 1, 12, 5;
    %nor/r;
    %flag_set/vec4 8;
    %jmp/0xz  T_85.27, 8;
    %load/vec4 v00000000067dc850_0;
    %parti/s 1, 12, 5;
    %load/vec4 v00000000067d8cd0_0;
    %parti/s 8, 0, 2;
    %pad/u 10;
    %ix/vec4 3;
    %ix/load 4, 12, 0; part off
    %ix/load 5, 0, 0; Constant delay
    %assign/vec4/a/d v00000000067dd250, 4, 5;
T_85.27 ;
    %load/vec4 v00000000067dd6b0_0;
    %parti/s 1, 13, 5;
    %nor/r;
    %flag_set/vec4 8;
    %jmp/0xz  T_85.29, 8;
    %load/vec4 v00000000067dc850_0;
    %parti/s 1, 13, 5;
    %load/vec4 v00000000067d8cd0_0;
    %parti/s 8, 0, 2;
    %pad/u 10;
    %ix/vec4 3;
    %ix/load 4, 13, 0; part off
    %ix/load 5, 0, 0; Constant delay
    %assign/vec4/a/d v00000000067dd250, 4, 5;
T_85.29 ;
    %load/vec4 v00000000067dd6b0_0;
    %parti/s 1, 14, 5;
    %nor/r;
    %flag_set/vec4 8;
    %jmp/0xz  T_85.31, 8;
    %load/vec4 v00000000067dc850_0;
    %parti/s 1, 14, 5;
    %load/vec4 v00000000067d8cd0_0;
    %parti/s 8, 0, 2;
    %pad/u 10;
    %ix/vec4 3;
    %ix/load 4, 14, 0; part off
    %ix/load 5, 0, 0; Constant delay
    %assign/vec4/a/d v00000000067dd250, 4, 5;
T_85.31 ;
    %load/vec4 v00000000067dd6b0_0;
    %parti/s 1, 15, 5;
    %nor/r;
    %flag_set/vec4 8;
    %jmp/0xz  T_85.33, 8;
    %load/vec4 v00000000067dc850_0;
    %parti/s 1, 15, 5;
    %load/vec4 v00000000067d8cd0_0;
    %parti/s 8, 0, 2;
    %pad/u 10;
    %ix/vec4 3;
    %ix/load 4, 15, 0; part off
    %ix/load 5, 0, 0; Constant delay
    %assign/vec4/a/d v00000000067dd250, 4, 5;
T_85.33 ;
T_85.0 ;
    %jmp T_85;
    .thread T_85;
    .scope S_00000000065b5da0;
T_86 ;
    %wait E_000000000670dce0;
    %load/vec4 v00000000067d8910_0;
    %flag_set/vec4 9;
    %flag_get/vec4 9;
    %jmp/0 T_86.2, 9;
    %load/vec4 v00000000067d8b90_0;
    %and;
T_86.2;
    %flag_set/vec4 8;
    %jmp/0xz  T_86.0, 8;
    %load/vec4 v00000000067d8af0_0;
    %parti/s 8, 0, 2;
    %pad/u 10;
    %ix/vec4 4;
    %load/vec4a v00000000067dd250, 4;
    %load/vec4 v00000000067d89b0_0;
    %inv;
    %and;
    %assign/vec4 v00000000067d8a50_0, 0;
T_86.0 ;
    %jmp T_86;
    .thread T_86;
    .scope S_00000000067da650;
T_87 ;
    %pushi/vec4 0, 0, 32;
    %store/vec4 v00000000067db310_0, 0, 32;
T_87.0 ; Top of for-loop 
    %load/vec4 v00000000067db310_0;
    %cmpi/s 16, 0, 32;
    %jmp/0xz T_87.1, 5;
    %pushi/vec4 0, 0, 256;
    %load/vec4 v00000000067db310_0;
    %muli 16, 0, 32;
    %part/s 16;
    %pushi/vec4 0, 0, 32;
    %load/vec4 v00000000067db310_0;
    %add;
    %ix/vec4/s 4;
    %store/vec4a v00000000067db3b0, 4, 0;
    %pushi/vec4 0, 0, 256;
    %load/vec4 v00000000067db310_0;
    %muli 16, 0, 32;
    %part/s 16;
    %pushi/vec4 16, 0, 32;
    %load/vec4 v00000000067db310_0;
    %add;
    %ix/vec4/s 4;
    %store/vec4a v00000000067db3b0, 4, 0;
    %pushi/vec4 0, 0, 256;
    %load/vec4 v00000000067db310_0;
    %muli 16, 0, 32;
    %part/s 16;
    %pushi/vec4 32, 0, 32;
    %load/vec4 v00000000067db310_0;
    %add;
    %ix/vec4/s 4;
    %store/vec4a v00000000067db3b0, 4, 0;
    %pushi/vec4 0, 0, 256;
    %load/vec4 v00000000067db310_0;
    %muli 16, 0, 32;
    %part/s 16;
    %pushi/vec4 48, 0, 32;
    %load/vec4 v00000000067db310_0;
    %add;
    %ix/vec4/s 4;
    %store/vec4a v00000000067db3b0, 4, 0;
    %pushi/vec4 0, 0, 256;
    %load/vec4 v00000000067db310_0;
    %muli 16, 0, 32;
    %part/s 16;
    %pushi/vec4 64, 0, 32;
    %load/vec4 v00000000067db310_0;
    %add;
    %ix/vec4/s 4;
    %store/vec4a v00000000067db3b0, 4, 0;
    %pushi/vec4 0, 0, 256;
    %load/vec4 v00000000067db310_0;
    %muli 16, 0, 32;
    %part/s 16;
    %pushi/vec4 80, 0, 32;
    %load/vec4 v00000000067db310_0;
    %add;
    %ix/vec4/s 4;
    %store/vec4a v00000000067db3b0, 4, 0;
    %pushi/vec4 0, 0, 256;
    %load/vec4 v00000000067db310_0;
    %muli 16, 0, 32;
    %part/s 16;
    %pushi/vec4 96, 0, 32;
    %load/vec4 v00000000067db310_0;
    %add;
    %ix/vec4/s 4;
    %store/vec4a v00000000067db3b0, 4, 0;
    %pushi/vec4 0, 0, 256;
    %load/vec4 v00000000067db310_0;
    %muli 16, 0, 32;
    %part/s 16;
    %pushi/vec4 112, 0, 32;
    %load/vec4 v00000000067db310_0;
    %add;
    %ix/vec4/s 4;
    %store/vec4a v00000000067db3b0, 4, 0;
    %pushi/vec4 0, 0, 256;
    %load/vec4 v00000000067db310_0;
    %muli 16, 0, 32;
    %part/s 16;
    %pushi/vec4 128, 0, 32;
    %load/vec4 v00000000067db310_0;
    %add;
    %ix/vec4/s 4;
    %store/vec4a v00000000067db3b0, 4, 0;
    %pushi/vec4 0, 0, 256;
    %load/vec4 v00000000067db310_0;
    %muli 16, 0, 32;
    %part/s 16;
    %pushi/vec4 144, 0, 32;
    %load/vec4 v00000000067db310_0;
    %add;
    %ix/vec4/s 4;
    %store/vec4a v00000000067db3b0, 4, 0;
    %pushi/vec4 0, 0, 256;
    %load/vec4 v00000000067db310_0;
    %muli 16, 0, 32;
    %part/s 16;
    %pushi/vec4 160, 0, 32;
    %load/vec4 v00000000067db310_0;
    %add;
    %ix/vec4/s 4;
    %store/vec4a v00000000067db3b0, 4, 0;
    %pushi/vec4 0, 0, 256;
    %load/vec4 v00000000067db310_0;
    %muli 16, 0, 32;
    %part/s 16;
    %pushi/vec4 176, 0, 32;
    %load/vec4 v00000000067db310_0;
    %add;
    %ix/vec4/s 4;
    %store/vec4a v00000000067db3b0, 4, 0;
    %pushi/vec4 0, 0, 256;
    %load/vec4 v00000000067db310_0;
    %muli 16, 0, 32;
    %part/s 16;
    %pushi/vec4 192, 0, 32;
    %load/vec4 v00000000067db310_0;
    %add;
    %ix/vec4/s 4;
    %store/vec4a v00000000067db3b0, 4, 0;
    %pushi/vec4 0, 0, 256;
    %load/vec4 v00000000067db310_0;
    %muli 16, 0, 32;
    %part/s 16;
    %pushi/vec4 208, 0, 32;
    %load/vec4 v00000000067db310_0;
    %add;
    %ix/vec4/s 4;
    %store/vec4a v00000000067db3b0, 4, 0;
    %pushi/vec4 0, 0, 256;
    %load/vec4 v00000000067db310_0;
    %muli 16, 0, 32;
    %part/s 16;
    %pushi/vec4 224, 0, 32;
    %load/vec4 v00000000067db310_0;
    %add;
    %ix/vec4/s 4;
    %store/vec4a v00000000067db3b0, 4, 0;
    %pushi/vec4 0, 0, 256;
    %load/vec4 v00000000067db310_0;
    %muli 16, 0, 32;
    %part/s 16;
    %pushi/vec4 240, 0, 32;
    %load/vec4 v00000000067db310_0;
    %add;
    %ix/vec4/s 4;
    %store/vec4a v00000000067db3b0, 4, 0;
T_87.2 ; for-loop step statement
    %load/vec4 v00000000067db310_0;
    %addi 1, 0, 32;
    %store/vec4 v00000000067db310_0, 0, 32;
    %jmp T_87.0;
T_87.1 ; for-loop exit label
    %end;
    .thread T_87;
    .scope S_00000000067da650;
T_88 ;
    %wait E_000000000670dc60;
    %load/vec4 v00000000067dd750_0;
    %flag_set/vec4 9;
    %flag_get/vec4 9;
    %jmp/0 T_88.2, 9;
    %load/vec4 v00000000067db8b0_0;
    %and;
T_88.2;
    %flag_set/vec4 8;
    %jmp/0xz  T_88.0, 8;
    %load/vec4 v00000000067dcb70_0;
    %parti/s 1, 0, 2;
    %nor/r;
    %flag_set/vec4 8;
    %jmp/0xz  T_88.3, 8;
    %load/vec4 v00000000067dcad0_0;
    %parti/s 1, 0, 2;
    %load/vec4 v00000000067dd430_0;
    %parti/s 8, 0, 2;
    %pad/u 10;
    %ix/vec4 3;
    %ix/load 4, 0, 0; Constant delay
    %assign/vec4/a/d v00000000067db3b0, 0, 4;
T_88.3 ;
    %load/vec4 v00000000067dcb70_0;
    %parti/s 1, 1, 2;
    %nor/r;
    %flag_set/vec4 8;
    %jmp/0xz  T_88.5, 8;
    %load/vec4 v00000000067dcad0_0;
    %parti/s 1, 1, 2;
    %load/vec4 v00000000067dd430_0;
    %parti/s 8, 0, 2;
    %pad/u 10;
    %ix/vec4 3;
    %ix/load 4, 1, 0; part off
    %ix/load 5, 0, 0; Constant delay
    %assign/vec4/a/d v00000000067db3b0, 4, 5;
T_88.5 ;
    %load/vec4 v00000000067dcb70_0;
    %parti/s 1, 2, 3;
    %nor/r;
    %flag_set/vec4 8;
    %jmp/0xz  T_88.7, 8;
    %load/vec4 v00000000067dcad0_0;
    %parti/s 1, 2, 3;
    %load/vec4 v00000000067dd430_0;
    %parti/s 8, 0, 2;
    %pad/u 10;
    %ix/vec4 3;
    %ix/load 4, 2, 0; part off
    %ix/load 5, 0, 0; Constant delay
    %assign/vec4/a/d v00000000067db3b0, 4, 5;
T_88.7 ;
    %load/vec4 v00000000067dcb70_0;
    %parti/s 1, 3, 3;
    %nor/r;
    %flag_set/vec4 8;
    %jmp/0xz  T_88.9, 8;
    %load/vec4 v00000000067dcad0_0;
    %parti/s 1, 3, 3;
    %load/vec4 v00000000067dd430_0;
    %parti/s 8, 0, 2;
    %pad/u 10;
    %ix/vec4 3;
    %ix/load 4, 3, 0; part off
    %ix/load 5, 0, 0; Constant delay
    %assign/vec4/a/d v00000000067db3b0, 4, 5;
T_88.9 ;
    %load/vec4 v00000000067dcb70_0;
    %parti/s 1, 4, 4;
    %nor/r;
    %flag_set/vec4 8;
    %jmp/0xz  T_88.11, 8;
    %load/vec4 v00000000067dcad0_0;
    %parti/s 1, 4, 4;
    %load/vec4 v00000000067dd430_0;
    %parti/s 8, 0, 2;
    %pad/u 10;
    %ix/vec4 3;
    %ix/load 4, 4, 0; part off
    %ix/load 5, 0, 0; Constant delay
    %assign/vec4/a/d v00000000067db3b0, 4, 5;
T_88.11 ;
    %load/vec4 v00000000067dcb70_0;
    %parti/s 1, 5, 4;
    %nor/r;
    %flag_set/vec4 8;
    %jmp/0xz  T_88.13, 8;
    %load/vec4 v00000000067dcad0_0;
    %parti/s 1, 5, 4;
    %load/vec4 v00000000067dd430_0;
    %parti/s 8, 0, 2;
    %pad/u 10;
    %ix/vec4 3;
    %ix/load 4, 5, 0; part off
    %ix/load 5, 0, 0; Constant delay
    %assign/vec4/a/d v00000000067db3b0, 4, 5;
T_88.13 ;
    %load/vec4 v00000000067dcb70_0;
    %parti/s 1, 6, 4;
    %nor/r;
    %flag_set/vec4 8;
    %jmp/0xz  T_88.15, 8;
    %load/vec4 v00000000067dcad0_0;
    %parti/s 1, 6, 4;
    %load/vec4 v00000000067dd430_0;
    %parti/s 8, 0, 2;
    %pad/u 10;
    %ix/vec4 3;
    %ix/load 4, 6, 0; part off
    %ix/load 5, 0, 0; Constant delay
    %assign/vec4/a/d v00000000067db3b0, 4, 5;
T_88.15 ;
    %load/vec4 v00000000067dcb70_0;
    %parti/s 1, 7, 4;
    %nor/r;
    %flag_set/vec4 8;
    %jmp/0xz  T_88.17, 8;
    %load/vec4 v00000000067dcad0_0;
    %parti/s 1, 7, 4;
    %load/vec4 v00000000067dd430_0;
    %parti/s 8, 0, 2;
    %pad/u 10;
    %ix/vec4 3;
    %ix/load 4, 7, 0; part off
    %ix/load 5, 0, 0; Constant delay
    %assign/vec4/a/d v00000000067db3b0, 4, 5;
T_88.17 ;
    %load/vec4 v00000000067dcb70_0;
    %parti/s 1, 8, 5;
    %nor/r;
    %flag_set/vec4 8;
    %jmp/0xz  T_88.19, 8;
    %load/vec4 v00000000067dcad0_0;
    %parti/s 1, 8, 5;
    %load/vec4 v00000000067dd430_0;
    %parti/s 8, 0, 2;
    %pad/u 10;
    %ix/vec4 3;
    %ix/load 4, 8, 0; part off
    %ix/load 5, 0, 0; Constant delay
    %assign/vec4/a/d v00000000067db3b0, 4, 5;
T_88.19 ;
    %load/vec4 v00000000067dcb70_0;
    %parti/s 1, 9, 5;
    %nor/r;
    %flag_set/vec4 8;
    %jmp/0xz  T_88.21, 8;
    %load/vec4 v00000000067dcad0_0;
    %parti/s 1, 9, 5;
    %load/vec4 v00000000067dd430_0;
    %parti/s 8, 0, 2;
    %pad/u 10;
    %ix/vec4 3;
    %ix/load 4, 9, 0; part off
    %ix/load 5, 0, 0; Constant delay
    %assign/vec4/a/d v00000000067db3b0, 4, 5;
T_88.21 ;
    %load/vec4 v00000000067dcb70_0;
    %parti/s 1, 10, 5;
    %nor/r;
    %flag_set/vec4 8;
    %jmp/0xz  T_88.23, 8;
    %load/vec4 v00000000067dcad0_0;
    %parti/s 1, 10, 5;
    %load/vec4 v00000000067dd430_0;
    %parti/s 8, 0, 2;
    %pad/u 10;
    %ix/vec4 3;
    %ix/load 4, 10, 0; part off
    %ix/load 5, 0, 0; Constant delay
    %assign/vec4/a/d v00000000067db3b0, 4, 5;
T_88.23 ;
    %load/vec4 v00000000067dcb70_0;
    %parti/s 1, 11, 5;
    %nor/r;
    %flag_set/vec4 8;
    %jmp/0xz  T_88.25, 8;
    %load/vec4 v00000000067dcad0_0;
    %parti/s 1, 11, 5;
    %load/vec4 v00000000067dd430_0;
    %parti/s 8, 0, 2;
    %pad/u 10;
    %ix/vec4 3;
    %ix/load 4, 11, 0; part off
    %ix/load 5, 0, 0; Constant delay
    %assign/vec4/a/d v00000000067db3b0, 4, 5;
T_88.25 ;
    %load/vec4 v00000000067dcb70_0;
    %parti/s 1, 12, 5;
    %nor/r;
    %flag_set/vec4 8;
    %jmp/0xz  T_88.27, 8;
    %load/vec4 v00000000067dcad0_0;
    %parti/s 1, 12, 5;
    %load/vec4 v00000000067dd430_0;
    %parti/s 8, 0, 2;
    %pad/u 10;
    %ix/vec4 3;
    %ix/load 4, 12, 0; part off
    %ix/load 5, 0, 0; Constant delay
    %assign/vec4/a/d v00000000067db3b0, 4, 5;
T_88.27 ;
    %load/vec4 v00000000067dcb70_0;
    %parti/s 1, 13, 5;
    %nor/r;
    %flag_set/vec4 8;
    %jmp/0xz  T_88.29, 8;
    %load/vec4 v00000000067dcad0_0;
    %parti/s 1, 13, 5;
    %load/vec4 v00000000067dd430_0;
    %parti/s 8, 0, 2;
    %pad/u 10;
    %ix/vec4 3;
    %ix/load 4, 13, 0; part off
    %ix/load 5, 0, 0; Constant delay
    %assign/vec4/a/d v00000000067db3b0, 4, 5;
T_88.29 ;
    %load/vec4 v00000000067dcb70_0;
    %parti/s 1, 14, 5;
    %nor/r;
    %flag_set/vec4 8;
    %jmp/0xz  T_88.31, 8;
    %load/vec4 v00000000067dcad0_0;
    %parti/s 1, 14, 5;
    %load/vec4 v00000000067dd430_0;
    %parti/s 8, 0, 2;
    %pad/u 10;
    %ix/vec4 3;
    %ix/load 4, 14, 0; part off
    %ix/load 5, 0, 0; Constant delay
    %assign/vec4/a/d v00000000067db3b0, 4, 5;
T_88.31 ;
    %load/vec4 v00000000067dcb70_0;
    %parti/s 1, 15, 5;
    %nor/r;
    %flag_set/vec4 8;
    %jmp/0xz  T_88.33, 8;
    %load/vec4 v00000000067dcad0_0;
    %parti/s 1, 15, 5;
    %load/vec4 v00000000067dd430_0;
    %parti/s 8, 0, 2;
    %pad/u 10;
    %ix/vec4 3;
    %ix/load 4, 15, 0; part off
    %ix/load 5, 0, 0; Constant delay
    %assign/vec4/a/d v00000000067db3b0, 4, 5;
T_88.33 ;
T_88.0 ;
    %jmp T_88;
    .thread T_88;
    .scope S_00000000067da650;
T_89 ;
    %wait E_000000000670dba0;
    %load/vec4 v00000000067db950_0;
    %flag_set/vec4 9;
    %flag_get/vec4 9;
    %jmp/0 T_89.2, 9;
    %load/vec4 v00000000067dc2b0_0;
    %and;
T_89.2;
    %flag_set/vec4 8;
    %jmp/0xz  T_89.0, 8;
    %load/vec4 v00000000067db450_0;
    %parti/s 8, 0, 2;
    %pad/u 10;
    %ix/vec4 4;
    %load/vec4a v00000000067db3b0, 4;
    %load/vec4 v00000000067dd4d0_0;
    %inv;
    %and;
    %assign/vec4 v00000000067dc350_0, 0;
T_89.0 ;
    %jmp T_89;
    .thread T_89;
    .scope S_00000000067dab00;
T_90 ;
    %pushi/vec4 0, 0, 32;
    %store/vec4 v00000000067dd1b0_0, 0, 32;
T_90.0 ; Top of for-loop 
    %load/vec4 v00000000067dd1b0_0;
    %cmpi/s 16, 0, 32;
    %jmp/0xz T_90.1, 5;
    %pushi/vec4 0, 0, 256;
    %load/vec4 v00000000067dd1b0_0;
    %muli 16, 0, 32;
    %part/s 16;
    %pushi/vec4 0, 0, 32;
    %load/vec4 v00000000067dd1b0_0;
    %add;
    %ix/vec4/s 4;
    %store/vec4a v00000000067dd2f0, 4, 0;
    %pushi/vec4 0, 0, 256;
    %load/vec4 v00000000067dd1b0_0;
    %muli 16, 0, 32;
    %part/s 16;
    %pushi/vec4 16, 0, 32;
    %load/vec4 v00000000067dd1b0_0;
    %add;
    %ix/vec4/s 4;
    %store/vec4a v00000000067dd2f0, 4, 0;
    %pushi/vec4 0, 0, 256;
    %load/vec4 v00000000067dd1b0_0;
    %muli 16, 0, 32;
    %part/s 16;
    %pushi/vec4 32, 0, 32;
    %load/vec4 v00000000067dd1b0_0;
    %add;
    %ix/vec4/s 4;
    %store/vec4a v00000000067dd2f0, 4, 0;
    %pushi/vec4 0, 0, 256;
    %load/vec4 v00000000067dd1b0_0;
    %muli 16, 0, 32;
    %part/s 16;
    %pushi/vec4 48, 0, 32;
    %load/vec4 v00000000067dd1b0_0;
    %add;
    %ix/vec4/s 4;
    %store/vec4a v00000000067dd2f0, 4, 0;
    %pushi/vec4 0, 0, 256;
    %load/vec4 v00000000067dd1b0_0;
    %muli 16, 0, 32;
    %part/s 16;
    %pushi/vec4 64, 0, 32;
    %load/vec4 v00000000067dd1b0_0;
    %add;
    %ix/vec4/s 4;
    %store/vec4a v00000000067dd2f0, 4, 0;
    %pushi/vec4 0, 0, 256;
    %load/vec4 v00000000067dd1b0_0;
    %muli 16, 0, 32;
    %part/s 16;
    %pushi/vec4 80, 0, 32;
    %load/vec4 v00000000067dd1b0_0;
    %add;
    %ix/vec4/s 4;
    %store/vec4a v00000000067dd2f0, 4, 0;
    %pushi/vec4 0, 0, 256;
    %load/vec4 v00000000067dd1b0_0;
    %muli 16, 0, 32;
    %part/s 16;
    %pushi/vec4 96, 0, 32;
    %load/vec4 v00000000067dd1b0_0;
    %add;
    %ix/vec4/s 4;
    %store/vec4a v00000000067dd2f0, 4, 0;
    %pushi/vec4 0, 0, 256;
    %load/vec4 v00000000067dd1b0_0;
    %muli 16, 0, 32;
    %part/s 16;
    %pushi/vec4 112, 0, 32;
    %load/vec4 v00000000067dd1b0_0;
    %add;
    %ix/vec4/s 4;
    %store/vec4a v00000000067dd2f0, 4, 0;
    %pushi/vec4 0, 0, 256;
    %load/vec4 v00000000067dd1b0_0;
    %muli 16, 0, 32;
    %part/s 16;
    %pushi/vec4 128, 0, 32;
    %load/vec4 v00000000067dd1b0_0;
    %add;
    %ix/vec4/s 4;
    %store/vec4a v00000000067dd2f0, 4, 0;
    %pushi/vec4 0, 0, 256;
    %load/vec4 v00000000067dd1b0_0;
    %muli 16, 0, 32;
    %part/s 16;
    %pushi/vec4 144, 0, 32;
    %load/vec4 v00000000067dd1b0_0;
    %add;
    %ix/vec4/s 4;
    %store/vec4a v00000000067dd2f0, 4, 0;
    %pushi/vec4 0, 0, 256;
    %load/vec4 v00000000067dd1b0_0;
    %muli 16, 0, 32;
    %part/s 16;
    %pushi/vec4 160, 0, 32;
    %load/vec4 v00000000067dd1b0_0;
    %add;
    %ix/vec4/s 4;
    %store/vec4a v00000000067dd2f0, 4, 0;
    %pushi/vec4 0, 0, 256;
    %load/vec4 v00000000067dd1b0_0;
    %muli 16, 0, 32;
    %part/s 16;
    %pushi/vec4 176, 0, 32;
    %load/vec4 v00000000067dd1b0_0;
    %add;
    %ix/vec4/s 4;
    %store/vec4a v00000000067dd2f0, 4, 0;
    %pushi/vec4 0, 0, 256;
    %load/vec4 v00000000067dd1b0_0;
    %muli 16, 0, 32;
    %part/s 16;
    %pushi/vec4 192, 0, 32;
    %load/vec4 v00000000067dd1b0_0;
    %add;
    %ix/vec4/s 4;
    %store/vec4a v00000000067dd2f0, 4, 0;
    %pushi/vec4 0, 0, 256;
    %load/vec4 v00000000067dd1b0_0;
    %muli 16, 0, 32;
    %part/s 16;
    %pushi/vec4 208, 0, 32;
    %load/vec4 v00000000067dd1b0_0;
    %add;
    %ix/vec4/s 4;
    %store/vec4a v00000000067dd2f0, 4, 0;
    %pushi/vec4 0, 0, 256;
    %load/vec4 v00000000067dd1b0_0;
    %muli 16, 0, 32;
    %part/s 16;
    %pushi/vec4 224, 0, 32;
    %load/vec4 v00000000067dd1b0_0;
    %add;
    %ix/vec4/s 4;
    %store/vec4a v00000000067dd2f0, 4, 0;
    %pushi/vec4 0, 0, 256;
    %load/vec4 v00000000067dd1b0_0;
    %muli 16, 0, 32;
    %part/s 16;
    %pushi/vec4 240, 0, 32;
    %load/vec4 v00000000067dd1b0_0;
    %add;
    %ix/vec4/s 4;
    %store/vec4a v00000000067dd2f0, 4, 0;
T_90.2 ; for-loop step statement
    %load/vec4 v00000000067dd1b0_0;
    %addi 1, 0, 32;
    %store/vec4 v00000000067dd1b0_0, 0, 32;
    %jmp T_90.0;
T_90.1 ; for-loop exit label
    %end;
    .thread T_90;
    .scope S_00000000067dab00;
T_91 ;
    %wait E_000000000670dca0;
    %load/vec4 v00000000067dc170_0;
    %flag_set/vec4 9;
    %flag_get/vec4 9;
    %jmp/0 T_91.2, 9;
    %load/vec4 v00000000067dc8f0_0;
    %and;
T_91.2;
    %flag_set/vec4 8;
    %jmp/0xz  T_91.0, 8;
    %load/vec4 v00000000067dd110_0;
    %parti/s 1, 0, 2;
    %nor/r;
    %flag_set/vec4 8;
    %jmp/0xz  T_91.3, 8;
    %load/vec4 v00000000067dc0d0_0;
    %parti/s 1, 0, 2;
    %load/vec4 v00000000067dc030_0;
    %parti/s 8, 0, 2;
    %pad/u 10;
    %ix/vec4 3;
    %ix/load 4, 0, 0; Constant delay
    %assign/vec4/a/d v00000000067dd2f0, 0, 4;
T_91.3 ;
    %load/vec4 v00000000067dd110_0;
    %parti/s 1, 1, 2;
    %nor/r;
    %flag_set/vec4 8;
    %jmp/0xz  T_91.5, 8;
    %load/vec4 v00000000067dc0d0_0;
    %parti/s 1, 1, 2;
    %load/vec4 v00000000067dc030_0;
    %parti/s 8, 0, 2;
    %pad/u 10;
    %ix/vec4 3;
    %ix/load 4, 1, 0; part off
    %ix/load 5, 0, 0; Constant delay
    %assign/vec4/a/d v00000000067dd2f0, 4, 5;
T_91.5 ;
    %load/vec4 v00000000067dd110_0;
    %parti/s 1, 2, 3;
    %nor/r;
    %flag_set/vec4 8;
    %jmp/0xz  T_91.7, 8;
    %load/vec4 v00000000067dc0d0_0;
    %parti/s 1, 2, 3;
    %load/vec4 v00000000067dc030_0;
    %parti/s 8, 0, 2;
    %pad/u 10;
    %ix/vec4 3;
    %ix/load 4, 2, 0; part off
    %ix/load 5, 0, 0; Constant delay
    %assign/vec4/a/d v00000000067dd2f0, 4, 5;
T_91.7 ;
    %load/vec4 v00000000067dd110_0;
    %parti/s 1, 3, 3;
    %nor/r;
    %flag_set/vec4 8;
    %jmp/0xz  T_91.9, 8;
    %load/vec4 v00000000067dc0d0_0;
    %parti/s 1, 3, 3;
    %load/vec4 v00000000067dc030_0;
    %parti/s 8, 0, 2;
    %pad/u 10;
    %ix/vec4 3;
    %ix/load 4, 3, 0; part off
    %ix/load 5, 0, 0; Constant delay
    %assign/vec4/a/d v00000000067dd2f0, 4, 5;
T_91.9 ;
    %load/vec4 v00000000067dd110_0;
    %parti/s 1, 4, 4;
    %nor/r;
    %flag_set/vec4 8;
    %jmp/0xz  T_91.11, 8;
    %load/vec4 v00000000067dc0d0_0;
    %parti/s 1, 4, 4;
    %load/vec4 v00000000067dc030_0;
    %parti/s 8, 0, 2;
    %pad/u 10;
    %ix/vec4 3;
    %ix/load 4, 4, 0; part off
    %ix/load 5, 0, 0; Constant delay
    %assign/vec4/a/d v00000000067dd2f0, 4, 5;
T_91.11 ;
    %load/vec4 v00000000067dd110_0;
    %parti/s 1, 5, 4;
    %nor/r;
    %flag_set/vec4 8;
    %jmp/0xz  T_91.13, 8;
    %load/vec4 v00000000067dc0d0_0;
    %parti/s 1, 5, 4;
    %load/vec4 v00000000067dc030_0;
    %parti/s 8, 0, 2;
    %pad/u 10;
    %ix/vec4 3;
    %ix/load 4, 5, 0; part off
    %ix/load 5, 0, 0; Constant delay
    %assign/vec4/a/d v00000000067dd2f0, 4, 5;
T_91.13 ;
    %load/vec4 v00000000067dd110_0;
    %parti/s 1, 6, 4;
    %nor/r;
    %flag_set/vec4 8;
    %jmp/0xz  T_91.15, 8;
    %load/vec4 v00000000067dc0d0_0;
    %parti/s 1, 6, 4;
    %load/vec4 v00000000067dc030_0;
    %parti/s 8, 0, 2;
    %pad/u 10;
    %ix/vec4 3;
    %ix/load 4, 6, 0; part off
    %ix/load 5, 0, 0; Constant delay
    %assign/vec4/a/d v00000000067dd2f0, 4, 5;
T_91.15 ;
    %load/vec4 v00000000067dd110_0;
    %parti/s 1, 7, 4;
    %nor/r;
    %flag_set/vec4 8;
    %jmp/0xz  T_91.17, 8;
    %load/vec4 v00000000067dc0d0_0;
    %parti/s 1, 7, 4;
    %load/vec4 v00000000067dc030_0;
    %parti/s 8, 0, 2;
    %pad/u 10;
    %ix/vec4 3;
    %ix/load 4, 7, 0; part off
    %ix/load 5, 0, 0; Constant delay
    %assign/vec4/a/d v00000000067dd2f0, 4, 5;
T_91.17 ;
    %load/vec4 v00000000067dd110_0;
    %parti/s 1, 8, 5;
    %nor/r;
    %flag_set/vec4 8;
    %jmp/0xz  T_91.19, 8;
    %load/vec4 v00000000067dc0d0_0;
    %parti/s 1, 8, 5;
    %load/vec4 v00000000067dc030_0;
    %parti/s 8, 0, 2;
    %pad/u 10;
    %ix/vec4 3;
    %ix/load 4, 8, 0; part off
    %ix/load 5, 0, 0; Constant delay
    %assign/vec4/a/d v00000000067dd2f0, 4, 5;
T_91.19 ;
    %load/vec4 v00000000067dd110_0;
    %parti/s 1, 9, 5;
    %nor/r;
    %flag_set/vec4 8;
    %jmp/0xz  T_91.21, 8;
    %load/vec4 v00000000067dc0d0_0;
    %parti/s 1, 9, 5;
    %load/vec4 v00000000067dc030_0;
    %parti/s 8, 0, 2;
    %pad/u 10;
    %ix/vec4 3;
    %ix/load 4, 9, 0; part off
    %ix/load 5, 0, 0; Constant delay
    %assign/vec4/a/d v00000000067dd2f0, 4, 5;
T_91.21 ;
    %load/vec4 v00000000067dd110_0;
    %parti/s 1, 10, 5;
    %nor/r;
    %flag_set/vec4 8;
    %jmp/0xz  T_91.23, 8;
    %load/vec4 v00000000067dc0d0_0;
    %parti/s 1, 10, 5;
    %load/vec4 v00000000067dc030_0;
    %parti/s 8, 0, 2;
    %pad/u 10;
    %ix/vec4 3;
    %ix/load 4, 10, 0; part off
    %ix/load 5, 0, 0; Constant delay
    %assign/vec4/a/d v00000000067dd2f0, 4, 5;
T_91.23 ;
    %load/vec4 v00000000067dd110_0;
    %parti/s 1, 11, 5;
    %nor/r;
    %flag_set/vec4 8;
    %jmp/0xz  T_91.25, 8;
    %load/vec4 v00000000067dc0d0_0;
    %parti/s 1, 11, 5;
    %load/vec4 v00000000067dc030_0;
    %parti/s 8, 0, 2;
    %pad/u 10;
    %ix/vec4 3;
    %ix/load 4, 11, 0; part off
    %ix/load 5, 0, 0; Constant delay
    %assign/vec4/a/d v00000000067dd2f0, 4, 5;
T_91.25 ;
    %load/vec4 v00000000067dd110_0;
    %parti/s 1, 12, 5;
    %nor/r;
    %flag_set/vec4 8;
    %jmp/0xz  T_91.27, 8;
    %load/vec4 v00000000067dc0d0_0;
    %parti/s 1, 12, 5;
    %load/vec4 v00000000067dc030_0;
    %parti/s 8, 0, 2;
    %pad/u 10;
    %ix/vec4 3;
    %ix/load 4, 12, 0; part off
    %ix/load 5, 0, 0; Constant delay
    %assign/vec4/a/d v00000000067dd2f0, 4, 5;
T_91.27 ;
    %load/vec4 v00000000067dd110_0;
    %parti/s 1, 13, 5;
    %nor/r;
    %flag_set/vec4 8;
    %jmp/0xz  T_91.29, 8;
    %load/vec4 v00000000067dc0d0_0;
    %parti/s 1, 13, 5;
    %load/vec4 v00000000067dc030_0;
    %parti/s 8, 0, 2;
    %pad/u 10;
    %ix/vec4 3;
    %ix/load 4, 13, 0; part off
    %ix/load 5, 0, 0; Constant delay
    %assign/vec4/a/d v00000000067dd2f0, 4, 5;
T_91.29 ;
    %load/vec4 v00000000067dd110_0;
    %parti/s 1, 14, 5;
    %nor/r;
    %flag_set/vec4 8;
    %jmp/0xz  T_91.31, 8;
    %load/vec4 v00000000067dc0d0_0;
    %parti/s 1, 14, 5;
    %load/vec4 v00000000067dc030_0;
    %parti/s 8, 0, 2;
    %pad/u 10;
    %ix/vec4 3;
    %ix/load 4, 14, 0; part off
    %ix/load 5, 0, 0; Constant delay
    %assign/vec4/a/d v00000000067dd2f0, 4, 5;
T_91.31 ;
    %load/vec4 v00000000067dd110_0;
    %parti/s 1, 15, 5;
    %nor/r;
    %flag_set/vec4 8;
    %jmp/0xz  T_91.33, 8;
    %load/vec4 v00000000067dc0d0_0;
    %parti/s 1, 15, 5;
    %load/vec4 v00000000067dc030_0;
    %parti/s 8, 0, 2;
    %pad/u 10;
    %ix/vec4 3;
    %ix/load 4, 15, 0; part off
    %ix/load 5, 0, 0; Constant delay
    %assign/vec4/a/d v00000000067dd2f0, 4, 5;
T_91.33 ;
T_91.0 ;
    %jmp T_91;
    .thread T_91;
    .scope S_00000000067dab00;
T_92 ;
    %wait E_000000000670d460;
    %load/vec4 v00000000067dbf90_0;
    %flag_set/vec4 9;
    %flag_get/vec4 9;
    %jmp/0 T_92.2, 9;
    %load/vec4 v00000000067dbc70_0;
    %and;
T_92.2;
    %flag_set/vec4 8;
    %jmp/0xz  T_92.0, 8;
    %load/vec4 v00000000067dbbd0_0;
    %parti/s 8, 0, 2;
    %pad/u 10;
    %ix/vec4 4;
    %load/vec4a v00000000067dd2f0, 4;
    %load/vec4 v00000000067dce90_0;
    %inv;
    %and;
    %assign/vec4 v00000000067dbdb0_0, 0;
T_92.0 ;
    %jmp T_92;
    .thread T_92;
    .scope S_00000000065b60c0;
T_93 ;
    %wait E_000000000670dde0;
    %pushi/vec4 0, 0, 32;
    %store/vec4 v00000000067e0450_0, 0, 32;
T_93.0 ; Top of for-loop 
    %load/vec4 v00000000067e0450_0;
    %cmpi/s 16383, 0, 32;
    %flag_or 5, 4;
    %jmp/0xz T_93.1, 5;
    %pushi/vec4 65535, 65535, 16;
    %ix/getv/s 4, v00000000067e0450_0;
    %store/vec4a v00000000067e0bd0, 4, 0;
T_93.2 ; for-loop step statement
    %load/vec4 v00000000067e0450_0;
    %addi 1, 0, 32;
    %store/vec4 v00000000067e0450_0, 0, 32;
    %jmp T_93.0;
T_93.1 ; for-loop exit label
    %jmp T_93;
    .thread T_93;
    .scope S_00000000065b60c0;
T_94 ;
    %wait E_000000000670dd60;
    %load/vec4 v00000000067e1a30_0;
    %flag_set/vec4 8;
    %jmp/0xz  T_94.0, 8;
    %pushi/vec4 0, 0, 16;
    %assign/vec4 v00000000067e03b0_0, 0;
    %jmp T_94.1;
T_94.0 ;
    %load/vec4 v00000000067e2250_0;
    %flag_set/vec4 8;
    %jmp/0xz  T_94.2, 8;
    %pushi/vec4 65535, 65535, 16;
    %assign/vec4 v00000000067e03b0_0, 0;
    %jmp T_94.3;
T_94.2 ;
    %load/vec4 v00000000067e15d0_0;
    %flag_set/vec4 8;
    %jmp/0xz  T_94.4, 8;
    %load/vec4 v00000000067e0770_0;
    %nor/r;
    %flag_set/vec4 8;
    %jmp/0xz  T_94.6, 8;
    %load/vec4 v00000000067e0310_0;
    %pad/u 16;
    %ix/vec4 4;
    %load/vec4a v00000000067e0bd0, 4;
    %assign/vec4 v00000000067e03b0_0, 0;
    %jmp T_94.7;
T_94.6 ;
    %load/vec4 v00000000067e0810_0;
    %parti/s 1, 0, 2;
    %flag_set/vec4 8;
    %jmp/0xz  T_94.8, 8;
    %load/vec4 v00000000067e12b0_0;
    %parti/s 4, 0, 2;
    %load/vec4 v00000000067e0310_0;
    %pad/u 16;
    %ix/vec4 3;
    %ix/load 4, 0, 0; Constant delay
    %assign/vec4/a/d v00000000067e0bd0, 0, 4;
T_94.8 ;
    %load/vec4 v00000000067e0810_0;
    %parti/s 1, 1, 2;
    %flag_set/vec4 8;
    %jmp/0xz  T_94.10, 8;
    %load/vec4 v00000000067e12b0_0;
    %parti/s 4, 4, 4;
    %load/vec4 v00000000067e0310_0;
    %pad/u 16;
    %ix/vec4 3;
    %ix/load 4, 4, 0; part off
    %ix/load 5, 0, 0; Constant delay
    %assign/vec4/a/d v00000000067e0bd0, 4, 5;
T_94.10 ;
    %load/vec4 v00000000067e0810_0;
    %parti/s 1, 2, 3;
    %flag_set/vec4 8;
    %jmp/0xz  T_94.12, 8;
    %load/vec4 v00000000067e12b0_0;
    %parti/s 4, 8, 5;
    %load/vec4 v00000000067e0310_0;
    %pad/u 16;
    %ix/vec4 3;
    %ix/load 4, 8, 0; part off
    %ix/load 5, 0, 0; Constant delay
    %assign/vec4/a/d v00000000067e0bd0, 4, 5;
T_94.12 ;
    %load/vec4 v00000000067e0810_0;
    %parti/s 1, 3, 3;
    %flag_set/vec4 8;
    %jmp/0xz  T_94.14, 8;
    %load/vec4 v00000000067e12b0_0;
    %parti/s 4, 12, 5;
    %load/vec4 v00000000067e0310_0;
    %pad/u 16;
    %ix/vec4 3;
    %ix/load 4, 12, 0; part off
    %ix/load 5, 0, 0; Constant delay
    %assign/vec4/a/d v00000000067e0bd0, 4, 5;
T_94.14 ;
    %pushi/vec4 65535, 65535, 16;
    %assign/vec4 v00000000067e03b0_0, 0;
T_94.7 ;
T_94.4 ;
T_94.3 ;
T_94.1 ;
    %jmp T_94;
    .thread T_94;
    .scope S_00000000067f11d0;
T_95 ;
    %wait E_000000000670efe0;
    %load/vec4 v00000000067edb90_0;
    %flag_set/vec4 8;
    %jmp/0xz  T_95.0, 8;
    %pushi/vec4 0, 0, 7;
    %assign/vec4 v00000000067ed370_0, 0;
    %pushi/vec4 0, 0, 1;
    %assign/vec4 v00000000067edaf0_0, 0;
    %jmp T_95.1;
T_95.0 ;
    %load/vec4 v00000000067edaf0_0;
    %flag_set/vec4 8;
    %jmp/0xz  T_95.2, 8;
    %load/vec4 v00000000067ed370_0;
    %addi 1, 0, 7;
    %assign/vec4 v00000000067ed370_0, 0;
    %pushi/vec4 0, 0, 1;
    %assign/vec4 v00000000067edaf0_0, 0;
    %jmp T_95.3;
T_95.2 ;
    %load/vec4 v00000000067ee270_0;
    %flag_set/vec4 8;
    %jmp/0xz  T_95.4, 8;
    %load/vec4 v00000000067ec8d0_0;
    %assign/vec4 v00000000067ed370_0, 0;
    %pushi/vec4 1, 0, 1;
    %assign/vec4 v00000000067edaf0_0, 0;
    %jmp T_95.5;
T_95.4 ;
    %load/vec4 v00000000067ed370_0;
    %addi 1, 0, 7;
    %assign/vec4 v00000000067ed370_0, 0;
T_95.5 ;
T_95.3 ;
T_95.1 ;
    %jmp T_95;
    .thread T_95;
    .scope S_00000000067efbf0;
T_96 ;
    %wait E_000000000670f1a0;
    %load/vec4 v00000000067eda50_0;
    %flag_set/vec4 8;
    %jmp/0xz  T_96.0, 8;
    %load/vec4 v00000000067eed10_0;
    %assign/vec4 v00000000067ed870_0, 0;
    %jmp T_96.1;
T_96.0 ;
    %load/vec4 v00000000067eed10_0;
    %parti/s 1, 6, 4;
    %flag_set/vec4 8;
    %jmp/0xz  T_96.2, 8;
    %load/vec4 v00000000067eed10_0;
    %inv;
    %addi 1, 0, 7;
    %store/vec4 v00000000067ecf10_0, 0, 7;
    %load/vec4 v00000000067ee450_0;
    %load/vec4 v00000000067ecf10_0;
    %sub;
    %store/vec4 v00000000067ed870_0, 0, 7;
    %jmp T_96.3;
T_96.2 ;
    %load/vec4 v00000000067ee450_0;
    %load/vec4 v00000000067eed10_0;
    %add;
    %store/vec4 v00000000067ed870_0, 0, 7;
T_96.3 ;
T_96.1 ;
    %jmp T_96;
    .thread T_96, $push;
    .scope S_00000000067f0eb0;
T_97 ;
    %vpi_call 12 9 "$readmemh", "instrucciones.hex", v00000000067ed690 {0 0 0};
    %end;
    .thread T_97;
    .scope S_00000000067da330;
T_98 ;
    %wait E_000000000670efe0;
    %load/vec4 v00000000067ee1d0_0;
    %flag_set/vec4 8;
    %jmp/0xz  T_98.0, 8;
    %pushi/vec4 0, 0, 16;
    %assign/vec4 v00000000067ed910_0, 0;
    %pushi/vec4 0, 0, 1;
    %assign/vec4 v00000000067eeb30_0, 0;
    %jmp T_98.1;
T_98.0 ;
    %load/vec4 v00000000067edcd0_0;
    %load/vec4 v00000000067eeb30_0;
    %or;
    %flag_set/vec4 8;
    %jmp/0xz  T_98.2, 8;
    %load/vec4 v00000000067ee3b0_0;
    %assign/vec4 v00000000067ed910_0, 0;
    %pushi/vec4 0, 0, 1;
    %assign/vec4 v00000000067eeb30_0, 0;
    %jmp T_98.3;
T_98.2 ;
    %load/vec4 v00000000067edcd0_0;
    %inv;
    %flag_set/vec4 8;
    %jmp/0xz  T_98.4, 8;
    %pushi/vec4 1, 0, 1;
    %assign/vec4 v00000000067eeb30_0, 0;
T_98.4 ;
T_98.3 ;
T_98.1 ;
    %jmp T_98;
    .thread T_98;
    .scope S_00000000067d9e80;
T_99 ;
    %pushi/vec4 0, 0, 1;
    %store/vec4 v00000000067e2930_0, 0, 1;
    %pushi/vec4 0, 0, 1;
    %store/vec4 v00000000067e2e30_0, 0, 1;
    %pushi/vec4 0, 0, 1;
    %store/vec4 v00000000067e2d90_0, 0, 1;
    %pushi/vec4 0, 0, 1;
    %store/vec4 v00000000067e2ed0_0, 0, 1;
    %pushi/vec4 1, 0, 1;
    %store/vec4 v00000000067e2cf0_0, 0, 1;
    %pushi/vec4 0, 0, 3;
    %store/vec4 v00000000067e29d0_0, 0, 3;
    %pushi/vec4 0, 0, 7;
    %store/vec4 v00000000067e2c50_0, 0, 7;
    %pushi/vec4 0, 0, 8;
    %store/vec4 v00000000067e2b10_0, 0, 8;
    %pushi/vec4 0, 0, 8;
    %store/vec4 v00000000067e2bb0_0, 0, 8;
    %end;
    .thread T_99;
    .scope S_00000000067d9e80;
T_100 ;
    %wait E_000000000670e7e0;
    %load/vec4 v00000000067ee4f0_0;
    %dup/vec4;
    %pushi/vec4 0, 1023, 16;
    %cmp/z;
    %jmp/1 T_100.0, 4;
    %dup/vec4;
    %pushi/vec4 4096, 1023, 16;
    %cmp/z;
    %jmp/1 T_100.1, 4;
    %dup/vec4;
    %pushi/vec4 8192, 1023, 16;
    %cmp/z;
    %jmp/1 T_100.2, 4;
    %dup/vec4;
    %pushi/vec4 12288, 1023, 16;
    %cmp/z;
    %jmp/1 T_100.3, 4;
    %dup/vec4;
    %pushi/vec4 16384, 4095, 16;
    %cmp/z;
    %jmp/1 T_100.4, 4;
    %dup/vec4;
    %pushi/vec4 20480, 1023, 16;
    %cmp/z;
    %jmp/1 T_100.5, 4;
    %dup/vec4;
    %pushi/vec4 24576, 4095, 16;
    %cmp/z;
    %jmp/1 T_100.6, 4;
    %dup/vec4;
    %pushi/vec4 28672, 127, 16;
    %cmp/z;
    %jmp/1 T_100.7, 4;
    %dup/vec4;
    %pushi/vec4 32768, 2047, 16;
    %cmp/z;
    %jmp/1 T_100.8, 4;
    %dup/vec4;
    %pushi/vec4 36864, 4095, 16;
    %cmp/z;
    %jmp/1 T_100.9, 4;
    %dup/vec4;
    %pushi/vec4 40960, 4095, 16;
    %cmp/z;
    %jmp/1 T_100.10, 4;
    %dup/vec4;
    %pushi/vec4 45056, 1023, 16;
    %cmp/z;
    %jmp/1 T_100.11, 4;
    %dup/vec4;
    %pushi/vec4 49152, 2047, 16;
    %cmp/z;
    %jmp/1 T_100.12, 4;
    %dup/vec4;
    %pushi/vec4 53248, 4095, 16;
    %cmp/z;
    %jmp/1 T_100.13, 4;
    %dup/vec4;
    %pushi/vec4 57344, 4095, 16;
    %cmp/z;
    %jmp/1 T_100.14, 4;
    %dup/vec4;
    %pushi/vec4 61440, 4095, 16;
    %cmp/z;
    %jmp/1 T_100.15, 4;
    %pushi/vec4 0, 0, 1;
    %store/vec4 v00000000067e2930_0, 0, 1;
    %pushi/vec4 0, 0, 1;
    %store/vec4 v00000000067e2e30_0, 0, 1;
    %pushi/vec4 0, 0, 1;
    %store/vec4 v00000000067e2d90_0, 0, 1;
    %pushi/vec4 0, 0, 1;
    %store/vec4 v00000000067e2ed0_0, 0, 1;
    %pushi/vec4 0, 0, 1;
    %store/vec4 v00000000067e2cf0_0, 0, 1;
    %pushi/vec4 0, 0, 3;
    %store/vec4 v00000000067e29d0_0, 0, 3;
    %pushi/vec4 0, 0, 7;
    %store/vec4 v00000000067e2c50_0, 0, 7;
    %pushi/vec4 0, 0, 8;
    %store/vec4 v00000000067e2b10_0, 0, 8;
    %pushi/vec4 0, 0, 8;
    %store/vec4 v00000000067e2bb0_0, 0, 8;
    %jmp T_100.17;
T_100.0 ;
    %pushi/vec4 1, 0, 1;
    %store/vec4 v00000000067e2930_0, 0, 1;
    %pushi/vec4 1, 0, 1;
    %store/vec4 v00000000067e2e30_0, 0, 1;
    %pushi/vec4 0, 0, 1;
    %store/vec4 v00000000067e2d90_0, 0, 1;
    %pushi/vec4 0, 0, 1;
    %store/vec4 v00000000067e2ed0_0, 0, 1;
    %pushi/vec4 1, 0, 1;
    %store/vec4 v00000000067e2cf0_0, 0, 1;
    %pushi/vec4 1, 0, 3;
    %store/vec4 v00000000067e29d0_0, 0, 3;
    %pushi/vec4 0, 0, 7;
    %store/vec4 v00000000067e2c50_0, 0, 7;
    %load/vec4 v00000000067ee4f0_0;
    %parti/s 4, 8, 5;
    %load/vec4 v00000000067ee4f0_0;
    %parti/s 4, 0, 2;
    %concat/vec4; draw_concat_vec4
    %store/vec4 v00000000067e2a70_0, 0, 8;
    %pushi/vec4 0, 0, 3;
    %load/vec4 v00000000067ee4f0_0;
    %parti/s 5, 4, 4;
    %concat/vec4; draw_concat_vec4
    %store/vec4 v00000000067e2b10_0, 0, 8;
    %pushi/vec4 0, 0, 3;
    %load/vec4 v00000000067ee4f0_0;
    %parti/s 1, 9, 5;
    %concat/vec4; draw_concat_vec4
    %load/vec4 v00000000067ee4f0_0;
    %parti/s 4, 0, 2;
    %concat/vec4; draw_concat_vec4
    %store/vec4 v00000000067e2bb0_0, 0, 8;
    %jmp T_100.17;
T_100.1 ;
    %pushi/vec4 1, 0, 1;
    %store/vec4 v00000000067e2930_0, 0, 1;
    %pushi/vec4 1, 0, 1;
    %store/vec4 v00000000067e2e30_0, 0, 1;
    %pushi/vec4 0, 0, 1;
    %store/vec4 v00000000067e2d90_0, 0, 1;
    %pushi/vec4 0, 0, 1;
    %store/vec4 v00000000067e2ed0_0, 0, 1;
    %pushi/vec4 1, 0, 1;
    %store/vec4 v00000000067e2cf0_0, 0, 1;
    %pushi/vec4 2, 0, 3;
    %store/vec4 v00000000067e29d0_0, 0, 3;
    %pushi/vec4 0, 0, 7;
    %store/vec4 v00000000067e2c50_0, 0, 7;
    %load/vec4 v00000000067ee4f0_0;
    %parti/s 4, 8, 5;
    %load/vec4 v00000000067ee4f0_0;
    %parti/s 4, 0, 2;
    %concat/vec4; draw_concat_vec4
    %store/vec4 v00000000067e2a70_0, 0, 8;
    %pushi/vec4 0, 0, 3;
    %load/vec4 v00000000067ee4f0_0;
    %parti/s 5, 4, 4;
    %concat/vec4; draw_concat_vec4
    %store/vec4 v00000000067e2b10_0, 0, 8;
    %pushi/vec4 0, 0, 3;
    %load/vec4 v00000000067ee4f0_0;
    %parti/s 1, 9, 5;
    %concat/vec4; draw_concat_vec4
    %load/vec4 v00000000067ee4f0_0;
    %parti/s 4, 0, 2;
    %concat/vec4; draw_concat_vec4
    %store/vec4 v00000000067e2bb0_0, 0, 8;
    %jmp T_100.17;
T_100.2 ;
    %pushi/vec4 1, 0, 1;
    %store/vec4 v00000000067e2930_0, 0, 1;
    %pushi/vec4 1, 0, 1;
    %store/vec4 v00000000067e2e30_0, 0, 1;
    %pushi/vec4 0, 0, 1;
    %store/vec4 v00000000067e2d90_0, 0, 1;
    %pushi/vec4 0, 0, 1;
    %store/vec4 v00000000067e2ed0_0, 0, 1;
    %pushi/vec4 1, 0, 1;
    %store/vec4 v00000000067e2cf0_0, 0, 1;
    %pushi/vec4 3, 0, 3;
    %store/vec4 v00000000067e29d0_0, 0, 3;
    %pushi/vec4 0, 0, 7;
    %store/vec4 v00000000067e2c50_0, 0, 7;
    %load/vec4 v00000000067ee4f0_0;
    %parti/s 4, 8, 5;
    %load/vec4 v00000000067ee4f0_0;
    %parti/s 4, 0, 2;
    %concat/vec4; draw_concat_vec4
    %store/vec4 v00000000067e2a70_0, 0, 8;
    %pushi/vec4 0, 0, 3;
    %load/vec4 v00000000067ee4f0_0;
    %parti/s 5, 4, 4;
    %concat/vec4; draw_concat_vec4
    %store/vec4 v00000000067e2b10_0, 0, 8;
    %pushi/vec4 0, 0, 3;
    %load/vec4 v00000000067ee4f0_0;
    %parti/s 1, 9, 5;
    %concat/vec4; draw_concat_vec4
    %load/vec4 v00000000067ee4f0_0;
    %parti/s 4, 0, 2;
    %concat/vec4; draw_concat_vec4
    %store/vec4 v00000000067e2bb0_0, 0, 8;
    %jmp T_100.17;
T_100.3 ;
    %pushi/vec4 1, 0, 1;
    %store/vec4 v00000000067e2930_0, 0, 1;
    %pushi/vec4 1, 0, 1;
    %store/vec4 v00000000067e2e30_0, 0, 1;
    %pushi/vec4 0, 0, 1;
    %store/vec4 v00000000067e2d90_0, 0, 1;
    %pushi/vec4 0, 0, 1;
    %store/vec4 v00000000067e2ed0_0, 0, 1;
    %pushi/vec4 1, 0, 1;
    %store/vec4 v00000000067e2cf0_0, 0, 1;
    %pushi/vec4 4, 0, 3;
    %store/vec4 v00000000067e29d0_0, 0, 3;
    %pushi/vec4 0, 0, 7;
    %store/vec4 v00000000067e2c50_0, 0, 7;
    %load/vec4 v00000000067ee4f0_0;
    %parti/s 4, 8, 5;
    %load/vec4 v00000000067ee4f0_0;
    %parti/s 4, 0, 2;
    %concat/vec4; draw_concat_vec4
    %store/vec4 v00000000067e2a70_0, 0, 8;
    %pushi/vec4 0, 0, 3;
    %load/vec4 v00000000067ee4f0_0;
    %parti/s 5, 4, 4;
    %concat/vec4; draw_concat_vec4
    %store/vec4 v00000000067e2b10_0, 0, 8;
    %pushi/vec4 0, 0, 3;
    %load/vec4 v00000000067ee4f0_0;
    %parti/s 1, 9, 5;
    %concat/vec4; draw_concat_vec4
    %load/vec4 v00000000067ee4f0_0;
    %parti/s 4, 0, 2;
    %concat/vec4; draw_concat_vec4
    %store/vec4 v00000000067e2bb0_0, 0, 8;
    %jmp T_100.17;
T_100.4 ;
    %pushi/vec4 0, 0, 1;
    %store/vec4 v00000000067e2930_0, 0, 1;
    %pushi/vec4 1, 0, 1;
    %store/vec4 v00000000067e2e30_0, 0, 1;
    %pushi/vec4 0, 0, 1;
    %store/vec4 v00000000067e2d90_0, 0, 1;
    %pushi/vec4 0, 0, 1;
    %store/vec4 v00000000067e2ed0_0, 0, 1;
    %pushi/vec4 1, 0, 1;
    %store/vec4 v00000000067e2cf0_0, 0, 1;
    %pushi/vec4 2, 0, 3;
    %store/vec4 v00000000067e29d0_0, 0, 3;
    %pushi/vec4 0, 0, 7;
    %store/vec4 v00000000067e2c50_0, 0, 7;
    %load/vec4 v00000000067ee4f0_0;
    %parti/s 4, 8, 5;
    %load/vec4 v00000000067ee4f0_0;
    %parti/s 4, 0, 2;
    %concat/vec4; draw_concat_vec4
    %store/vec4 v00000000067e2a70_0, 0, 8;
    %pushi/vec4 1, 0, 4;
    %load/vec4 v00000000067ee4f0_0;
    %parti/s 4, 4, 4;
    %concat/vec4; draw_concat_vec4
    %store/vec4 v00000000067e2b10_0, 0, 8;
    %pushi/vec4 0, 0, 8;
    %store/vec4 v00000000067e2bb0_0, 0, 8;
    %jmp T_100.17;
T_100.5 ;
    %load/vec4 v00000000067ee4f0_0;
    %parti/s 3, 0, 2;
    %dup/vec4;
    %pushi/vec4 0, 0, 3;
    %cmp/u;
    %jmp/1 T_100.18, 6;
    %dup/vec4;
    %pushi/vec4 1, 0, 3;
    %cmp/u;
    %jmp/1 T_100.19, 6;
    %pushi/vec4 0, 0, 1;
    %store/vec4 v00000000067e2930_0, 0, 1;
    %pushi/vec4 0, 0, 1;
    %store/vec4 v00000000067e2e30_0, 0, 1;
    %pushi/vec4 0, 0, 1;
    %store/vec4 v00000000067e2d90_0, 0, 1;
    %pushi/vec4 0, 0, 1;
    %store/vec4 v00000000067e2ed0_0, 0, 1;
    %pushi/vec4 0, 0, 1;
    %store/vec4 v00000000067e2cf0_0, 0, 1;
    %pushi/vec4 0, 0, 3;
    %store/vec4 v00000000067e29d0_0, 0, 3;
    %pushi/vec4 0, 0, 7;
    %store/vec4 v00000000067e2c50_0, 0, 7;
    %pushi/vec4 0, 0, 8;
    %store/vec4 v00000000067e2b10_0, 0, 8;
    %pushi/vec4 0, 0, 8;
    %store/vec4 v00000000067e2bb0_0, 0, 8;
    %jmp T_100.21;
T_100.18 ;
    %load/vec4 v00000000067e1170_0;
    %pad/u 32;
    %cmpi/e 1, 0, 32;
    %jmp/0xz  T_100.22, 4;
    %pushi/vec4 0, 0, 1;
    %store/vec4 v00000000067e2930_0, 0, 1;
    %pushi/vec4 0, 0, 1;
    %store/vec4 v00000000067e2e30_0, 0, 1;
    %pushi/vec4 1, 0, 1;
    %store/vec4 v00000000067e2d90_0, 0, 1;
    %pushi/vec4 0, 0, 1;
    %store/vec4 v00000000067e2ed0_0, 0, 1;
    %pushi/vec4 0, 0, 1;
    %store/vec4 v00000000067e2cf0_0, 0, 1;
    %pushi/vec4 0, 0, 3;
    %store/vec4 v00000000067e29d0_0, 0, 3;
    %load/vec4 v00000000067ee4f0_0;
    %parti/s 7, 3, 3;
    %store/vec4 v00000000067e2c50_0, 0, 7;
    %load/vec4 v00000000067ee4f0_0;
    %parti/s 4, 8, 5;
    %load/vec4 v00000000067ee4f0_0;
    %parti/s 4, 0, 2;
    %concat/vec4; draw_concat_vec4
    %store/vec4 v00000000067e2a70_0, 0, 8;
    %pushi/vec4 0, 0, 8;
    %store/vec4 v00000000067e2b10_0, 0, 8;
    %pushi/vec4 0, 0, 8;
    %store/vec4 v00000000067e2bb0_0, 0, 8;
T_100.22 ;
    %jmp T_100.21;
T_100.19 ;
    %load/vec4 v00000000067e2890_0;
    %pad/u 32;
    %cmpi/e 1, 0, 32;
    %jmp/0xz  T_100.24, 4;
    %pushi/vec4 0, 0, 1;
    %store/vec4 v00000000067e2930_0, 0, 1;
    %pushi/vec4 0, 0, 1;
    %store/vec4 v00000000067e2e30_0, 0, 1;
    %pushi/vec4 1, 0, 1;
    %store/vec4 v00000000067e2d90_0, 0, 1;
    %pushi/vec4 0, 0, 1;
    %store/vec4 v00000000067e2ed0_0, 0, 1;
    %pushi/vec4 0, 0, 1;
    %store/vec4 v00000000067e2cf0_0, 0, 1;
    %pushi/vec4 0, 0, 3;
    %store/vec4 v00000000067e29d0_0, 0, 3;
    %load/vec4 v00000000067ee4f0_0;
    %parti/s 7, 3, 3;
    %store/vec4 v00000000067e2c50_0, 0, 7;
    %load/vec4 v00000000067ee4f0_0;
    %parti/s 4, 8, 5;
    %load/vec4 v00000000067ee4f0_0;
    %parti/s 4, 0, 2;
    %concat/vec4; draw_concat_vec4
    %store/vec4 v00000000067e2a70_0, 0, 8;
    %pushi/vec4 0, 0, 8;
    %store/vec4 v00000000067e2b10_0, 0, 8;
    %pushi/vec4 0, 0, 8;
    %store/vec4 v00000000067e2bb0_0, 0, 8;
T_100.24 ;
    %jmp T_100.21;
T_100.21 ;
    %pop/vec4 1;
    %jmp T_100.17;
T_100.6 ;
    %pushi/vec4 0, 0, 1;
    %store/vec4 v00000000067e2930_0, 0, 1;
    %pushi/vec4 0, 0, 1;
    %store/vec4 v00000000067e2e30_0, 0, 1;
    %pushi/vec4 0, 0, 1;
    %store/vec4 v00000000067e2d90_0, 0, 1;
    %pushi/vec4 0, 0, 1;
    %store/vec4 v00000000067e2ed0_0, 0, 1;
    %pushi/vec4 1, 0, 1;
    %store/vec4 v00000000067e2cf0_0, 0, 1;
    %pushi/vec4 3, 0, 3;
    %store/vec4 v00000000067e29d0_0, 0, 3;
    %pushi/vec4 0, 0, 7;
    %store/vec4 v00000000067e2c50_0, 0, 7;
    %load/vec4 v00000000067ee4f0_0;
    %parti/s 4, 8, 5;
    %load/vec4 v00000000067ee4f0_0;
    %parti/s 4, 0, 2;
    %concat/vec4; draw_concat_vec4
    %store/vec4 v00000000067e2a70_0, 0, 8;
    %pushi/vec4 1, 0, 4;
    %load/vec4 v00000000067ee4f0_0;
    %parti/s 4, 4, 4;
    %concat/vec4; draw_concat_vec4
    %store/vec4 v00000000067e2b10_0, 0, 8;
    %pushi/vec4 0, 0, 8;
    %store/vec4 v00000000067e2bb0_0, 0, 8;
    %jmp T_100.17;
T_100.7 ;
    %pushi/vec4 0, 0, 1;
    %store/vec4 v00000000067e2930_0, 0, 1;
    %pushi/vec4 0, 0, 1;
    %store/vec4 v00000000067e2e30_0, 0, 1;
    %pushi/vec4 1, 0, 1;
    %store/vec4 v00000000067e2d90_0, 0, 1;
    %pushi/vec4 1, 0, 1;
    %store/vec4 v00000000067e2ed0_0, 0, 1;
    %pushi/vec4 0, 0, 1;
    %store/vec4 v00000000067e2cf0_0, 0, 1;
    %pushi/vec4 0, 0, 3;
    %store/vec4 v00000000067e29d0_0, 0, 3;
    %load/vec4 v00000000067ee4f0_0;
    %parti/s 7, 0, 2;
    %store/vec4 v00000000067e2c50_0, 0, 7;
    %load/vec4 v00000000067ee4f0_0;
    %parti/s 4, 8, 5;
    %load/vec4 v00000000067ee4f0_0;
    %parti/s 4, 0, 2;
    %concat/vec4; draw_concat_vec4
    %store/vec4 v00000000067e2a70_0, 0, 8;
    %pushi/vec4 0, 0, 8;
    %store/vec4 v00000000067e2b10_0, 0, 8;
    %pushi/vec4 0, 0, 8;
    %store/vec4 v00000000067e2bb0_0, 0, 8;
    %jmp T_100.17;
T_100.8 ;
    %pushi/vec4 1, 0, 1;
    %store/vec4 v00000000067e2930_0, 0, 1;
    %pushi/vec4 1, 0, 1;
    %store/vec4 v00000000067e2e30_0, 0, 1;
    %pushi/vec4 0, 0, 1;
    %store/vec4 v00000000067e2d90_0, 0, 1;
    %pushi/vec4 0, 0, 1;
    %store/vec4 v00000000067e2ed0_0, 0, 1;
    %pushi/vec4 1, 0, 1;
    %store/vec4 v00000000067e2cf0_0, 0, 1;
    %pushi/vec4 0, 0, 3;
    %store/vec4 v00000000067e29d0_0, 0, 3;
    %load/vec4 v00000000067ee4f0_0;
    %parti/s 7, 0, 2;
    %store/vec4 v00000000067e2c50_0, 0, 7;
    %load/vec4 v00000000067ee4f0_0;
    %parti/s 4, 8, 5;
    %load/vec4 v00000000067ee4f0_0;
    %parti/s 4, 0, 2;
    %concat/vec4; draw_concat_vec4
    %store/vec4 v00000000067e2a70_0, 0, 8;
    %pushi/vec4 0, 0, 3;
    %load/vec4 v00000000067ee4f0_0;
    %parti/s 5, 4, 4;
    %concat/vec4; draw_concat_vec4
    %store/vec4 v00000000067e2b10_0, 0, 8;
    %pushi/vec4 0, 0, 2;
    %load/vec4 v00000000067ee4f0_0;
    %parti/s 2, 9, 5;
    %concat/vec4; draw_concat_vec4
    %load/vec4 v00000000067ee4f0_0;
    %parti/s 4, 0, 2;
    %concat/vec4; draw_concat_vec4
    %addi 32, 0, 8;
    %store/vec4 v00000000067e2bb0_0, 0, 8;
    %jmp T_100.17;
T_100.9 ;
    %pushi/vec4 0, 0, 1;
    %store/vec4 v00000000067e2930_0, 0, 1;
    %pushi/vec4 1, 0, 1;
    %store/vec4 v00000000067e2e30_0, 0, 1;
    %pushi/vec4 0, 0, 1;
    %store/vec4 v00000000067e2d90_0, 0, 1;
    %pushi/vec4 0, 0, 1;
    %store/vec4 v00000000067e2ed0_0, 0, 1;
    %pushi/vec4 1, 0, 1;
    %store/vec4 v00000000067e2cf0_0, 0, 1;
    %pushi/vec4 0, 0, 3;
    %store/vec4 v00000000067e29d0_0, 0, 3;
    %pushi/vec4 0, 0, 7;
    %store/vec4 v00000000067e2c50_0, 0, 7;
    %load/vec4 v00000000067ee4f0_0;
    %parti/s 4, 8, 5;
    %load/vec4 v00000000067ee4f0_0;
    %parti/s 4, 0, 2;
    %concat/vec4; draw_concat_vec4
    %store/vec4 v00000000067e2a70_0, 0, 8;
    %pushi/vec4 1, 0, 4;
    %load/vec4 v00000000067ee4f0_0;
    %parti/s 4, 4, 4;
    %concat/vec4; draw_concat_vec4
    %store/vec4 v00000000067e2b10_0, 0, 8;
    %pushi/vec4 0, 0, 8;
    %store/vec4 v00000000067e2bb0_0, 0, 8;
    %jmp T_100.17;
T_100.10 ;
    %pushi/vec4 1, 0, 1;
    %store/vec4 v00000000067e2930_0, 0, 1;
    %pushi/vec4 1, 0, 1;
    %store/vec4 v00000000067e2e30_0, 0, 1;
    %pushi/vec4 0, 0, 1;
    %store/vec4 v00000000067e2d90_0, 0, 1;
    %pushi/vec4 0, 0, 1;
    %store/vec4 v00000000067e2ed0_0, 0, 1;
    %pushi/vec4 1, 0, 1;
    %store/vec4 v00000000067e2cf0_0, 0, 1;
    %pushi/vec4 0, 0, 3;
    %store/vec4 v00000000067e29d0_0, 0, 3;
    %pushi/vec4 0, 0, 7;
    %store/vec4 v00000000067e2c50_0, 0, 7;
    %load/vec4 v00000000067ee4f0_0;
    %parti/s 4, 8, 5;
    %load/vec4 v00000000067ee4f0_0;
    %parti/s 4, 0, 2;
    %concat/vec4; draw_concat_vec4
    %store/vec4 v00000000067e2a70_0, 0, 8;
    %pushi/vec4 1, 0, 4;
    %load/vec4 v00000000067ee4f0_0;
    %parti/s 4, 4, 4;
    %concat/vec4; draw_concat_vec4
    %store/vec4 v00000000067e2b10_0, 0, 8;
    %load/vec4 v00000000067ee4f0_0;
    %parti/s 4, 8, 5;
    %load/vec4 v00000000067ee4f0_0;
    %parti/s 4, 0, 2;
    %concat/vec4; draw_concat_vec4
    %store/vec4 v00000000067e2bb0_0, 0, 8;
    %jmp T_100.17;
T_100.11 ;
    %pushi/vec4 1, 0, 1;
    %store/vec4 v00000000067e2930_0, 0, 1;
    %pushi/vec4 1, 0, 1;
    %store/vec4 v00000000067e2e30_0, 0, 1;
    %pushi/vec4 0, 0, 1;
    %store/vec4 v00000000067e2d90_0, 0, 1;
    %pushi/vec4 0, 0, 1;
    %store/vec4 v00000000067e2ed0_0, 0, 1;
    %pushi/vec4 1, 0, 1;
    %store/vec4 v00000000067e2cf0_0, 0, 1;
    %pushi/vec4 0, 0, 3;
    %store/vec4 v00000000067e29d0_0, 0, 3;
    %pushi/vec4 0, 0, 7;
    %store/vec4 v00000000067e2c50_0, 0, 7;
    %load/vec4 v00000000067ee4f0_0;
    %parti/s 4, 8, 5;
    %load/vec4 v00000000067ee4f0_0;
    %parti/s 4, 0, 2;
    %concat/vec4; draw_concat_vec4
    %store/vec4 v00000000067e2a70_0, 0, 8;
    %pushi/vec4 0, 0, 3;
    %load/vec4 v00000000067ee4f0_0;
    %parti/s 5, 4, 4;
    %concat/vec4; draw_concat_vec4
    %store/vec4 v00000000067e2b10_0, 0, 8;
    %pushi/vec4 0, 0, 3;
    %load/vec4 v00000000067ee4f0_0;
    %parti/s 1, 9, 5;
    %concat/vec4; draw_concat_vec4
    %load/vec4 v00000000067ee4f0_0;
    %parti/s 4, 0, 2;
    %concat/vec4; draw_concat_vec4
    %store/vec4 v00000000067e2bb0_0, 0, 8;
    %jmp T_100.17;
T_100.12 ;
    %pushi/vec4 1, 0, 1;
    %store/vec4 v00000000067e2930_0, 0, 1;
    %pushi/vec4 1, 0, 1;
    %store/vec4 v00000000067e2e30_0, 0, 1;
    %pushi/vec4 0, 0, 1;
    %store/vec4 v00000000067e2d90_0, 0, 1;
    %pushi/vec4 0, 0, 1;
    %store/vec4 v00000000067e2ed0_0, 0, 1;
    %pushi/vec4 1, 0, 1;
    %store/vec4 v00000000067e2cf0_0, 0, 1;
    %pushi/vec4 0, 0, 3;
    %store/vec4 v00000000067e29d0_0, 0, 3;
    %pushi/vec4 0, 0, 7;
    %store/vec4 v00000000067e2c50_0, 0, 7;
    %load/vec4 v00000000067ee4f0_0;
    %parti/s 4, 8, 5;
    %load/vec4 v00000000067ee4f0_0;
    %parti/s 4, 0, 2;
    %concat/vec4; draw_concat_vec4
    %store/vec4 v00000000067e2a70_0, 0, 8;
    %pushi/vec4 0, 0, 2;
    %load/vec4 v00000000067ee4f0_0;
    %parti/s 2, 9, 5;
    %concat/vec4; draw_concat_vec4
    %load/vec4 v00000000067ee4f0_0;
    %parti/s 4, 0, 2;
    %concat/vec4; draw_concat_vec4
    %addi 32, 0, 8;
    %store/vec4 v00000000067e2b10_0, 0, 8;
    %pushi/vec4 0, 0, 3;
    %load/vec4 v00000000067ee4f0_0;
    %parti/s 5, 4, 4;
    %concat/vec4; draw_concat_vec4
    %store/vec4 v00000000067e2bb0_0, 0, 8;
    %jmp T_100.17;
T_100.13 ;
    %pushi/vec4 1, 0, 1;
    %store/vec4 v00000000067e2930_0, 0, 1;
    %pushi/vec4 1, 0, 1;
    %store/vec4 v00000000067e2e30_0, 0, 1;
    %pushi/vec4 0, 0, 1;
    %store/vec4 v00000000067e2d90_0, 0, 1;
    %pushi/vec4 0, 0, 1;
    %store/vec4 v00000000067e2ed0_0, 0, 1;
    %pushi/vec4 1, 0, 1;
    %store/vec4 v00000000067e2cf0_0, 0, 1;
    %pushi/vec4 0, 0, 3;
    %store/vec4 v00000000067e29d0_0, 0, 3;
    %pushi/vec4 0, 0, 7;
    %store/vec4 v00000000067e2c50_0, 0, 7;
    %load/vec4 v00000000067ee4f0_0;
    %parti/s 4, 8, 5;
    %load/vec4 v00000000067ee4f0_0;
    %parti/s 4, 0, 2;
    %concat/vec4; draw_concat_vec4
    %store/vec4 v00000000067e2a70_0, 0, 8;
    %load/vec4 v00000000067ee4f0_0;
    %parti/s 4, 8, 5;
    %load/vec4 v00000000067ee4f0_0;
    %parti/s 4, 0, 2;
    %concat/vec4; draw_concat_vec4
    %store/vec4 v00000000067e2b10_0, 0, 8;
    %pushi/vec4 1, 0, 4;
    %load/vec4 v00000000067ee4f0_0;
    %parti/s 4, 4, 4;
    %concat/vec4; draw_concat_vec4
    %store/vec4 v00000000067e2bb0_0, 0, 8;
    %jmp T_100.17;
T_100.14 ;
    %pushi/vec4 0, 0, 1;
    %store/vec4 v00000000067e2930_0, 0, 1;
    %pushi/vec4 1, 0, 1;
    %store/vec4 v00000000067e2e30_0, 0, 1;
    %pushi/vec4 0, 0, 1;
    %store/vec4 v00000000067e2d90_0, 0, 1;
    %pushi/vec4 0, 0, 1;
    %store/vec4 v00000000067e2ed0_0, 0, 1;
    %pushi/vec4 1, 0, 1;
    %store/vec4 v00000000067e2cf0_0, 0, 1;
    %pushi/vec4 2, 0, 3;
    %store/vec4 v00000000067e29d0_0, 0, 3;
    %pushi/vec4 0, 0, 7;
    %store/vec4 v00000000067e2c50_0, 0, 7;
    %pushi/vec4 0, 0, 3;
    %load/vec4 v00000000067ee4f0_0;
    %parti/s 5, 3, 3;
    %concat/vec4; draw_concat_vec4
    %addi 32, 0, 8;
    %store/vec4 v00000000067e2b10_0, 0, 8;
    %pushi/vec4 0, 0, 8;
    %store/vec4 v00000000067e2bb0_0, 0, 8;
    %load/vec4 v00000000067ee4f0_0;
    %parti/s 3, 0, 2;
    %dup/vec4;
    %pushi/vec4 0, 0, 3;
    %cmp/u;
    %jmp/1 T_100.26, 6;
    %dup/vec4;
    %pushi/vec4 1, 0, 3;
    %cmp/u;
    %jmp/1 T_100.27, 6;
    %dup/vec4;
    %pushi/vec4 2, 0, 3;
    %cmp/u;
    %jmp/1 T_100.28, 6;
    %dup/vec4;
    %pushi/vec4 3, 0, 3;
    %cmp/u;
    %jmp/1 T_100.29, 6;
    %dup/vec4;
    %pushi/vec4 4, 0, 3;
    %cmp/u;
    %jmp/1 T_100.30, 6;
    %dup/vec4;
    %pushi/vec4 5, 0, 3;
    %cmp/u;
    %jmp/1 T_100.31, 6;
    %dup/vec4;
    %pushi/vec4 6, 0, 3;
    %cmp/u;
    %jmp/1 T_100.32, 6;
    %dup/vec4;
    %pushi/vec4 7, 0, 3;
    %cmp/u;
    %jmp/1 T_100.33, 6;
    %pushi/vec4 0, 0, 8;
    %store/vec4 v00000000067e2a70_0, 0, 8;
    %jmp T_100.35;
T_100.26 ;
    %pushi/vec4 254, 0, 8;
    %store/vec4 v00000000067e2a70_0, 0, 8;
    %jmp T_100.35;
T_100.27 ;
    %pushi/vec4 253, 0, 8;
    %store/vec4 v00000000067e2a70_0, 0, 8;
    %jmp T_100.35;
T_100.28 ;
    %pushi/vec4 251, 0, 8;
    %store/vec4 v00000000067e2a70_0, 0, 8;
    %jmp T_100.35;
T_100.29 ;
    %pushi/vec4 247, 0, 8;
    %store/vec4 v00000000067e2a70_0, 0, 8;
    %jmp T_100.35;
T_100.30 ;
    %pushi/vec4 239, 0, 8;
    %store/vec4 v00000000067e2a70_0, 0, 8;
    %jmp T_100.35;
T_100.31 ;
    %pushi/vec4 223, 0, 8;
    %store/vec4 v00000000067e2a70_0, 0, 8;
    %jmp T_100.35;
T_100.32 ;
    %pushi/vec4 191, 0, 8;
    %store/vec4 v00000000067e2a70_0, 0, 8;
    %jmp T_100.35;
T_100.33 ;
    %pushi/vec4 127, 0, 8;
    %store/vec4 v00000000067e2a70_0, 0, 8;
    %jmp T_100.35;
T_100.35 ;
    %pop/vec4 1;
    %jmp T_100.17;
T_100.15 ;
    %pushi/vec4 0, 0, 1;
    %store/vec4 v00000000067e2930_0, 0, 1;
    %pushi/vec4 1, 0, 1;
    %store/vec4 v00000000067e2e30_0, 0, 1;
    %pushi/vec4 0, 0, 1;
    %store/vec4 v00000000067e2d90_0, 0, 1;
    %pushi/vec4 0, 0, 1;
    %store/vec4 v00000000067e2ed0_0, 0, 1;
    %pushi/vec4 1, 0, 1;
    %store/vec4 v00000000067e2cf0_0, 0, 1;
    %pushi/vec4 6, 0, 3;
    %store/vec4 v00000000067e29d0_0, 0, 3;
    %pushi/vec4 0, 0, 7;
    %store/vec4 v00000000067e2c50_0, 0, 7;
    %pushi/vec4 0, 0, 3;
    %load/vec4 v00000000067ee4f0_0;
    %parti/s 5, 3, 3;
    %pad/u 8;
    %addi 32, 0, 8;
    %concat/vec4; draw_concat_vec4
    %pad/u 8;
    %store/vec4 v00000000067e2b10_0, 0, 8;
    %pushi/vec4 0, 0, 8;
    %store/vec4 v00000000067e2bb0_0, 0, 8;
    %load/vec4 v00000000067ee4f0_0;
    %parti/s 3, 0, 2;
    %dup/vec4;
    %pushi/vec4 0, 0, 3;
    %cmp/u;
    %jmp/1 T_100.36, 6;
    %dup/vec4;
    %pushi/vec4 1, 0, 3;
    %cmp/u;
    %jmp/1 T_100.37, 6;
    %dup/vec4;
    %pushi/vec4 2, 0, 3;
    %cmp/u;
    %jmp/1 T_100.38, 6;
    %dup/vec4;
    %pushi/vec4 3, 0, 3;
    %cmp/u;
    %jmp/1 T_100.39, 6;
    %dup/vec4;
    %pushi/vec4 4, 0, 3;
    %cmp/u;
    %jmp/1 T_100.40, 6;
    %dup/vec4;
    %pushi/vec4 5, 0, 3;
    %cmp/u;
    %jmp/1 T_100.41, 6;
    %dup/vec4;
    %pushi/vec4 6, 0, 3;
    %cmp/u;
    %jmp/1 T_100.42, 6;
    %dup/vec4;
    %pushi/vec4 7, 0, 3;
    %cmp/u;
    %jmp/1 T_100.43, 6;
    %pushi/vec4 0, 0, 8;
    %store/vec4 v00000000067e2a70_0, 0, 8;
    %jmp T_100.45;
T_100.36 ;
    %pushi/vec4 1, 0, 8;
    %store/vec4 v00000000067e2a70_0, 0, 8;
    %jmp T_100.45;
T_100.37 ;
    %pushi/vec4 2, 0, 8;
    %store/vec4 v00000000067e2a70_0, 0, 8;
    %jmp T_100.45;
T_100.38 ;
    %pushi/vec4 4, 0, 8;
    %store/vec4 v00000000067e2a70_0, 0, 8;
    %jmp T_100.45;
T_100.39 ;
    %pushi/vec4 8, 0, 8;
    %store/vec4 v00000000067e2a70_0, 0, 8;
    %jmp T_100.45;
T_100.40 ;
    %pushi/vec4 16, 0, 8;
    %store/vec4 v00000000067e2a70_0, 0, 8;
    %jmp T_100.45;
T_100.41 ;
    %pushi/vec4 32, 0, 8;
    %store/vec4 v00000000067e2a70_0, 0, 8;
    %jmp T_100.45;
T_100.42 ;
    %pushi/vec4 64, 0, 8;
    %store/vec4 v00000000067e2a70_0, 0, 8;
    %jmp T_100.45;
T_100.43 ;
    %pushi/vec4 128, 0, 8;
    %store/vec4 v00000000067e2a70_0, 0, 8;
    %jmp T_100.45;
T_100.45 ;
    %pop/vec4 1;
    %jmp T_100.17;
T_100.17 ;
    %pop/vec4 1;
    %jmp T_100;
    .thread T_100, $push;
    .scope S_00000000067d99d0;
T_101 ;
    %wait E_000000000670ede0;
    %load/vec4 v00000000067e0d10_0;
    %flag_set/vec4 8;
    %jmp/0xz  T_101.0, 8;
    %load/vec4 v00000000067e10d0_0;
    %load/vec4 v00000000067e22f0_0;
    %pad/u 10;
    %ix/vec4 3;
    %ix/load 4, 0, 0; Constant delay
    %assign/vec4/a/d v00000000067e1030, 0, 4;
T_101.0 ;
    %pushi/vec4 0, 0, 6;
    %load/vec4 v00000000067e2570_0;
    %concat/vec4; draw_concat_vec4
    %load/vec4 v00000000067e0c70_0;
    %concat/vec4; draw_concat_vec4
    %ix/load 3, 95, 0;
    %flag_set/imm 4, 0;
    %ix/load 4, 0, 0; Constant delay
    %assign/vec4/a/d v00000000067e1030, 0, 4;
    %load/vec4 v00000000067e1d50_0;
    %ix/load 3, 41, 0;
    %flag_set/imm 4, 0;
    %ix/load 4, 0, 0; Constant delay
    %assign/vec4/a/d v00000000067e1030, 0, 4;
    %load/vec4 v00000000067e1850_0;
    %ix/load 3, 38, 0;
    %flag_set/imm 4, 0;
    %ix/load 4, 0, 0; Constant delay
    %assign/vec4/a/d v00000000067e1030, 0, 4;
    %load/vec4 v00000000067e09f0_0;
    %ix/load 3, 35, 0;
    %flag_set/imm 4, 0;
    %ix/load 4, 0, 0; Constant delay
    %assign/vec4/a/d v00000000067e1030, 0, 4;
    %jmp T_101;
    .thread T_101;
    .scope S_00000000067d99d0;
T_102 ;
    %wait E_000000000670df20;
    %load/vec4 v00000000067e1d50_0;
    %ix/load 3, 41, 0;
    %flag_set/imm 4, 0;
    %ix/load 4, 0, 0; Constant delay
    %assign/vec4/a/d v00000000067e1030, 0, 4;
    %load/vec4 v00000000067e1850_0;
    %ix/load 3, 38, 0;
    %flag_set/imm 4, 0;
    %ix/load 4, 0, 0; Constant delay
    %assign/vec4/a/d v00000000067e1030, 0, 4;
    %load/vec4 v00000000067e09f0_0;
    %ix/load 3, 35, 0;
    %flag_set/imm 4, 0;
    %ix/load 4, 0, 0; Constant delay
    %assign/vec4/a/d v00000000067e1030, 0, 4;
    %jmp T_102;
    .thread T_102, $push;
    .scope S_00000000067d9840;
T_103 ;
    %wait E_000000000670df60;
    %load/vec4 v00000000067e06d0_0;
    %dup/vec4;
    %pushi/vec4 0, 0, 3;
    %cmp/u;
    %jmp/1 T_103.0, 6;
    %dup/vec4;
    %pushi/vec4 1, 0, 3;
    %cmp/u;
    %jmp/1 T_103.1, 6;
    %dup/vec4;
    %pushi/vec4 2, 0, 3;
    %cmp/u;
    %jmp/1 T_103.2, 6;
    %dup/vec4;
    %pushi/vec4 3, 0, 3;
    %cmp/u;
    %jmp/1 T_103.3, 6;
    %dup/vec4;
    %pushi/vec4 4, 0, 3;
    %cmp/u;
    %jmp/1 T_103.4, 6;
    %dup/vec4;
    %pushi/vec4 5, 0, 3;
    %cmp/u;
    %jmp/1 T_103.5, 6;
    %dup/vec4;
    %pushi/vec4 6, 0, 3;
    %cmp/u;
    %jmp/1 T_103.6, 6;
    %pushi/vec4 0, 0, 9;
    %store/vec4 v00000000067e0950_0, 0, 9;
    %pushi/vec4 0, 0, 8;
    %store/vec4 v00000000067e0590_0, 0, 8;
    %jmp T_103.8;
T_103.0 ;
    %pushi/vec4 0, 0, 1;
    %load/vec4 v00000000067e1cb0_0;
    %concat/vec4; draw_concat_vec4
    %store/vec4 v00000000067e0950_0, 0, 9;
    %load/vec4 v00000000067e1cb0_0;
    %store/vec4 v00000000067e0590_0, 0, 8;
    %jmp T_103.8;
T_103.1 ;
    %load/vec4 v00000000067e04f0_0;
    %pad/u 9;
    %load/vec4 v00000000067e1cb0_0;
    %pad/u 9;
    %add;
    %store/vec4 v00000000067e0950_0, 0, 9;
    %load/vec4 v00000000067e0950_0;
    %parti/s 8, 0, 2;
    %store/vec4 v00000000067e0590_0, 0, 8;
    %jmp T_103.8;
T_103.2 ;
    %pushi/vec4 0, 0, 1;
    %load/vec4 v00000000067e04f0_0;
    %load/vec4 v00000000067e1cb0_0;
    %and;
    %concat/vec4; draw_concat_vec4
    %store/vec4 v00000000067e0950_0, 0, 9;
    %load/vec4 v00000000067e04f0_0;
    %load/vec4 v00000000067e1cb0_0;
    %and;
    %store/vec4 v00000000067e0590_0, 0, 8;
    %jmp T_103.8;
T_103.3 ;
    %load/vec4 v00000000067e04f0_0;
    %pad/u 9;
    %load/vec4 v00000000067e1cb0_0;
    %pad/u 9;
    %sub;
    %store/vec4 v00000000067e0950_0, 0, 9;
    %load/vec4 v00000000067e0950_0;
    %parti/s 8, 0, 2;
    %store/vec4 v00000000067e0590_0, 0, 8;
    %jmp T_103.8;
T_103.4 ;
    %pushi/vec4 0, 0, 1;
    %load/vec4 v00000000067e04f0_0;
    %load/vec4 v00000000067e1cb0_0;
    %xor;
    %concat/vec4; draw_concat_vec4
    %store/vec4 v00000000067e0950_0, 0, 9;
    %load/vec4 v00000000067e04f0_0;
    %load/vec4 v00000000067e1cb0_0;
    %xor;
    %store/vec4 v00000000067e0590_0, 0, 8;
    %jmp T_103.8;
T_103.5 ;
    %pushi/vec4 0, 0, 1;
    %load/vec4 v00000000067e04f0_0;
    %concat/vec4; draw_concat_vec4
    %store/vec4 v00000000067e0950_0, 0, 9;
    %load/vec4 v00000000067e04f0_0;
    %store/vec4 v00000000067e0590_0, 0, 8;
    %jmp T_103.8;
T_103.6 ;
    %pushi/vec4 0, 0, 1;
    %load/vec4 v00000000067e04f0_0;
    %load/vec4 v00000000067e1cb0_0;
    %or;
    %concat/vec4; draw_concat_vec4
    %store/vec4 v00000000067e0950_0, 0, 9;
    %load/vec4 v00000000067e04f0_0;
    %load/vec4 v00000000067e1cb0_0;
    %or;
    %store/vec4 v00000000067e0590_0, 0, 8;
    %jmp T_103.8;
T_103.8 ;
    %pop/vec4 1;
    %load/vec4 v00000000067e0590_0;
    %pushi/vec4 0, 0, 8;
    %cmp/e;
    %flag_get/vec4 4;
    %store/vec4 v00000000067e08b0_0, 0, 1;
    %load/vec4 v00000000067e0950_0;
    %parti/s 1, 8, 5;
    %store/vec4 v00000000067e0270_0, 0, 1;
    %jmp T_103;
    .thread T_103, $push;
    .scope S_00000000065b6250;
T_104 ;
    %pushi/vec4 1, 0, 1;
    %store/vec4 v00000000067ef490_0, 0, 1;
T_104.0 ;
    %delay 10000, 0;
    %load/vec4 v00000000067ef490_0;
    %inv;
    %store/vec4 v00000000067ef490_0, 0, 1;
    %jmp T_104.0;
T_104.1 ;
    %end;
    .thread T_104;
    .scope S_00000000065b6250;
T_105 ;
    %vpi_call 3 31 "$dumpfile", "procesador_tb.vcd" {0 0 0};
    %vpi_call 3 32 "$dumpvars", 32'sb00000000000000000000000000000000, S_00000000065b6250 {0 0 0};
    %vpi_call 3 35 "$dumpvars", 32'sb00000000000000000000000000000000, v00000000067ec970_0 {0 0 0};
    %vpi_call 3 36 "$dumpvars", 32'sb00000000000000000000000000000000, v00000000067ed050_0 {0 0 0};
    %vpi_call 3 37 "$dumpvars", 32'sb00000000000000000000000000000000, v00000000067ecfb0_0 {0 0 0};
    %vpi_call 3 38 "$dumpvars", 32'sb00000000000000000000000000000000, v00000000067ede10_0 {0 0 0};
    %vpi_call 3 39 "$dumpvars", 32'sb00000000000000000000000000000000, v00000000067ee130_0 {0 0 0};
    %vpi_call 3 40 "$dumpvars", 32'sb00000000000000000000000000000000, v00000000067ed0f0_0 {0 0 0};
    %vpi_call 3 41 "$dumpvars", 32'sb00000000000000000000000000000000, v00000000067ef030_0 {0 0 0};
    %vpi_call 3 42 "$dumpvars", 32'sb00000000000000000000000000000000, v00000000067ee810_0 {0 0 0};
    %vpi_call 3 43 "$dumpvars", 32'sb00000000000000000000000000000000, v00000000067ef3f0_0 {0 0 0};
    %vpi_call 3 44 "$dumpvars", 32'sb00000000000000000000000000000000, v00000000067ed230_0 {0 0 0};
    %vpi_call 3 45 "$dumpvars", 32'sb00000000000000000000000000000000, v00000000067ee9f0_0 {0 0 0};
    %vpi_call 3 46 "$dumpvars", 32'sb00000000000000000000000000000000, v00000000067ee770_0 {0 0 0};
    %vpi_call 3 47 "$dumpvars", 32'sb00000000000000000000000000000000, v00000000067ee950_0 {0 0 0};
    %vpi_call 3 48 "$dumpvars", 32'sb00000000000000000000000000000000, v00000000067ecab0_0 {0 0 0};
    %vpi_call 3 49 "$dumpvars", 32'sb00000000000000000000000000000000, v00000000067eea90_0 {0 0 0};
    %vpi_call 3 50 "$dumpvars", 32'sb00000000000000000000000000000000, v00000000067ecd30_0 {0 0 0};
    %vpi_call 3 53 "$dumpvars", 32'sb00000000000000000000000000000000, &A<v00000000067e1030, 16> {0 0 0};
    %vpi_call 3 54 "$dumpvars", 32'sb00000000000000000000000000000000, &A<v00000000067e1030, 17> {0 0 0};
    %vpi_call 3 55 "$dumpvars", 32'sb00000000000000000000000000000000, &A<v00000000067e1030, 18> {0 0 0};
    %vpi_call 3 56 "$dumpvars", 32'sb00000000000000000000000000000000, &A<v00000000067e1030, 95> {0 0 0};
    %pushi/vec4 0, 0, 1;
    %store/vec4 v00000000067ef530_0, 0, 1;
    %pushi/vec4 0, 0, 8;
    %store/vec4 v00000000067ef5d0_0, 0, 8;
    %pushi/vec4 0, 0, 8;
    %store/vec4 v00000000067ef210_0, 0, 8;
    %pushi/vec4 0, 0, 8;
    %store/vec4 v00000000067ef2b0_0, 0, 8;
    %delay 5000, 0;
    %pushi/vec4 1, 0, 1;
    %store/vec4 v00000000067ef530_0, 0, 1;
    %delay 40000, 0;
    %pushi/vec4 0, 0, 1;
    %store/vec4 v00000000067ef530_0, 0, 1;
    %delay 60000, 0;
    %pushi/vec4 1, 0, 8;
    %store/vec4 v00000000067ef210_0, 0, 8;
    %delay 100000, 0;
    %pushi/vec4 0, 0, 8;
    %store/vec4 v00000000067ef2b0_0, 0, 8;
    %delay 1000000, 0;
    %pushi/vec4 1, 0, 8;
    %store/vec4 v00000000067ef2b0_0, 0, 8;
    %delay 1000000, 0;
    %pushi/vec4 2, 0, 8;
    %store/vec4 v00000000067ef2b0_0, 0, 8;
    %delay 1000000, 0;
    %pushi/vec4 3, 0, 8;
    %store/vec4 v00000000067ef2b0_0, 0, 8;
    %delay 1000000, 0;
    %pushi/vec4 4, 0, 8;
    %store/vec4 v00000000067ef2b0_0, 0, 8;
    %delay 1000000, 0;
    %pushi/vec4 5, 0, 8;
    %store/vec4 v00000000067ef2b0_0, 0, 8;
    %delay 1000000, 0;
    %pushi/vec4 6, 0, 8;
    %store/vec4 v00000000067ef2b0_0, 0, 8;
    %delay 1000000, 0;
    %pushi/vec4 7, 0, 8;
    %store/vec4 v00000000067ef2b0_0, 0, 8;
    %delay 1000000, 0;
    %pushi/vec4 8, 0, 8;
    %store/vec4 v00000000067ef2b0_0, 0, 8;
    %delay 1000000, 0;
    %pushi/vec4 9, 0, 8;
    %store/vec4 v00000000067ef2b0_0, 0, 8;
    %delay 1000000, 0;
    %pushi/vec4 10, 0, 8;
    %store/vec4 v00000000067ef2b0_0, 0, 8;
    %delay 1000000, 0;
    %pushi/vec4 11, 0, 8;
    %store/vec4 v00000000067ef2b0_0, 0, 8;
    %delay 1000000, 0;
    %pushi/vec4 12, 0, 8;
    %store/vec4 v00000000067ef2b0_0, 0, 8;
    %delay 1000000, 0;
    %pushi/vec4 13, 0, 8;
    %store/vec4 v00000000067ef2b0_0, 0, 8;
    %delay 2000000, 0;
    %pushi/vec4 0, 0, 8;
    %store/vec4 v00000000067ef210_0, 0, 8;
    %delay 2000000, 0;
    %pushi/vec4 1, 0, 8;
    %store/vec4 v00000000067ef210_0, 0, 8;
    %delay 2000000, 0;
    %pushi/vec4 14, 0, 8;
    %store/vec4 v00000000067ef2b0_0, 0, 8;
    %delay 1000000, 0;
    %pushi/vec4 15, 0, 8;
    %store/vec4 v00000000067ef2b0_0, 0, 8;
    %delay 1000000, 0;
    %vpi_call 3 122 "$finish" {0 0 0};
    %end;
    .thread T_105;
    .scope S_00000000065b6250;
T_106 ;
    %wait E_000000000670ede0;
    %vpi_call 3 128 "$display", "Time=%0t | PC=%h | Instr=%h | R16=%h | R17=%h | R18=%h | Z=%b | C=%b", $time, v00000000067ec970_0, v00000000067ecfb0_0, &A<v00000000067e1030, 16>, &A<v00000000067e1030, 17>, &A<v00000000067e1030, 18>, v00000000067ee950_0, v00000000067ecab0_0 {0 0 0};
    %jmp T_106;
    .thread T_106;
# The file index is used to find the file name in the following table.
:file_names 13;
    "N/A";
    "<interactive>";
    "C:\Users\joaqu\.apio\packages\tools-oss-cad-suite\share\yosys/ice40/cells_sim.v";
    "procesador_tb.v";
    "procesador.v";
    "alu.v";
    "ram.v";
    "decoder.v";
    "instruction_register.v";
    "mux_alu.v";
    "pc_alu.v";
    "pc_procesador.v";
    "flash_memory.v";
